property,reservation_id,status,unit,unit_type,check_in,check_out,booked_on,channel,nightly_rate_net,nights,is_room_inferred,is_booked_post_checkin
Harbour Inn,HI-10734,Confirmed,201,Loft Suite,2025-07-03,2025-07-04,2025-01-20,Expedia,282.34,1,False,False
Harbour Inn,HI-10646,Confirmed,101,Harbour View King,2025-06-10,2025-06-11,2025-05-24,Booking.com,162.2,1,False,False
Harbour Inn,HI-11316,Confirmed,106,Garden Queen,2026-01-12,2026-01-15,2025-11-04,Direct,80.31,3,False,False
Harbour Inn,HI-12109,Confirmed,104,Garden Queen,2026-10-23,2026-10-25,2026-09-25,Booking.com,187.79,2,False,False
Harbour Inn,HI-10148,Confirmed,201,Loft Suite,2024-11-25,2024-11-26,2024-07-31,Airbnb,125.83,1,False,False
Harbour Inn,HI-12084,Confirmed,101,Harbour View King,2026-10-10,2026-10-13,2026-09-18,Expedia,138.1,3,False,False
Harbour Inn,HI-11894,Confirmed,101,Harbour View King,2026-08-10,2026-08-11,2026-06-02,Direct,215.91,1,False,False
Harbour Inn,HI-11408,Confirmed,106,Garden Queen,2026-03-02,2026-03-05,2026-01-27,Direct,79.7,3,False,False
Harbour Inn,HI-10684,Confirmed,102,Harbour View King,2025-06-18,2025-06-21,2025-05-30,Direct,143.92,3,False,False
Harbour Inn,HI-10588,Confirmed,106,Garden Queen,2025-05-26,2025-05-29,2025-05-24,Booking.com,119.02,3,False,False
Harbour Inn,HI-12027,Confirmed,101,Harbour View King,2026-09-22,2026-09-24,2026-09-10,Airbnb,137.8,2,False,False
Harbour Inn,HI-11361,Confirmed,101,Harbour View King,2026-02-10,2026-02-12,2026-02-06,Booking.com,78.74,2,False,False
Harbour Inn,HI-10048,Confirmed,104,Garden Queen,2024-10-17,2024-10-20,2024-08-31,Direct,170.07,3,False,False
Harbour Inn,HI-11794,Confirmed,201,Loft Suite,2026-07-15,2026-07-17,2026-06-23,Direct,228.46,2,False,False
Harbour Inn,HI-10276,Confirmed,103,Harbour View King,2025-01-26,2025-01-27,2024-11-15,Direct,109.32,1,False,False
Harbour Inn,HI-11881,Confirmed,102,Harbour View King,2026-08-07,2026-08-11,2026-07-16,Booking.com,329.53,4,False,False
Harbour Inn,HI-12039,Confirmed,202,Loft Suite,2026-09-24,2026-09-27,2026-09-12,Booking.com,232.4,3,False,False
Harbour Inn,HI-10665,Confirmed,101,Harbour View King,2025-06-14,2025-06-17,2025-01-12,Airbnb,261.34,3,False,False
Harbour Inn,HI-11620,Confirmed,201,Loft Suite,2026-05-28,2026-05-30,2026-05-12,Booking.com,205.77,2,False,False
Harbour Inn,HI-11241,Confirmed,201,Loft Suite,2025-12-11,2025-12-12,2025-12-07,Airbnb,136.83,1,False,False
Harbour Inn,HI-11108,Confirmed,104,Garden Queen,2025-10-15,2025-10-17,2025-09-29,Direct,123.76,2,False,False
Harbour Inn,HI-11952,Confirmed,101,Harbour View King,2026-08-27,2026-08-30,2026-04-25,Direct,246.67,3,False,False
Harbour Inn,HI-12114,Confirmed,202,Loft Suite,2026-10-26,2026-10-27,2026-09-16,Booking.com,164.8,1,False,False
Harbour Inn,HI-10427,Confirmed,102,Harbour View King,2025-04-07,2025-04-08,2025-04-01,Direct,140.34,1,False,False
Harbour Inn,HI-10851,Confirmed,103,Harbour View King,2025-08-02,2025-08-05,2025-06-18,Booking.com,248.84,3,False,False
Harbour Inn,HI-11843,Confirmed,103,Harbour View King,2026-07-28,2026-07-30,2026-06-24,Expedia,140.31,2,False,False
Harbour Inn,HI-10335,Confirmed,103,Harbour View King,2025-02-18,2025-02-21,2025-02-14,Booking.com,79.7,3,False,False
Harbour Inn,HI-10715,Confirmed,101,Harbour View King,2025-06-28,2025-07-02,2025-06-21,Booking.com,308.35,4,False,False
Harbour Inn,HI-11486,Confirmed,104,Garden Queen,2026-04-14,2026-04-17,2026-04-04,Booking.com,98.86,3,False,False
Harbour Inn,HI-11433,Confirmed,105,Garden Queen,2026-03-14,2026-03-16,2026-03-07,Booking.com,126.45,2,False,False
Harbour Inn,HI-11453,Confirmed,104,Garden Queen,2026-04-02,2026-04-05,2026-03-14,Direct,140.07,3,False,False
Harbour Inn,HI-10388,Confirmed,103,Harbour View King,2025-03-20,2025-03-22,2025-03-16,Booking.com,109.48,2,False,False
Harbour Inn,HI-10905,Confirmed,202,Loft Suite,2025-08-16,2025-08-18,2025-06-06,Booking.com,366.14,2,False,False
Harbour Inn,HI-10901,Confirmed,201,Loft Suite,2025-08-15,2025-08-17,2025-08-07,Airbnb,397.34,2,False,False
Harbour Inn,HI-11448,Confirmed,104,Garden Queen,2026-03-31,2026-04-02,2026-04-07,Booking.com,81.34,2,False,True
Harbour Inn,HI-10350,Confirmed,202,Loft Suite,2025-02-27,2025-03-04,2025-02-14,Direct,161.26,5,False,False
Harbour Inn,HI-10332,Confirmed,104,Garden Queen,2025-02-16,2025-02-17,2024-08-29,Booking.com,72.71,1,False,False
Harbour Inn,HI-10769,Confirmed,202,Loft Suite,2025-07-11,2025-07-12,2025-05-18,Direct,450.15,1,False,False
Harbour Inn,HI-10809,Confirmed,101,Harbour View King,2025-07-22,2025-07-25,2025-06-14,Expedia,194.97,3,False,False
Harbour Inn,HI-10029,Confirmed,103,Harbour View King,2024-10-09,2024-10-11,2024-09-02,Booking.com,134.01,2,False,False
Harbour Inn,HI-10248,Confirmed,104,Garden Queen,2025-01-12,2025-01-13,2025-01-10,Booking.com,68.95,1,False,False
Harbour Inn,HI-10828,Confirmed,103,Harbour View King,2025-07-27,2025-07-30,2025-04-03,Booking.com,199.74,3,False,False
Harbour Inn,HI-10776,Confirmed,103,Harbour View King,2025-07-13,2025-07-14,2025-02-15,Airbnb,212.1,1,False,False
Harbour Inn,HI-11684,Confirmed,105,Garden Queen,2026-06-15,2026-06-17,2026-05-28,Airbnb,158.7,2,False,False
Harbour Inn,HI-11685,Confirmed,106,Garden Queen,2026-06-15,2026-06-17,2026-04-12,Direct,178.89,2,False,False
Harbour Inn,HI-12053,Confirmed,102,Harbour View King,2026-09-30,2026-10-03,2026-08-31,Booking.com,127.92,3,False,False
Harbour Inn,HI-11455,Confirmed,202,Loft Suite,2026-04-03,2026-04-05,2026-03-23,Direct,324.29,2,False,False
Harbour Inn,HI-11152,Confirmed,104,Garden Queen,2025-10-31,2025-11-03,2025-09-24,Airbnb,171.99,3,False,False
Harbour Inn,HI-12106,Confirmed,201,Loft Suite,2026-10-22,2026-10-25,2026-09-23,Direct,211.31,3,False,False
Harbour Inn,HI-11122,Confirmed,101,Harbour View King,2025-10-20,2025-10-23,2025-10-12,Direct,142.57,3,False,False
Harbour Inn,HI-10228,Confirmed,102,Harbour View King,2025-01-01,2025-01-02,2024-12-26,Booking.com,111.95,1,False,False
Harbour Inn,HI-11175,Confirmed,201,Loft Suite,2025-11-09,2025-11-11,2025-10-28,Airbnb,133.0,2,False,False
Harbour Inn,HI-10444,Confirmed,201,Loft Suite,2025-04-11,2025-04-12,2025-04-08,Booking.com,224.35,1,False,False
Harbour Inn,HI-11371,Confirmed,104,Garden Queen,2026-02-14,2026-02-15,2026-02-12,Booking.com,97.03,1,False,False
Harbour Inn,HI-11797,Confirmed,102,Harbour View King,2026-07-16,2026-07-17,2026-06-17,Booking.com,231.24,1,False,False
Harbour Inn,HI-11605,Cancelled,101,Harbour View King,2026-05-24,2026-05-26,2026-03-12,Direct,137.05,2,False,False
Harbour Inn,HI-11736,Confirmed,105,Garden Queen,2026-06-29,2026-07-02,2026-06-23,Airbnb,190.83,3,False,False
Harbour Inn,HI-11166,Confirmed,202,Loft Suite,2025-11-06,2025-11-09,2025-11-05,Direct,144.06,3,False,False
Harbour Inn,HI-10326,Confirmed,201,Loft Suite,2025-02-13,2025-02-15,2025-02-11,Airbnb,140.79,2,False,False
Harbour Inn,HI-10342,Confirmed,201,Loft Suite,2025-02-20,2025-02-21,2025-02-15,Expedia,160.7,1,False,False
Harbour Inn,HI-11381,Confirmed,103,Harbour View King,2026-02-18,2026-02-20,2026-02-15,Booking.com,99.68,2,False,False
Harbour Inn,HI-10868,Confirmed,104,Garden Queen,2025-08-06,2025-08-07,2025-03-19,Expedia,153.35,1,False,False
Harbour Inn,HI-10152,Confirmed,104,Garden Queen,2024-11-27,2024-11-29,2024-11-21,Expedia,97.37,2,False,False
Harbour Inn,HI-11545,Confirmed,105,Garden Queen,2026-05-05,2026-05-07,2026-04-09,Airbnb,102.19,2,False,False
Harbour Inn,HI-11460,Cancelled,101,Harbour View King,2026-04-06,2026-04-08,2026-03-08,Airbnb,117.89,2,False,False
Harbour Inn,HI-11825,Confirmed,106,Garden Queen,2026-07-23,2026-07-25,2026-07-13,Airbnb,209.84,2,False,False
Harbour Inn,HI-11653,Confirmed,106,Garden Queen,2026-06-06,2026-06-07,2026-05-01,Booking.com,288.51,1,False,False
Harbour Inn,HI-10090,Confirmed,101,Harbour View King,2024-10-29,2024-10-30,2024-10-13,Direct,130.54,1,False,False
Harbour Inn,HI-11415,Confirmed,102,Harbour View King,2026-03-06,2026-03-08,2026-02-27,Direct,150.46,2,False,False
Harbour Inn,HI-11170,Confirmed,101,Harbour View King,2025-11-08,2025-11-10,2025-11-05,Booking.com,121.73,2,False,False
Harbour Inn,HI-10113,Confirmed,102,Harbour View King,2024-11-12,2024-11-15,2024-11-08,Booking.com,81.94,3,False,False
Harbour Inn,HI-11456,Confirmed,103,Harbour View King,2026-04-04,2026-04-06,2026-03-28,Booking.com,174.19,2,False,False
Harbour Inn,HI-11240,Cancelled,103,Harbour View King,2025-12-11,2025-12-12,2025-09-24,Direct,137.06,1,False,False
Harbour Inn,HI-10601,Confirmed,103,Harbour View King,2025-05-30,2025-06-01,2025-05-04,Airbnb,232.43,2,False,False
Harbour Inn,HI-10076,Confirmed,105,Garden Queen,2024-10-25,2024-10-29,2024-10-11,Booking.com,203.58,4,False,False
Harbour Inn,HI-11174,Confirmed,106,Garden Queen,2025-11-09,2025-11-10,2025-10-17,Airbnb,86.42,1,False,False
Harbour Inn,HI-11477,Confirmed,106,Garden Queen,2026-04-11,2026-04-14,2025-10-17,Direct,170.91,3,False,False
Harbour Inn,HI-10098,Confirmed,201,Loft Suite,2024-11-01,2024-11-03,2024-10-26,Expedia,219.77,2,False,False
Harbour Inn,HI-11466,Confirmed,104,Garden Queen,2026-04-09,2026-04-11,2026-03-30,Airbnb,149.24,2,False,False
Harbour Inn,HI-10997,Confirmed,102,Harbour View King,2025-09-12,2025-09-14,2025-09-06,Direct,189.97,2,False,False
Harbour Inn,HI-11267,Confirmed,106,Garden Queen,2025-12-21,2025-12-23,2025-12-18,Airbnb,73.66,2,False,False
Harbour Inn,HI-10987,Confirmed,202,Loft Suite,2025-09-08,2025-09-11,2025-09-05,Booking.com,153.02,3,False,False
Harbour Inn,HI-10398,Confirmed,201,Loft Suite,2025-03-24,2025-03-25,2024-10-30,Direct,109.13,1,False,False
Harbour Inn,HI-11366,Confirmed,101,Harbour View King,2026-02-12,2026-02-14,2026-02-07,Booking.com,126.59,2,False,False
Harbour Inn,HI-11059,Confirmed,106,Garden Queen,2025-09-29,2025-09-30,2025-09-17,Direct,112.39,1,False,False
Harbour Inn,HI-10280,Confirmed,201,Loft Suite,2025-01-27,2025-01-30,2025-01-20,Direct,139.38,3,False,False
Harbour Inn,HI-10105,Confirmed,202,Loft Suite,2024-11-03,2024-11-04,2024-10-21,Airbnb,135.44,1,False,False
Harbour Inn,HI-10134,Confirmed,103,Harbour View King,2024-11-21,2024-11-25,2024-11-12,Booking.com,119.2,4,False,False
Harbour Inn,HI-10362,Confirmed,103,Harbour View King,2025-03-05,2025-03-07,2024-11-23,Airbnb,100.45,2,False,False
Harbour Inn,HI-10168,Confirmed,101,Harbour View King,2024-12-06,2024-12-10,2024-12-06,Booking.com,145.73,4,False,False
Harbour Inn,HI-11702,Confirmed,202,Loft Suite,2026-06-19,2026-06-20,2026-05-26,Booking.com,375.01,1,False,False
Harbour Inn,HI-11670,Confirmed,101,Harbour View King,2026-06-12,2026-06-14,2026-03-31,Direct,322.77,2,False,False
Harbour Inn,HI-10242,Confirmed,202,Loft Suite,2025-01-08,2025-01-09,2025-01-05,Booking.com,101.62,1,False,False
Harbour Inn,HI-10406,Confirmed,201,Loft Suite,2025-03-29,2025-04-01,2025-03-24,Booking.com,196.08,3,False,False
Harbour Inn,HI-11310,Confirmed,101,Harbour View King,2026-01-08,2026-01-10,2025-12-31,Booking.com,105.18,2,False,False
Harbour Inn,HI-11679,Confirmed,202,Loft Suite,2026-06-13,2026-06-15,2026-03-03,Airbnb,413.49,2,False,False
Harbour Inn,HI-11696,Confirmed,104,Garden Queen,2026-06-18,2026-06-20,2026-06-16,Airbnb,212.8,2,False,False
Harbour Inn,HI-11668,Confirmed,104,Garden Queen,2026-06-11,2026-06-14,2026-05-25,Expedia,174.18,3,False,False
Harbour Inn,HI-12013,Confirmed,201,Loft Suite,2026-09-15,2026-09-16,2026-09-14,Airbnb,165.87,1,False,False
Harbour Inn,HI-11764,Confirmed,202,Loft Suite,2026-07-07,2026-07-10,2026-06-21,Booking.com,224.82,3,False,False
Harbour Inn,HI-10363,Confirmed,105,Garden Queen,2025-03-05,2025-03-06,2025-02-25,Airbnb,94.87,1,False,False
Harbour Inn,HI-10823,Confirmed,102,Harbour View King,2025-07-25,2025-07-28,2025-07-23,Expedia,302.59,3,False,False
Harbour Inn,HI-11814,Confirmed,102,Harbour View King,2026-07-20,2026-07-22,2026-06-12,Airbnb,148.09,2,False,False
Harbour Inn,HI-11392,Confirmed,201,Loft Suite,2026-02-23,2026-02-26,2025-12-05,Direct,127.31,3,False,False
Harbour Inn,HI-12031,Confirmed,102,Harbour View King,2026-09-23,2026-09-26,2026-09-13,Booking.com,133.22,3,False,False
Harbour Inn,HI-11769,Confirmed,102,Harbour View King,2026-07-09,2026-07-12,2026-07-05,Direct,220.75,3,False,False
Harbour Inn,HI-11209,Confirmed,202,Loft Suite,2025-11-24,2025-11-27,2025-11-08,Booking.com,132.16,3,False,False
Harbour Inn,HI-11072,Cancelled,104,Garden Queen,2025-10-03,2025-10-05,2025-09-15,Booking.com,159.29,2,False,False
Harbour Inn,HI-10517,Confirmed,105,Garden Queen,2025-05-04,2025-05-06,2025-01-18,Booking.com,112.9,2,False,False
Harbour Inn,HI-10024,Confirmed,104,Garden Queen,2024-10-07,2024-10-08,2024-09-25,Booking.com,114.5,1,False,False
Harbour Inn,HI-11512,Confirmed,105,Garden Queen,2026-04-23,2026-04-26,2025-11-18,Airbnb,128.54,3,False,False
Harbour Inn,HI-11203,Confirmed,202,Loft Suite,2025-11-21,2025-11-24,2025-11-16,Direct,203.61,3,False,False
Harbour Inn,HI-12104,Confirmed,106,Garden Queen,2026-10-21,2026-10-23,2026-10-01,Expedia,107.69,2,False,False
Harbour Inn,HI-11721,Confirmed,201,Loft Suite,2026-06-25,2026-06-28,2026-06-04,Booking.com,283.11,3,False,False
Harbour Inn,HI-12022,Confirmed,103,Harbour View King,2026-09-19,2026-09-22,2026-04-04,Direct,207.91,3,False,False
Harbour Inn,HI-10650,Confirmed,106,Garden Queen,2025-06-10,2025-06-11,2025-02-15,Airbnb,172.33,1,False,False
Harbour Inn,HI-11098,Confirmed,202,Loft Suite,2025-10-12,2025-10-14,2025-10-08,Booking.com,142.07,2,False,False
Harbour Inn,HI-10567,Confirmed,105,Garden Queen,2025-05-21,2025-05-23,2025-04-18,Expedia,103.77,2,False,False
Harbour Inn,HI-11722,Confirmed,202,Loft Suite,2026-06-25,2026-06-26,2026-03-28,Booking.com,326.89,1,False,False
Harbour Inn,HI-11954,Confirmed,104,Garden Queen,2026-08-27,2026-08-29,2026-08-20,Direct,208.05,2,False,False
Harbour Inn,HI-10450,Confirmed,101,Harbour View King,2025-04-14,2025-04-16,2025-04-07,Direct,129.21,2,False,False
Harbour Inn,HI-10262,Confirmed,101,Harbour View King,2025-01-19,2025-01-21,2025-01-12,Booking.com,97.07,2,False,False
Harbour Inn,HI-11592,Confirmed,106,Garden Queen,2026-05-20,2026-05-22,2026-05-13,Airbnb,113.1,2,False,False
Harbour Inn,HI-11588,Confirmed,105,Garden Queen,2026-05-19,2026-05-21,2026-05-07,Direct,120.11,2,False,False
Harbour Inn,HI-11759,Confirmed,201,Loft Suite,2026-07-06,2026-07-08,2026-01-19,Airbnb,237.69,2,False,False
Harbour Inn,HI-10957,Confirmed,103,Harbour View King,2025-08-30,2025-09-01,2025-06-11,Direct,317.58,2,False,False
Harbour Inn,HI-11389,Confirmed,105,Garden Queen,2026-02-21,2026-02-23,2025-11-16,Direct,156.64,2,False,False
Harbour Inn,HI-12129,Confirmed,101,Harbour View King,2026-12-11,2026-12-14,2026-09-24,Airbnb,155.52,3,False,False
Harbour Inn,HI-11570,Confirmed,102,Harbour View King,2026-05-14,2026-05-15,2025-11-19,Direct,187.78,1,False,False
Harbour Inn,HI-10175,Confirmed,102,Harbour View King,2024-12-09,2024-12-11,2024-11-08,Booking.com,88.41,2,False,False
Harbour Inn,HI-10784,Confirmed,105,Garden Queen,2025-07-15,2025-07-17,2025-07-10,Airbnb,152.26,2,False,False
Harbour Inn,HI-10721,Confirmed,201,Loft Suite,2025-06-29,2025-07-01,2025-06-13,Booking.com,229.54,2,False,False
Harbour Inn,HI-10096,Confirmed,103,Harbour View King,2024-11-01,2024-11-02,2024-10-29,Direct,133.84,1,False,False
Harbour Inn,HI-11424,Confirmed,105,Garden Queen,2026-03-10,2026-03-12,2026-03-01,Booking.com,85.83,2,False,False
Harbour Inn,HI-10449,Confirmed,202,Loft Suite,2025-04-13,2025-04-15,2025-03-29,Expedia,166.74,2,False,False
Harbour Inn,HI-10136,Confirmed,101,Harbour View King,2024-11-22,2024-11-23,2024-11-22,Expedia,114.0,1,False,False
Harbour Inn,HI-11523,Confirmed,102,Harbour View King,2026-04-27,2026-04-29,2026-04-21,Booking.com,143.71,2,False,False
Harbour Inn,HI-10639,Confirmed,105,Garden Queen,2025-06-07,2025-06-09,2024-12-30,Direct,293.29,2,False,False
Harbour Inn,HI-11024,Confirmed,106,Garden Queen,2025-09-19,2025-09-23,2025-09-16,Direct,171.82,4,False,False
Harbour Inn,HI-11167,Confirmed,104,Garden Queen,2025-11-07,2025-11-09,2025-10-27,Airbnb,140.24,2,False,False
Harbour Inn,HI-10179,Confirmed,102,Harbour View King,2024-12-11,2024-12-14,2024-12-06,Direct,88.9,3,False,False
Harbour Inn,HI-10357,Confirmed,101,Harbour View King,2025-03-02,2025-03-03,2025-02-27,Airbnb,77.36,1,False,False
Harbour Inn,HI-11575,Confirmed,104,Garden Queen,2026-05-15,2026-05-17,2026-05-11,Direct,197.62,2,False,False
Harbour Inn,HI-11143,Confirmed,101,Harbour View King,2025-10-28,2025-10-30,2025-10-12,Direct,121.03,2,False,False
Harbour Inn,HI-11552,Confirmed,106,Garden Queen,2026-05-08,2026-05-11,2026-05-07,Airbnb,196.29,3,False,False
Harbour Inn,HI-11593,Confirmed,202,Loft Suite,2026-05-20,2026-05-22,2026-02-25,Airbnb,173.02,2,False,False
Harbour Inn,HI-10570,Confirmed,106,Garden Queen,2025-05-22,2025-05-26,2025-05-10,Booking.com,152.47,4,False,False
Harbour Inn,HI-11582,Confirmed,106,Garden Queen,2026-05-17,2026-05-19,2026-05-02,Expedia,105.54,2,False,False
Harbour Inn,HI-11249,Confirmed,104,Garden Queen,2025-12-15,2025-12-18,2025-12-08,Direct,79.4,3,False,False
Harbour Inn,HI-11254,Confirmed,106,Garden Queen,2025-12-17,2025-12-21,2025-08-27,Booking.com,104.75,4,False,False
Harbour Inn,HI-10791,Confirmed,102,Harbour View King,2025-07-17,2025-07-19,2025-06-02,Expedia,245.43,2,False,False
Harbour Inn,HI-10516,Confirmed,103,Harbour View King,2025-05-04,2025-05-05,2025-05-02,Expedia,151.47,1,False,False
Harbour Inn,HI-10188,Confirmed,103,Harbour View King,2024-12-14,2024-12-16,2024-12-02,Expedia,143.7,2,False,False
Harbour Inn,HI-11137,Confirmed,103,Harbour View King,2025-10-26,2025-10-28,2025-10-13,Booking.com,158.39,2,False,False
Harbour Inn,HI-10265,Confirmed,101,Harbour View King,2025-01-21,2025-01-24,2024-08-02,Direct,90.94,3,False,False
Harbour Inn,HI-11301,Confirmed,101,Harbour View King,2026-01-03,2026-01-05,2025-12-28,Booking.com,155.91,2,False,False
Harbour Inn,HI-10154,Confirmed,101,Harbour View King,2024-11-29,2024-12-02,2024-08-24,Direct,129.04,3,False,False
Harbour Inn,HI-10056,Confirmed,202,Loft Suite,2024-10-19,2024-10-20,2024-10-18,Direct,232.05,1,False,False
Harbour Inn,HI-11990,Confirmed,102,Harbour View King,2026-09-06,2026-09-08,2026-08-19,Booking.com,162.92,2,False,False
Harbour Inn,HI-10155,Confirmed,102,Harbour View King,2024-11-29,2024-11-30,2024-11-24,Booking.com,170.21,1,False,False
Harbour Inn,HI-11682,Confirmed,101,Harbour View King,2026-06-15,2026-06-18,2026-05-27,Expedia,143.43,3,False,False
Harbour Inn,HI-12005,Confirmed,201,Loft Suite,2026-09-11,2026-09-13,2026-08-23,Booking.com,249.54,2,False,False
Harbour Inn,HI-12090,Confirmed,101,Harbour View King,2026-10-13,2026-10-16,2026-09-27,Airbnb,134.52,3,False,False
Harbour Inn,HI-11497,Confirmed,202,Loft Suite,2026-04-17,2026-04-19,2026-04-15,Booking.com,313.36,2,False,False
Harbour Inn,HI-11218,Confirmed,104,Garden Queen,2025-11-29,2025-11-30,2025-11-25,Direct,109.68,1,False,False
Harbour Inn,HI-12059,Confirmed,103,Harbour View King,2026-10-01,2026-10-02,2026-09-27,Airbnb,195.1,1,False,False
Harbour Inn,HI-10968,Confirmed,103,Harbour View King,2025-09-01,2025-09-06,2025-07-31,Booking.com,143.28,5,False,False
Harbour Inn,HI-11156,Confirmed,101,Harbour View King,2025-11-01,2025-11-02,2025-10-26,Direct,181.23,1,False,False
Harbour Inn,HI-10044,Confirmed,101,Harbour View King,2024-10-16,2024-10-19,2024-06-05,Expedia,130.34,3,False,False
Harbour Inn,HI-11008,Confirmed,103,Harbour View King,2025-09-14,2025-09-16,2025-08-31,Booking.com,154.59,2,False,False
Harbour Inn,HI-10479,Confirmed,101,Harbour View King,2025-04-23,2025-04-25,2025-04-09,Booking.com,160.87,2,False,False
Harbour Inn,HI-10587,Confirmed,105,Garden Queen,2025-05-26,2025-05-27,2025-05-01,Direct,121.04,1,False,False
Harbour Inn,HI-12082,Confirmed,105,Garden Queen,2026-10-09,2026-10-14,2026-10-01,Booking.com,182.42,5,False,False
Harbour Inn,HI-11411,Confirmed,103,Harbour View King,2026-03-04,2026-03-06,2026-03-02,Airbnb,80.98,2,False,False
Harbour Inn,HI-10462,Confirmed,106,Garden Queen,2025-04-17,2025-04-20,2025-03-27,Airbnb,162.91,3,False,False
Harbour Inn,HI-11082,Confirmed,102,Harbour View King,2025-10-07,2025-10-08,2025-09-27,Booking.com,143.92,1,False,False
Harbour Inn,HI-11557,Confirmed,202,Loft Suite,2026-05-09,2026-05-10,2026-05-03,Expedia,239.07,1,False,False
Harbour Inn,HI-11923,Cancelled,201,Loft Suite,2026-08-17,2026-08-18,2026-07-23,Expedia,240.59,1,False,False
Harbour Inn,HI-11386,Cancelled,104,Garden Queen,2026-02-20,2026-02-23,2026-01-27,Airbnb,149.09,3,False,False
Harbour Inn,HI-10433,Confirmed,105,Garden Queen,2025-04-08,2025-04-10,2025-03-26,Direct,109.68,2,False,False
Harbour Inn,HI-10584,Confirmed,102,Harbour View King,2025-05-26,2025-05-28,2025-01-17,Airbnb,137.15,2,False,False
Harbour Inn,HI-11744,Confirmed,106,Garden Queen,2026-07-01,2026-07-04,2026-06-10,Booking.com,180.45,3,False,False
Harbour Inn,HI-10940,Confirmed,104,Garden Queen,2025-08-24,2025-08-26,2025-06-29,Expedia,164.21,2,False,False
Harbour Inn,HI-11334,Confirmed,101,Harbour View King,2026-01-24,2026-01-26,2025-10-12,Booking.com,155.67,2,False,False
Harbour Inn,HI-11540,Confirmed,104,Garden Queen,2026-05-03,2026-05-06,2026-04-29,Direct,120.11,3,False,False
Harbour Inn,HI-10533,Confirmed,101,Harbour View King,2025-05-11,2025-05-14,2025-04-11,Direct,151.57,3,False,False
Harbour Inn,HI-10235,Confirmed,105,Garden Queen,2025-01-04,2025-01-07,2024-10-04,Airbnb,133.27,3,False,False
Harbour Inn,HI-10979,Confirmed,105,Garden Queen,2025-09-04,2025-09-07,2025-07-04,Booking.com,145.7,3,False,False
Harbour Inn,HI-11534,Confirmed,106,Garden Queen,2026-05-01,2026-05-03,2026-03-17,Airbnb,204.42,2,False,False
Harbour Inn,HI-11537,Confirmed,102,Harbour View King,2026-05-02,2026-05-05,2026-04-22,Direct,230.65,3,False,False
Harbour Inn,HI-11974,Cancelled,104,Garden Queen,2026-09-01,2026-09-04,2026-06-08,Booking.com,116.52,3,False,False
Harbour Inn,HI-11027,Confirmed,103,Harbour View King,2025-09-20,2025-09-21,2025-09-23,Booking.com,211.78,1,False,True
Harbour Inn,HI-10309,Confirmed,201,Loft Suite,2025-02-08,2025-02-09,2025-02-05,Direct,137.29,1,False,False
Harbour Inn,HI-10023,Confirmed,202,Loft Suite,2024-10-06,2024-10-07,2024-09-26,Airbnb,163.42,1,False,False
Harbour Inn,HI-10589,Confirmed,201,Loft Suite,2025-05-26,2025-05-31,2025-05-13,Booking.com,174.02,5,False,False
Harbour Inn,HI-11808,Cancelled,102,Harbour View King,2026-07-19,2026-07-21,2026-02-20,Airbnb,206.75,2,False,False
Harbour Inn,HI-11317,Confirmed,105,Garden Queen,2026-01-13,2026-01-15,2025-07-18,Booking.com,83.33,2,False,False
Harbour Inn,HI-11929,Confirmed,102,Harbour View King,2026-08-20,2026-08-21,2026-08-05,Direct,264.28,1,False,False
Harbour Inn,HI-11854,Confirmed,101,Harbour View King,2026-07-31,2026-08-03,2026-04-12,Booking.com,326.41,3,False,False
Harbour Inn,HI-10494,Confirmed,101,Harbour View King,2025-04-28,2025-04-30,2025-04-24,Booking.com,134.2,2,False,False
Harbour Inn,HI-10042,Confirmed,105,Garden Queen,2024-10-15,2024-10-18,2024-10-14,Direct,113.29,3,False,False
Harbour Inn,HI-10603,Confirmed,201,Loft Suite,2025-05-31,2025-06-03,2025-04-29,Booking.com,289.78,3,False,False
Harbour Inn,HI-11686,Confirmed,102,Harbour View King,2026-06-16,2026-06-20,2026-05-12,Expedia,132.18,4,False,False
Harbour Inn,HI-11039,Confirmed,102,Harbour View King,2025-09-23,2025-09-25,2025-09-20,Booking.com,151.24,2,False,False
Harbour Inn,HI-12065,Confirmed,104,Garden Queen,2026-10-03,2026-10-05,2026-09-26,Booking.com,156.98,2,False,False
Harbour Inn,HI-10531,Confirmed,104,Garden Queen,2025-05-10,2025-05-12,2025-05-01,Booking.com,170.24,2,False,False
Harbour Inn,HI-10554,Confirmed,202,Loft Suite,2025-05-16,2025-05-17,2025-05-02,Airbnb,245.11,1,False,False
Harbour Inn,HI-10230,Confirmed,101,Harbour View King,2025-01-03,2025-01-05,2024-08-09,Booking.com,170.87,2,False,False
Harbour Inn,HI-10539,Confirmed,105,Garden Queen,2025-05-13,2025-05-16,2025-04-27,Booking.com,123.03,3,False,False
Harbour Inn,HI-10733,Confirmed,105,Garden Queen,2025-07-03,2025-07-05,2025-04-18,Airbnb,218.14,2,False,False
Harbour Inn,HI-11447,Confirmed,103,Harbour View King,2026-03-31,2026-04-02,2026-03-13,Booking.com,107.92,2,False,False
Harbour Inn,HI-10202,Confirmed,104,Garden Queen,2024-12-20,2024-12-22,2024-12-14,Booking.com,158.73,2,False,False
Harbour Inn,HI-10833,Confirmed,102,Harbour View King,2025-07-29,2025-07-31,2025-06-29,Booking.com,219.08,2,False,False
Harbour Inn,HI-10692,Confirmed,202,Loft Suite,2025-06-19,2025-06-21,2025-05-20,Airbnb,331.87,2,False,False
Harbour Inn,HI-10300,Confirmed,105,Garden Queen,2025-02-05,2025-02-08,2025-02-03,Direct,71.59,3,False,False
Harbour Inn,HI-12011,Confirmed,102,Harbour View King,2026-09-15,2026-09-17,2026-09-08,Direct,120.04,2,False,False
Harbour Inn,HI-10291,Confirmed,101,Harbour View King,2025-02-01,2025-02-05,2025-01-29,Booking.com,120.29,4,False,False
Harbour Inn,HI-11916,Cancelled,104,Garden Queen,2026-08-16,2026-08-18,2026-08-05,Airbnb,186.18,2,False,False
Harbour Inn,HI-10710,Confirmed,102,Harbour View King,2025-06-26,2025-06-29,2025-05-03,Airbnb,203.2,3,False,False
Harbour Inn,HI-11179,Confirmed,102,Harbour View King,2025-11-11,2025-11-13,2025-08-13,Booking.com,87.29,2,False,False
Harbour Inn,HI-11908,Confirmed,106,Garden Queen,2026-08-14,2026-08-16,2026-07-25,Airbnb,226.6,2,False,False
Harbour Inn,HI-10841,Confirmed,104,Garden Queen,2025-07-31,2025-08-02,2025-05-13,Expedia,189.94,2,False,False
Harbour Inn,HI-10010,Confirmed,202,Loft Suite,2024-10-03,2024-10-04,2024-05-07,Airbnb,207.41,1,False,False
Harbour Inn,HI-10204,Cancelled,202,Loft Suite,2024-12-20,2024-12-22,2024-12-17,Direct,174.2,2,False,False
Harbour Inn,HI-11101,Confirmed,106,Garden Queen,2025-10-13,2025-10-15,2025-10-10,Direct,129.32,2,False,False
Harbour Inn,HI-11194,Confirmed,202,Loft Suite,2025-11-17,2025-11-18,2025-11-07,Booking.com,125.69,1,False,False
Harbour Inn,HI-10287,Confirmed,201,Loft Suite,2025-01-30,2025-02-01,2025-01-21,Expedia,156.64,2,False,False
Harbour Inn,HI-10405,Confirmed,106,Garden Queen,2025-03-29,2025-04-01,2025-03-14,Direct,128.18,3,False,False
Harbour Inn,HI-11469,Confirmed,101,Harbour View King,2026-04-10,2026-04-12,2026-03-09,Airbnb,230.74,2,False,False
Harbour Inn,HI-10620,Confirmed,201,Loft Suite,2025-06-03,2025-06-05,2025-05-16,Airbnb,203.02,2,False,False
Harbour Inn,HI-11066,Confirmed,201,Loft Suite,2025-10-01,2025-10-03,2025-09-17,Direct,171.74,2,False,False
Harbour Inn,HI-10337,Confirmed,105,Garden Queen,2025-02-19,2025-02-22,2024-10-25,Booking.com,89.44,3,True,False
Harbour Inn,HI-10606,Confirmed,103,Harbour View King,2025-06-01,2025-06-03,2025-05-23,Direct,231.99,2,False,False
Harbour Inn,HI-11493,Confirmed,103,Harbour View King,2026-04-16,2026-04-17,2026-04-12,Booking.com,162.73,1,False,False
Harbour Inn,HI-11105,Confirmed,105,Garden Queen,2025-10-14,2025-10-15,2025-05-16,Direct,111.64,1,False,False
Harbour Inn,HI-10958,Confirmed,104,Garden Queen,2025-08-30,2025-08-31,2025-07-24,Direct,246.63,1,False,False
Harbour Inn,HI-10302,Confirmed,103,Harbour View King,2025-02-07,2025-02-09,2024-11-21,Direct,163.73,2,False,False
Harbour Inn,HI-11071,Confirmed,102,Harbour View King,2025-10-03,2025-10-06,2025-09-25,Booking.com,219.43,3,False,False
Harbour Inn,HI-11205,Confirmed,201,Loft Suite,2025-11-22,2025-11-25,2025-11-17,Direct,160.49,3,False,False
Harbour Inn,HI-10668,Confirmed,106,Garden Queen,2025-06-14,2025-06-17,2025-05-30,Direct,285.27,3,False,False
Harbour Inn,HI-11558,Confirmed,102,Harbour View King,2026-05-10,2026-05-12,2026-04-24,Direct,143.42,2,False,False
Harbour Inn,HI-10576,Confirmed,103,Harbour View King,2025-05-24,2025-05-29,2025-05-19,Direct,222.09,5,False,False
Harbour Inn,HI-11190,Confirmed,104,Garden Queen,2025-11-16,2025-11-17,2025-10-15,Booking.com,98.54,1,False,False
Harbour Inn,HI-11726,Confirmed,101,Harbour View King,2026-06-27,2026-06-30,2026-04-18,Expedia,247.77,3,False,False
Harbour Inn,HI-10310,Confirmed,101,Harbour View King,2025-02-09,2025-02-10,2025-02-07,Booking.com,77.95,1,False,False
Harbour Inn,HI-11711,Confirmed,202,Loft Suite,2026-06-22,2026-06-25,2026-05-19,Airbnb,232.6,3,False,False
Harbour Inn,HI-11979,Confirmed,106,Garden Queen,2026-09-02,2026-09-04,2026-08-28,Booking.com,101.26,2,False,False
Harbour Inn,HI-11863,Confirmed,104,Garden Queen,2026-08-02,2026-08-04,2026-07-18,Booking.com,170.47,2,False,False
Harbour Inn,HI-11728,Confirmed,104,Garden Queen,2026-06-27,2026-06-30,2026-06-16,Booking.com,252.57,3,False,False
Harbour Inn,HI-10651,Confirmed,201,Loft Suite,2025-06-10,2025-06-12,2025-02-05,Airbnb,227.46,2,False,False
Harbour Inn,HI-10971,Confirmed,104,Garden Queen,2025-09-02,2025-09-05,2025-08-05,Direct,117.87,3,False,False
Harbour Inn,HI-10301,Confirmed,106,Garden Queen,2025-02-06,2025-02-09,2025-02-01,Direct,126.05,3,False,False
Harbour Inn,HI-11718,Confirmed,105,Garden Queen,2026-06-24,2026-06-26,2026-06-23,Booking.com,172.91,2,False,False
Harbour Inn,HI-11280,Confirmed,101,Harbour View King,2025-12-27,2025-12-30,2025-12-26,Booking.com,145.42,3,False,False
Harbour Inn,HI-10453,Confirmed,106,Garden Queen,2025-04-14,2025-04-17,2025-04-10,Booking.com,115.78,3,False,False
Harbour Inn,HI-11060,Confirmed,202,Loft Suite,2025-09-29,2025-10-02,2025-09-19,Booking.com,174.43,3,False,False
Harbour Inn,HI-11467,Confirmed,105,Garden Queen,2026-04-09,2026-04-10,2026-04-03,Direct,144.08,1,False,False
Harbour Inn,HI-10916,Confirmed,106,Garden Queen,2025-08-18,2025-08-23,2025-07-29,Booking.com,144.94,5,False,False
Harbour Inn,HI-11988,Confirmed,104,Garden Queen,2026-09-05,2026-09-09,2026-09-02,Direct,185.12,4,False,False
Harbour Inn,HI-10781,Cancelled,201,Loft Suite,2025-07-14,2025-07-16,2025-01-26,Expedia,219.94,2,False,False
Harbour Inn,HI-10521,Confirmed,105,Garden Queen,2025-05-06,2025-05-09,2025-04-20,Booking.com,107.31,3,False,False
Harbour Inn,HI-10400,Confirmed,201,Loft Suite,2025-03-27,2025-03-29,2025-03-23,Direct,128.95,2,False,False
Harbour Inn,HI-11111,Confirmed,106,Garden Queen,2025-10-16,2025-10-19,2025-09-19,Direct,152.59,3,False,False
Harbour Inn,HI-11840,Confirmed,102,Harbour View King,2026-07-27,2026-07-30,2026-07-10,Expedia,151.02,3,False,False
Harbour Inn,HI-11574,Confirmed,103,Harbour View King,2026-05-15,2026-05-18,2026-04-12,Airbnb,207.72,3,False,False
Harbour Inn,HI-10059,Confirmed,103,Harbour View King,2024-10-20,2024-10-21,2024-09-17,Direct,162.66,1,False,False
Harbour Inn,HI-11565,Confirmed,103,Harbour View King,2026-05-13,2026-05-15,2026-05-01,Direct,137.24,2,False,False
Harbour Inn,HI-10772,Confirmed,106,Garden Queen,2025-07-12,2025-07-16,2025-05-16,Direct,243.1,4,False,False
Harbour Inn,HI-10324,Confirmed,202,Loft Suite,2025-02-12,2025-02-16,2025-02-06,Direct,119.49,4,False,False
Harbour Inn,HI-11904,Confirmed,102,Harbour View King,2026-08-14,2026-08-16,2026-06-08,Booking.com,295.9,2,False,False
Harbour Inn,HI-11155,Confirmed,202,Loft Suite,2025-10-31,2025-11-02,2025-10-26,Booking.com,275.37,2,False,False
Harbour Inn,HI-11322,Confirmed,104,Garden Queen,2026-01-17,2026-01-18,2026-01-10,Booking.com,137.83,1,False,False
Harbour Inn,HI-11708,Confirmed,104,Garden Queen,2026-06-22,2026-06-23,2026-06-21,Booking.com,153.1,1,False,False
Harbour Inn,HI-11303,Confirmed,105,Garden Queen,2026-01-04,2026-01-07,2025-12-29,Airbnb,90.45,3,False,False
Harbour Inn,HI-11932,Confirmed,101,Harbour View King,2026-08-21,2026-08-24,2026-04-18,Expedia,242.64,3,False,False
Harbour Inn,HI-11014,Confirmed,202,Loft Suite,2025-09-15,2025-09-18,2025-09-11,Booking.com,155.52,3,False,False
Harbour Inn,HI-11667,Confirmed,103,Harbour View King,2026-06-11,2026-06-12,2026-04-26,Booking.com,241.66,1,False,False
Harbour Inn,HI-10712,Confirmed,106,Garden Queen,2025-06-26,2025-06-28,2025-05-16,Direct,217.67,2,False,False
Harbour Inn,HI-10840,Confirmed,102,Harbour View King,2025-07-31,2025-08-03,2025-07-01,Booking.com,204.74,3,False,False
Harbour Inn,HI-11515,Confirmed,202,Loft Suite,2026-04-23,2026-04-26,2026-03-29,Direct,213.85,3,False,False
Harbour Inn,HI-11804,Confirmed,201,Loft Suite,2026-07-17,2026-07-19,2026-05-23,Direct,389.87,2,False,False
Harbour Inn,HI-10394,Confirmed,103,Harbour View King,2025-03-22,2025-03-26,2025-03-15,Booking.com,169.87,4,False,False
Harbour Inn,HI-11503,Confirmed,103,Harbour View King,2026-04-20,2026-04-23,2026-04-18,Booking.com,143.32,3,False,False
Harbour Inn,HI-10496,Confirmed,106,Garden Queen,2025-04-29,2025-05-03,2024-12-30,Direct,122.02,4,False,False
Harbour Inn,HI-11604,Confirmed,201,Loft Suite,2026-05-23,2026-05-25,2026-05-21,Direct,254.02,2,False,False
Harbour Inn,HI-11529,Confirmed,102,Harbour View King,2026-04-29,2026-05-01,2026-04-06,Airbnb,123.7,2,False,False
Harbour Inn,HI-11906,Confirmed,104,Garden Queen,2026-08-14,2026-08-17,2026-08-03,Direct,244.03,3,False,False
Harbour Inn,HI-10193,Confirmed,104,Garden Queen,2024-12-15,2024-12-19,2024-12-07,Direct,84.78,4,False,False
Harbour Inn,HI-11876,Confirmed,103,Harbour View King,2026-08-06,2026-08-07,2026-05-30,Direct,245.34,1,False,False
Harbour Inn,HI-10514,Confirmed,202,Loft Suite,2025-05-03,2025-05-06,2025-03-26,Booking.com,269.07,3,False,False
Harbour Inn,HI-10261,Confirmed,102,Harbour View King,2025-01-18,2025-01-22,2025-01-09,Direct,186.31,4,False,False
Harbour Inn,HI-10344,Confirmed,105,Garden Queen,2025-02-23,2025-02-25,2025-02-16,Direct,90.81,2,False,False
Harbour Inn,HI-11347,Confirmed,102,Harbour View King,2026-01-31,2026-02-03,2026-01-25,Booking.com,132.47,3,False,False
Harbour Inn,HI-12012,Confirmed,104,Garden Queen,2026-09-15,2026-09-18,2026-08-31,Direct,101.7,3,False,False
Harbour Inn,HI-11121,Confirmed,104,Garden Queen,2025-10-19,2025-10-21,2025-10-11,Booking.com,134.85,2,False,False
Harbour Inn,HI-10111,Confirmed,102,Harbour View King,2024-11-08,2024-11-10,2024-08-18,Direct,166.61,2,False,False
Harbour Inn,HI-11538,Confirmed,105,Garden Queen,2026-05-02,2026-05-05,2026-04-17,Direct,193.25,3,False,False
Harbour Inn,HI-11422,Confirmed,103,Harbour View King,2026-03-08,2026-03-12,2026-03-04,Direct,93.0,4,False,False
Harbour Inn,HI-12101,Confirmed,105,Garden Queen,2026-10-19,2026-10-22,2026-09-13,Booking.com,118.75,3,False,False
Harbour Inn,HI-10729,Confirmed,201,Loft Suite,2025-07-01,2025-07-03,2025-05-24,Direct,229.14,2,False,False
Harbour Inn,HI-10292,Confirmed,102,Harbour View King,2025-02-01,2025-02-03,2025-01-29,Booking.com,111.73,2,False,False
Harbour Inn,HI-11700,Confirmed,106,Garden Queen,2026-06-19,2026-06-22,2026-05-10,Airbnb,248.64,3,False,False
Harbour Inn,HI-10725,Confirmed,102,Harbour View King,2025-07-01,2025-07-03,2025-06-26,Booking.com,183.5,2,False,False
Harbour Inn,HI-11741,Confirmed,101,Harbour View King,2026-07-01,2026-07-03,2026-06-22,Expedia,182.36,2,False,False
Harbour Inn,HI-10058,Confirmed,102,Harbour View King,2024-10-20,2024-10-23,2024-10-11,Booking.com,155.53,3,False,False
Harbour Inn,HI-11323,Confirmed,105,Garden Queen,2026-01-17,2026-01-19,2026-01-15,Booking.com,106.5,2,False,False
Harbour Inn,HI-10032,Confirmed,201,Loft Suite,2024-10-09,2024-10-11,2024-10-03,Booking.com,217.13,2,False,False
Harbour Inn,HI-10778,Confirmed,101,Harbour View King,2025-07-14,2025-07-15,2025-05-19,Expedia,181.12,1,False,False
Harbour Inn,HI-11484,Confirmed,101,Harbour View King,2026-04-13,2026-04-16,2026-04-05,Booking.com,114.27,3,False,False
Harbour Inn,HI-11857,Confirmed,202,Loft Suite,2026-07-31,2026-08-03,2026-02-02,Airbnb,385.11,3,False,False
Harbour Inn,HI-10927,Confirmed,201,Loft Suite,2025-08-21,2025-08-23,2025-07-22,Direct,299.31,2,False,False
Harbour Inn,HI-11276,Confirmed,102,Harbour View King,2025-12-26,2025-12-28,2025-08-06,Direct,184.51,2,False,False
Harbour Inn,HI-12128,Confirmed,102,Harbour View King,2026-12-10,2026-12-12,2026-08-02,Booking.com,138.0,2,False,False
Harbour Inn,HI-11440,Confirmed,201,Loft Suite,2026-03-21,2026-03-23,2026-03-25,Booking.com,195.24,2,False,True
Harbour Inn,HI-10965,Confirmed,202,Loft Suite,2025-08-31,2025-09-02,2025-06-26,Expedia,269.77,2,False,False
Harbour Inn,HI-10295,Confirmed,202,Loft Suite,2025-02-02,2025-02-07,2024-08-08,Direct,123.03,5,False,False
Harbour Inn,HI-10580,Confirmed,102,Harbour View King,2025-05-25,2025-05-26,2025-05-17,Direct,122.54,1,False,False
Harbour Inn,HI-11838,Confirmed,202,Loft Suite,2026-07-26,2026-07-27,2026-03-12,Booking.com,273.0,1,False,False
Harbour Inn,HI-12108,Confirmed,101,Harbour View King,2026-10-23,2026-10-25,2026-09-08,Airbnb,248.63,2,False,False
Harbour Inn,HI-11464,Confirmed,104,Garden Queen,2026-04-07,2026-04-09,2026-03-31,Direct,120.3,2,False,False
Harbour Inn,HI-11292,Confirmed,103,Harbour View King,2025-12-31,2026-01-01,2025-12-23,Direct,96.56,1,False,False
Harbour Inn,HI-10719,Confirmed,105,Garden Queen,2025-06-29,2025-06-30,2025-06-25,Airbnb,189.98,1,False,False
Harbour Inn,HI-10213,Confirmed,104,Garden Queen,2024-12-25,2024-12-26,2024-12-17,Expedia,84.95,1,False,False
Harbour Inn,HI-10286,Confirmed,106,Garden Queen,2025-01-30,2025-02-03,2025-01-28,Airbnb,94.04,4,False,False
Harbour Inn,HI-10789,Confirmed,106,Garden Queen,2025-07-16,2025-07-19,2025-06-27,Airbnb,179.73,3,False,False
Harbour Inn,HI-11058,Confirmed,102,Harbour View King,2025-09-29,2025-09-30,2025-09-19,Direct,131.07,1,False,False
Harbour Inn,HI-11994,Confirmed,201,Loft Suite,2026-09-07,2026-09-09,2026-08-11,Booking.com,154.1,2,False,False
Harbour Inn,HI-10170,Confirmed,201,Loft Suite,2024-12-06,2024-12-07,2024-11-29,Airbnb,199.24,1,False,False
Harbour Inn,HI-10173,Confirmed,201,Loft Suite,2024-12-08,2024-12-10,2024-12-04,Booking.com,114.48,2,False,False
Harbour Inn,HI-11436,Confirmed,202,Loft Suite,2026-03-16,2026-03-20,2026-03-10,Booking.com,123.46,4,False,False
Harbour Inn,HI-11335,Confirmed,105,Garden Queen,2026-01-24,2026-01-25,2026-01-21,Booking.com,128.6,1,False,False
Harbour Inn,HI-11289,Confirmed,101,Harbour View King,2025-12-30,2026-01-03,2025-12-24,Booking.com,100.77,4,False,False
Harbour Inn,HI-12034,Confirmed,201,Loft Suite,2026-09-23,2026-09-26,2026-05-18,Expedia,140.82,3,False,False
Harbour Inn,HI-11409,Confirmed,101,Harbour View King,2026-03-03,2026-03-05,2026-03-01,Booking.com,83.62,2,False,False
Harbour Inn,HI-10316,Confirmed,103,Harbour View King,2025-02-10,2025-02-14,2025-01-31,Direct,104.32,4,False,False
Harbour Inn,HI-11047,Cancelled,102,Harbour View King,2025-09-26,2025-09-28,2025-08-09,Booking.com,198.31,2,False,False
Harbour Inn,HI-11849,Confirmed,103,Harbour View King,2026-07-30,2026-07-31,2026-07-17,Booking.com,256.52,1,False,False
Harbour Inn,HI-10963,Confirmed,104,Garden Queen,2025-08-31,2025-09-01,2025-08-26,Expedia,154.73,1,False,False
Harbour Inn,HI-11109,Confirmed,103,Harbour View King,2025-10-16,2025-10-19,2025-09-19,Airbnb,167.67,3,False,False
Harbour Inn,HI-10991,Confirmed,103,Harbour View King,2025-09-10,2025-09-12,2025-08-30,Direct,136.54,2,False,False
Harbour Inn,HI-11742,Confirmed,102,Harbour View King,2026-07-01,2026-07-05,2026-04-15,Expedia,155.01,4,False,False
Harbour Inn,HI-11617,Confirmed,202,Loft Suite,2026-05-27,2026-05-29,2026-03-22,Expedia,149.23,2,False,False
Harbour Inn,HI-11657,Confirmed,106,Garden Queen,2026-06-08,2026-06-10,2026-01-16,Booking.com,145.76,2,False,False
Harbour Inn,HI-11669,Confirmed,106,Garden Queen,2026-06-11,2026-06-12,2026-03-04,Direct,189.56,1,False,False
Harbour Inn,HI-11154,Confirmed,201,Loft Suite,2025-10-31,2025-11-02,2025-10-14,Direct,287.79,2,False,False
Harbour Inn,HI-10664,Confirmed,201,Loft Suite,2025-06-13,2025-06-16,2025-03-01,Airbnb,347.22,3,False,False
Harbour Inn,HI-10190,Cancelled,202,Loft Suite,2024-12-14,2024-12-15,2024-12-12,Direct,143.81,1,False,False
Harbour Inn,HI-10774,Cancelled,101,Harbour View King,2025-07-13,2025-07-16,2025-06-22,Direct,238.34,3,False,False
Harbour Inn,HI-10523,Confirmed,104,Garden Queen,2025-05-08,2025-05-10,2025-04-15,Direct,146.04,2,False,False
Harbour Inn,HI-10025,Confirmed,106,Garden Queen,2024-10-07,2024-10-10,2024-10-04,Booking.com,120.06,3,False,False
Harbour Inn,HI-10806,Confirmed,103,Harbour View King,2025-07-21,2025-07-23,2025-07-15,Direct,187.22,2,False,False
Harbour Inn,HI-10976,Confirmed,106,Garden Queen,2025-09-03,2025-09-05,2025-08-28,Booking.com,114.81,2,False,False
Harbour Inn,HI-10652,Confirmed,202,Loft Suite,2025-06-10,2025-06-13,2025-03-10,Booking.com,235.83,3,False,False
Harbour Inn,HI-10381,Confirmed,202,Loft Suite,2025-03-17,2025-03-20,2025-03-11,Airbnb,126.12,3,False,False
Harbour Inn,HI-11181,Confirmed,202,Loft Suite,2025-11-11,2025-11-14,2025-07-11,Direct,109.59,3,False,False
Harbour Inn,HI-11281,Confirmed,103,Harbour View King,2025-12-27,2025-12-28,2025-09-05,Direct,140.45,1,False,False
Harbour Inn,HI-10182,Confirmed,103,Harbour View King,2024-12-12,2024-12-14,2024-12-07,Airbnb,145.35,2,False,False
Harbour Inn,HI-11443,Confirmed,102,Harbour View King,2026-03-25,2026-03-28,2026-03-21,Direct,81.42,3,False,False
Harbour Inn,HI-11887,Confirmed,105,Garden Queen,2026-08-08,2026-08-10,2026-03-13,Booking.com,247.9,2,False,False
Harbour Inn,HI-10655,Confirmed,106,Garden Queen,2025-06-11,2025-06-14,2025-06-08,Direct,142.83,3,False,False
Harbour Inn,HI-11930,Confirmed,104,Garden Queen,2026-08-20,2026-08-24,2026-07-18,Direct,185.36,4,False,False
Harbour Inn,HI-11735,Confirmed,103,Harbour View King,2026-06-29,2026-07-01,2026-04-14,Direct,176.84,2,False,False
Harbour Inn,HI-11519,Confirmed,101,Harbour View King,2026-04-25,2026-04-28,2026-04-21,Booking.com,218.01,3,False,False
Harbour Inn,HI-10518,Confirmed,106,Garden Queen,2025-05-04,2025-05-06,2025-04-24,Booking.com,133.31,2,False,False
Harbour Inn,HI-11412,Confirmed,105,Garden Queen,2026-03-04,2026-03-07,2026-02-25,Direct,86.99,3,False,False
Harbour Inn,HI-11472,Cancelled,105,Garden Queen,2026-04-10,2026-04-12,2026-03-25,Booking.com,187.42,2,False,False
Harbour Inn,HI-10795,Confirmed,103,Harbour View King,2025-07-18,2025-07-21,2025-07-25,Airbnb,318.91,3,False,True
Harbour Inn,HI-11811,Confirmed,201,Loft Suite,2026-07-19,2026-07-20,2026-07-09,Airbnb,255.51,1,False,False
Harbour Inn,HI-11266,Confirmed,104,Garden Queen,2025-12-21,2025-12-25,2025-12-02,Direct,80.8,4,False,False
Harbour Inn,HI-11699,Cancelled,104,Garden Queen,2026-06-19,2026-06-22,2026-03-10,Booking.com,311.93,3,False,False
Harbour Inn,HI-11429,Confirmed,101,Harbour View King,2026-03-13,2026-03-16,2026-03-04,Expedia,161.62,3,False,False
Harbour Inn,HI-11331,Confirmed,106,Garden Queen,2026-01-22,2026-01-23,2025-12-31,Expedia,93.23,1,False,False
Harbour Inn,HI-11836,Confirmed,106,Garden Queen,2026-07-26,2026-07-27,2026-07-16,Direct,178.68,1,False,False
Harbour Inn,HI-10353,Confirmed,105,Garden Queen,2025-02-28,2025-03-03,2025-02-18,Booking.com,151.03,3,False,False
Harbour Inn,HI-11925,Confirmed,103,Harbour View King,2026-08-18,2026-08-22,2026-07-26,Direct,162.61,4,False,False
Harbour Inn,HI-11513,Confirmed,106,Garden Queen,2026-04-23,2026-04-26,2026-04-21,Booking.com,136.34,3,False,False
Harbour Inn,HI-11136,Confirmed,102,Harbour View King,2025-10-26,2025-10-28,2025-08-01,Airbnb,155.52,2,False,False
Harbour Inn,HI-11368,Confirmed,105,Garden Queen,2026-02-12,2026-02-14,2026-02-02,Airbnb,105.31,2,False,False
Harbour Inn,HI-11019,Confirmed,105,Garden Queen,2025-09-17,2025-09-19,2025-05-13,Expedia,115.0,2,False,False
Harbour Inn,HI-10899,Confirmed,105,Garden Queen,2025-08-15,2025-08-17,2025-02-27,Booking.com,292.47,2,False,False
Harbour Inn,HI-10559,Confirmed,101,Harbour View King,2025-05-19,2025-05-21,2025-05-10,Booking.com,128.67,2,False,False
Harbour Inn,HI-10290,Confirmed,202,Loft Suite,2025-01-31,2025-02-02,2025-01-19,Direct,208.03,2,False,False
Harbour Inn,HI-10312,Confirmed,104,Garden Queen,2025-02-09,2025-02-10,2024-09-28,Direct,100.49,1,False,False
Harbour Inn,HI-11476,Confirmed,105,Garden Queen,2026-04-11,2026-04-12,2026-03-29,Expedia,129.39,1,False,False
Harbour Inn,HI-11758,Confirmed,104,Garden Queen,2026-07-06,2026-07-09,2026-03-20,Direct,146.5,3,False,False
Harbour Inn,HI-10417,Confirmed,101,Harbour View King,2025-04-03,2025-04-04,2024-11-07,Direct,177.67,1,False,False
Harbour Inn,HI-11666,Confirmed,102,Harbour View King,2026-06-11,2026-06-15,2026-05-07,Expedia,225.23,4,False,False
Harbour Inn,HI-11421,Confirmed,104,Garden Queen,2026-03-07,2026-03-10,2026-03-05,Airbnb,89.27,3,False,False
Harbour Inn,HI-10212,Confirmed,202,Loft Suite,2024-12-24,2024-12-25,2024-12-18,Booking.com,106.11,1,False,False
Harbour Inn,HI-10043,Confirmed,201,Loft Suite,2024-10-15,2024-10-17,2024-09-29,Direct,144.02,2,False,False
Harbour Inn,HI-11704,Confirmed,201,Loft Suite,2026-06-20,2026-06-22,2026-06-07,Expedia,301.84,2,False,False
Harbour Inn,HI-10977,Confirmed,101,Harbour View King,2025-09-04,2025-09-07,2025-09-02,Booking.com,190.03,3,False,False
Harbour Inn,HI-11346,Confirmed,101,Harbour View King,2026-01-31,2026-02-01,2026-01-25,Direct,192.53,1,False,False
Harbour Inn,HI-10390,Confirmed,201,Loft Suite,2025-03-20,2025-03-22,2024-12-07,Booking.com,148.27,2,False,False
Harbour Inn,HI-10600,Confirmed,106,Garden Queen,2025-05-29,2025-06-01,2025-05-12,Expedia,161.48,3,False,False
Harbour Inn,HI-11295,Confirmed,105,Garden Queen,2026-01-01,2026-01-04,2025-12-24,Expedia,104.45,3,False,False
Harbour Inn,HI-10117,Confirmed,105,Garden Queen,2024-11-13,2024-11-16,2024-10-27,Airbnb,90.29,3,False,False
Harbour Inn,HI-11041,Confirmed,104,Garden Queen,2025-09-24,2025-09-25,2025-09-13,Direct,111.93,1,False,False
Harbour Inn,HI-10923,Confirmed,102,Harbour View King,2025-08-21,2025-08-22,2025-06-29,Direct,227.33,1,False,False
Harbour Inn,HI-10165,Confirmed,202,Loft Suite,2024-12-03,2024-12-05,2024-12-03,Booking.com,94.37,2,False,False
Harbour Inn,HI-11524,Confirmed,202,Loft Suite,2026-04-27,2026-04-29,2026-04-12,Direct,177.21,2,False,False
Harbour Inn,HI-10670,Confirmed,202,Loft Suite,2025-06-14,2025-06-17,2025-06-11,Booking.com,343.33,3,False,False
Harbour Inn,HI-11128,Confirmed,201,Loft Suite,2025-10-22,2025-10-23,2025-06-24,Expedia,199.15,1,False,False
Harbour Inn,HI-12113,Confirmed,102,Harbour View King,2026-10-26,2026-10-28,2026-09-27,Airbnb,140.38,2,False,False
Harbour Inn,HI-11733,Confirmed,103,Harbour View King,2026-06-28,2026-06-29,2026-06-14,Booking.com,202.8,1,False,False
Harbour Inn,HI-11131,Confirmed,101,Harbour View King,2025-10-24,2025-10-26,2025-10-05,Airbnb,248.19,2,False,False
Harbour Inn,HI-10792,Confirmed,104,Garden Queen,2025-07-17,2025-07-20,2025-07-17,Expedia,213.87,3,False,False
Harbour Inn,HI-11507,Confirmed,106,Garden Queen,2026-04-21,2026-04-23,2025-10-31,Booking.com,139.34,2,False,False
Harbour Inn,HI-10642,Confirmed,202,Loft Suite,2025-06-08,2025-06-10,2025-05-31,Airbnb,286.94,2,False,False
Harbour Inn,HI-10375,Confirmed,106,Garden Queen,2025-03-12,2025-03-15,2025-02-28,Direct,84.15,3,False,False
Harbour Inn,HI-11329,Confirmed,105,Garden Queen,2026-01-20,2026-01-22,2025-08-03,Airbnb,79.95,2,False,False
Harbour Inn,HI-10004,Confirmed,201,Loft Suite,2024-10-02,2024-10-04,2024-09-07,Airbnb,160.39,2,False,False
Harbour Inn,HI-11426,Confirmed,106,Garden Queen,2026-03-12,2026-03-15,2026-03-08,Direct,76.27,3,False,False
Harbour Inn,HI-11752,Confirmed,101,Harbour View King,2026-07-04,2026-07-05,2026-04-06,Airbnb,260.16,1,False,False
Harbour Inn,HI-10534,Confirmed,102,Harbour View King,2025-05-11,2025-05-14,2025-03-01,Airbnb,152.15,3,False,False
Harbour Inn,HI-10572,Confirmed,101,Harbour View King,2025-05-23,2025-05-26,2025-05-11,Direct,241.22,3,False,False
Harbour Inn,HI-10163,Confirmed,103,Harbour View King,2024-12-02,2024-12-03,2024-11-26,Booking.com,91.17,1,False,False
Harbour Inn,HI-11413,Confirmed,101,Harbour View King,2026-03-05,2026-03-07,2026-02-18,Booking.com,133.62,2,False,False
Harbour Inn,HI-11425,Confirmed,103,Harbour View King,2026-03-12,2026-03-14,2026-03-08,Booking.com,93.82,2,False,False
Harbour Inn,HI-11528,Confirmed,101,Harbour View King,2026-04-29,2026-04-30,2025-12-10,Airbnb,137.83,1,False,False
Harbour Inn,HI-10892,Confirmed,102,Harbour View King,2025-08-14,2025-08-18,2025-08-01,Direct,237.84,4,False,False
Harbour Inn,HI-10053,Confirmed,103,Harbour View King,2024-10-18,2024-10-19,2024-10-14,Airbnb,261.59,1,False,False
Harbour Inn,HI-11135,Confirmed,101,Harbour View King,2025-10-26,2025-10-28,2025-08-16,Expedia,128.29,2,False,False
Harbour Inn,HI-10352,Confirmed,102,Harbour View King,2025-02-28,2025-03-03,2025-02-22,Expedia,144.64,3,False,False
Harbour Inn,HI-10421,Confirmed,101,Harbour View King,2025-04-05,2025-04-09,2024-11-28,Airbnb,238.23,4,False,False
Harbour Inn,HI-10858,Confirmed,106,Garden Queen,2025-08-03,2025-08-06,2025-07-11,Booking.com,180.46,3,False,False
Harbour Inn,HI-11520,Confirmed,103,Harbour View King,2026-04-25,2026-04-27,2026-04-23,Booking.com,220.09,2,False,False
Harbour Inn,HI-11748,Confirmed,201,Loft Suite,2026-07-02,2026-07-03,2026-06-28,Airbnb,281.45,1,False,False
Harbour Inn,HI-11325,Confirmed,103,Harbour View King,2026-01-18,2026-01-20,2026-01-08,Booking.com,92.95,2,False,False
Harbour Inn,HI-10964,Confirmed,201,Loft Suite,2025-08-31,2025-09-02,2025-08-08,Booking.com,261.35,2,False,False
Harbour Inn,HI-12079,Confirmed,103,Harbour View King,2026-10-08,2026-10-11,2026-07-08,Booking.com,178.51,3,False,False
Harbour Inn,HI-10278,Confirmed,104,Garden Queen,2025-01-27,2025-01-29,2025-01-13,Direct,82.41,2,False,False
Harbour Inn,HI-10119,Confirmed,101,Harbour View King,2024-11-15,2024-11-16,2024-11-09,Direct,187.83,1,False,False
Harbour Inn,HI-10742,Confirmed,103,Harbour View King,2025-07-05,2025-07-08,2025-06-24,Booking.com,341.49,3,False,False
Harbour Inn,HI-12073,Confirmed,103,Harbour View King,2026-10-05,2026-10-07,2026-08-04,Booking.com,123.9,2,False,False
Harbour Inn,HI-10303,Confirmed,104,Garden Queen,2025-02-07,2025-02-09,2025-01-29,Expedia,112.36,2,False,False
Harbour Inn,HI-11985,Confirmed,201,Loft Suite,2026-09-04,2026-09-06,2026-07-12,Booking.com,230.05,2,False,False
Harbour Inn,HI-11532,Confirmed,202,Loft Suite,2026-04-30,2026-05-02,2026-04-17,Booking.com,209.11,2,False,False
Harbour Inn,HI-10758,Confirmed,105,Garden Queen,2025-07-09,2025-07-10,2025-06-03,Booking.com,165.31,1,False,False
Harbour Inn,HI-10150,Confirmed,201,Loft Suite,2024-11-26,2024-11-28,2024-11-23,Booking.com,104.2,2,False,False
Harbour Inn,HI-11793,Confirmed,105,Garden Queen,2026-07-15,2026-07-16,2026-05-21,Booking.com,170.75,1,False,False
Harbour Inn,HI-10125,Confirmed,202,Loft Suite,2024-11-15,2024-11-16,2024-11-15,Airbnb,164.78,1,False,False
Harbour Inn,HI-11818,Confirmed,201,Loft Suite,2026-07-21,2026-07-22,2026-01-29,Direct,207.05,1,True,False
Harbour Inn,HI-10008,Confirmed,106,Garden Queen,2024-10-03,2024-10-04,2024-09-12,Direct,132.24,1,False,False
Harbour Inn,HI-10370,Confirmed,104,Garden Queen,2025-03-09,2025-03-12,2025-03-07,Expedia,68.97,3,False,False
Harbour Inn,HI-10186,Confirmed,202,Loft Suite,2024-12-13,2024-12-17,2024-12-06,Expedia,166.53,4,False,False
Harbour Inn,HI-10885,Confirmed,105,Garden Queen,2025-08-11,2025-08-13,2025-07-13,Booking.com,152.99,2,False,False
Harbour Inn,HI-11358,Confirmed,106,Garden Queen,2026-02-08,2026-02-10,2025-12-08,Booking.com,100.47,2,False,False
Harbour Inn,HI-11495,Confirmed,105,Garden Queen,2026-04-16,2026-04-18,2026-04-01,Booking.com,136.94,2,False,False
Harbour Inn,HI-11391,Confirmed,103,Harbour View King,2026-02-23,2026-02-28,2026-02-12,Direct,79.83,5,False,False
Harbour Inn,HI-11637,Confirmed,102,Harbour View King,2026-06-03,2026-06-05,2026-05-02,Direct,200.64,2,False,False
Harbour Inn,HI-10474,Confirmed,102,Harbour View King,2025-04-22,2025-04-24,2025-04-15,Booking.com,125.07,2,False,False
Harbour Inn,HI-10857,Confirmed,105,Garden Queen,2025-08-03,2025-08-05,2025-04-09,Direct,191.6,2,False,False
Harbour Inn,HI-10459,Confirmed,202,Loft Suite,2025-04-15,2025-04-16,2024-11-29,Booking.com,171.62,1,False,False
Harbour Inn,HI-11243,Confirmed,104,Garden Queen,2025-12-12,2025-12-14,2025-11-25,Airbnb,133.97,2,False,False
Harbour Inn,HI-11012,Confirmed,105,Garden Queen,2025-09-15,2025-09-17,2025-08-27,Direct,111.63,2,False,False
Harbour Inn,HI-11372,Confirmed,105,Garden Queen,2026-02-14,2026-02-16,2026-02-01,Expedia,129.4,2,False,False
Harbour Inn,HI-11237,Confirmed,102,Harbour View King,2025-12-10,2025-12-14,2025-12-03,Airbnb,123.97,4,False,False
Harbour Inn,HI-10391,Confirmed,202,Loft Suite,2025-03-20,2025-03-24,2024-12-08,Airbnb,157.68,4,False,False
Harbour Inn,HI-11577,Confirmed,106,Garden Queen,2026-05-15,2026-05-17,2026-04-22,Booking.com,179.52,2,False,False
Harbour Inn,HI-10209,Confirmed,105,Garden Queen,2024-12-24,2024-12-28,2024-12-12,Booking.com,102.59,4,False,False
Harbour Inn,HI-10160,Confirmed,102,Harbour View King,2024-12-01,2024-12-02,2024-11-20,Airbnb,114.93,1,False,False
Harbour Inn,HI-10037,Confirmed,101,Harbour View King,2024-10-12,2024-10-15,2024-09-22,Booking.com,237.11,3,False,False
Harbour Inn,HI-11064,Confirmed,103,Harbour View King,2025-10-01,2025-10-03,2025-09-15,Booking.com,156.5,2,False,False
Harbour Inn,HI-11441,Confirmed,104,Garden Queen,2026-03-22,2026-03-25,2026-03-14,Airbnb,86.82,3,False,False
Harbour Inn,HI-10702,Confirmed,105,Garden Queen,2025-06-22,2025-06-25,2025-06-12,Airbnb,197.05,3,False,False
Harbour Inn,HI-10635,Confirmed,201,Loft Suite,2025-06-06,2025-06-10,2025-04-09,Expedia,386.63,4,False,False
Harbour Inn,HI-10164,Confirmed,201,Loft Suite,2024-12-03,2024-12-04,2024-12-03,Booking.com,97.04,1,False,False
Harbour Inn,HI-11527,Confirmed,201,Loft Suite,2026-04-28,2026-05-01,2026-03-10,Booking.com,168.98,3,False,False
Harbour Inn,HI-11437,Cancelled,202,Loft Suite,2026-03-17,2026-03-21,2026-03-14,Booking.com,88.59,4,False,False
Harbour Inn,HI-10820,Confirmed,201,Loft Suite,2025-07-24,2025-07-28,2025-07-09,Direct,275.52,4,False,False
Harbour Inn,HI-11947,Confirmed,104,Garden Queen,2026-08-25,2026-08-26,2026-08-20,Direct,160.8,1,False,False
Harbour Inn,HI-11487,Confirmed,105,Garden Queen,2026-04-14,2026-04-15,2026-02-10,Direct,117.69,1,False,False
Harbour Inn,HI-11516,Confirmed,104,Garden Queen,2026-04-24,2026-04-26,2026-04-12,Booking.com,214.35,2,False,False
Harbour Inn,HI-10203,Confirmed,106,Garden Queen,2024-12-20,2024-12-21,2024-12-10,Direct,138.08,1,False,False
Harbour Inn,HI-10279,Confirmed,106,Garden Queen,2025-01-27,2025-01-30,2025-01-24,Booking.com,71.68,3,False,False
Harbour Inn,HI-10341,Confirmed,104,Garden Queen,2025-02-20,2025-02-22,2025-02-15,Direct,104.64,2,False,False
Harbour Inn,HI-10397,Confirmed,104,Garden Queen,2025-03-24,2025-03-26,2025-03-14,Booking.com,85.77,2,False,False
Harbour Inn,HI-10218,Confirmed,202,Loft Suite,2024-12-27,2024-12-29,2024-09-21,Direct,225.45,2,False,False
Harbour Inn,HI-11483,Confirmed,202,Loft Suite,2026-04-12,2026-04-15,2026-04-01,Direct,174.69,3,False,False
Harbour Inn,HI-10999,Confirmed,104,Garden Queen,2025-09-12,2025-09-16,2025-09-02,Booking.com,167.1,4,False,False
Harbour Inn,HI-11801,Confirmed,101,Harbour View King,2026-07-17,2026-07-18,2026-07-05,Direct,318.92,1,False,False
Harbour Inn,HI-10419,Confirmed,104,Garden Queen,2025-04-04,2025-04-07,2024-12-20,Expedia,197.47,3,False,False
Harbour Inn,HI-11926,Confirmed,201,Loft Suite,2026-08-18,2026-08-22,2026-07-26,Booking.com,215.84,4,False,False
Harbour Inn,HI-10941,Confirmed,103,Harbour View King,2025-08-25,2025-08-30,2025-07-07,Airbnb,187.5,5,False,False
Harbour Inn,HI-11597,Confirmed,101,Harbour View King,2026-05-22,2026-05-24,2026-05-18,Direct,239.75,2,False,False
Harbour Inn,HI-11827,Confirmed,101,Harbour View King,2026-07-24,2026-07-27,2026-07-22,Booking.com,315.26,3,False,False
Harbour Inn,HI-11319,Confirmed,102,Harbour View King,2026-01-14,2026-01-16,2025-10-04,Direct,108.5,2,False,False
Harbour Inn,HI-12029,Confirmed,106,Garden Queen,2026-09-22,2026-09-25,2026-09-17,Airbnb,113.11,3,False,False
Harbour Inn,HI-11129,Confirmed,104,Garden Queen,2025-10-23,2025-10-26,2025-10-11,Booking.com,141.82,3,False,False
Harbour Inn,HI-12100,Confirmed,202,Loft Suite,2026-10-17,2026-10-19,2026-07-08,Booking.com,304.85,2,False,False
Harbour Inn,HI-10166,Confirmed,103,Harbour View King,2024-12-05,2024-12-07,2024-11-30,Booking.com,128.21,2,False,False
Harbour Inn,HI-12116,Confirmed,103,Harbour View King,2026-10-30,2026-11-01,2026-09-01,Direct,264.92,2,False,False
Harbour Inn,HI-10199,Confirmed,103,Harbour View King,2024-12-18,2024-12-19,2024-12-15,Booking.com,94.59,1,False,False
Harbour Inn,HI-10813,Confirmed,106,Garden Queen,2025-07-22,2025-07-24,2025-06-14,Direct,173.77,2,False,False
Harbour Inn,HI-11831,Confirmed,202,Loft Suite,2026-07-24,2026-07-25,2026-07-08,Airbnb,325.25,1,False,False
Harbour Inn,HI-10797,Confirmed,202,Loft Suite,2025-07-18,2025-07-20,2025-06-21,Direct,377.05,2,False,False
Harbour Inn,HI-11163,Confirmed,106,Garden Queen,2025-11-05,2025-11-08,2025-11-03,Booking.com,71.77,3,False,False
Harbour Inn,HI-11139,Confirmed,106,Garden Queen,2025-10-26,2025-10-29,2025-10-31,Airbnb,121.68,3,False,True
Harbour Inn,HI-10396,Confirmed,102,Harbour View King,2025-03-24,2025-03-26,2025-03-12,Booking.com,96.14,2,False,False
Harbour Inn,HI-11104,Confirmed,102,Harbour View King,2025-10-14,2025-10-16,2025-10-08,Direct,144.0,2,False,False
Harbour Inn,HI-11468,Confirmed,201,Loft Suite,2026-04-09,2026-04-14,2026-03-03,Booking.com,210.59,5,False,False
Harbour Inn,HI-11905,Confirmed,103,Harbour View King,2026-08-14,2026-08-16,2026-07-10,Direct,350.99,2,False,False
Harbour Inn,HI-11858,Confirmed,102,Harbour View King,2026-08-01,2026-08-03,2026-05-26,Airbnb,291.21,2,False,False
Harbour Inn,HI-12049,Confirmed,104,Garden Queen,2026-09-28,2026-09-30,2026-09-27,Booking.com,120.43,2,False,False
Harbour Inn,HI-12085,Confirmed,102,Harbour View King,2026-10-10,2026-10-11,2026-09-14,Booking.com,195.34,1,False,False
Harbour Inn,HI-11094,Cancelled,202,Loft Suite,2025-10-11,2025-10-12,2025-10-07,Booking.com,269.07,1,False,False
Harbour Inn,HI-12131,Cancelled,104,Garden Queen,2026-12-14,2026-12-18,2026-07-29,Booking.com,76.77,4,False,False
Harbour Inn,HI-11917,Confirmed,105,Garden Queen,2026-08-16,2026-08-18,2026-05-26,Direct,154.26,2,False,False
Harbour Inn,HI-10690,Confirmed,106,Garden Queen,2025-06-19,2025-06-22,2025-05-04,Airbnb,217.13,3,False,False
Harbour Inn,HI-10952,Confirmed,104,Garden Queen,2025-08-28,2025-08-29,2025-05-02,Direct,196.66,1,False,False
Harbour Inn,HI-10889,Confirmed,103,Harbour View King,2025-08-12,2025-08-13,2025-05-07,Booking.com,208.89,1,False,False
Harbour Inn,HI-11599,Confirmed,105,Garden Queen,2026-05-22,2026-05-26,2026-05-14,Booking.com,207.77,4,False,False
Harbour Inn,HI-11201,Confirmed,103,Harbour View King,2025-11-21,2025-11-24,2025-11-10,Direct,168.29,3,False,False
Harbour Inn,HI-10112,Confirmed,201,Loft Suite,2024-11-08,2024-11-11,2024-10-23,Direct,211.34,3,False,False
Harbour Inn,HI-10832,Confirmed,202,Loft Suite,2025-07-28,2025-07-30,2025-07-08,Airbnb,219.77,2,False,False
Harbour Inn,HI-11081,Confirmed,105,Garden Queen,2025-10-06,2025-10-07,2025-08-02,Airbnb,120.22,1,False,False
Harbour Inn,HI-11090,Confirmed,201,Loft Suite,2025-10-10,2025-10-11,2025-07-28,Booking.com,232.21,1,False,False
Harbour Inn,HI-11782,Confirmed,102,Harbour View King,2026-07-12,2026-07-13,2026-06-10,Booking.com,215.27,1,False,False
Harbour Inn,HI-10762,Confirmed,103,Harbour View King,2025-07-10,2025-07-13,2025-07-03,Direct,266.94,3,True,False
Harbour Inn,HI-10281,Confirmed,202,Loft Suite,2025-01-28,2025-01-30,2024-08-19,Airbnb,109.4,2,False,False
Harbour Inn,HI-12133,Confirmed,102,Harbour View King,2026-12-17,2026-12-19,2026-08-10,Booking.com,112.84,2,False,False
Harbour Inn,HI-11971,Confirmed,201,Loft Suite,2026-08-31,2026-09-02,2026-07-08,Airbnb,254.62,2,False,False
Harbour Inn,HI-11644,Cancelled,201,Loft Suite,2026-06-04,2026-06-06,2026-05-15,Booking.com,265.17,2,False,False
Harbour Inn,HI-11767,Confirmed,201,Loft Suite,2026-07-08,2026-07-11,2026-06-23,Direct,214.03,3,False,False
Harbour Inn,HI-10472,Confirmed,102,Harbour View King,2025-04-20,2025-04-22,2025-04-08,Booking.com,136.72,2,False,False
Harbour Inn,HI-10028,Confirmed,103,Harbour View King,2024-10-08,2024-10-09,2024-10-02,Airbnb,119.38,1,False,False
Harbour Inn,HI-11083,Confirmed,104,Garden Queen,2025-10-07,2025-10-08,2025-09-22,Expedia,116.44,1,False,False
Harbour Inn,HI-10822,Confirmed,101,Harbour View King,2025-07-25,2025-07-28,2025-06-19,Booking.com,277.81,3,False,False
Harbour Inn,HI-10798,Confirmed,101,Harbour View King,2025-07-19,2025-07-22,2025-04-03,Airbnb,382.87,3,False,False
Harbour Inn,HI-10196,Confirmed,201,Loft Suite,2024-12-16,2024-12-19,2024-12-01,Booking.com,129.85,3,False,False
Harbour Inn,HI-11942,Confirmed,101,Harbour View King,2026-08-24,2026-08-25,2026-04-18,Booking.com,177.6,1,False,False
Harbour Inn,HI-11915,Confirmed,101,Harbour View King,2026-08-16,2026-08-19,2026-04-20,Airbnb,193.42,3,False,False
Harbour Inn,HI-11328,Confirmed,103,Harbour View King,2026-01-20,2026-01-21,2026-01-14,Booking.com,103.28,1,False,False
Harbour Inn,HI-10544,Confirmed,104,Garden Queen,2025-05-14,2025-05-16,2025-05-09,Booking.com,97.28,2,False,False
Harbour Inn,HI-12003,Confirmed,103,Harbour View King,2026-09-11,2026-09-14,2026-08-30,Direct,242.79,3,False,False
Harbour Inn,HI-10939,Confirmed,102,Harbour View King,2025-08-24,2025-08-25,2025-07-10,Airbnb,228.23,1,False,False
Harbour Inn,HI-11860,Confirmed,105,Garden Queen,2026-08-01,2026-08-03,2026-07-09,Direct,210.58,2,False,False
Harbour Inn,HI-10451,Confirmed,103,Harbour View King,2025-04-14,2025-04-15,2025-03-13,Direct,124.13,1,False,False
Harbour Inn,HI-11099,Confirmed,101,Harbour View King,2025-10-13,2025-10-15,2025-10-03,Booking.com,115.39,2,False,False
Harbour Inn,HI-11777,Confirmed,106,Garden Queen,2026-07-10,2026-07-11,2026-06-08,Booking.com,302.13,1,False,False
Harbour Inn,HI-10760,Confirmed,201,Loft Suite,2025-07-09,2025-07-10,2025-07-05,Airbnb,222.48,1,False,False
Harbour Inn,HI-10437,Confirmed,101,Harbour View King,2025-04-10,2025-04-13,2025-04-08,Direct,152.6,3,False,False
Harbour Inn,HI-10616,Confirmed,101,Harbour View King,2025-06-03,2025-06-05,2025-05-21,Booking.com,148.83,2,False,False
Harbour Inn,HI-10785,Confirmed,201,Loft Suite,2025-07-15,2025-07-17,2025-06-22,Direct,223.15,2,False,False
Harbour Inn,HI-11180,Confirmed,104,Garden Queen,2025-11-11,2025-11-16,2025-08-25,Direct,93.79,5,False,False
Harbour Inn,HI-10404,Confirmed,101,Harbour View King,2025-03-29,2025-04-01,2025-03-23,Booking.com,153.79,3,False,False
Harbour Inn,HI-11327,Confirmed,102,Harbour View King,2026-01-19,2026-01-21,2025-09-29,Direct,122.17,2,False,False
Harbour Inn,HI-11086,Confirmed,106,Garden Queen,2025-10-08,2025-10-09,2025-10-03,Expedia,120.01,1,False,False
Harbour Inn,HI-10435,Confirmed,104,Garden Queen,2025-04-09,2025-04-12,2025-04-01,Expedia,121.55,3,False,False
Harbour Inn,HI-10277,Confirmed,103,Harbour View King,2025-01-27,2025-01-31,2025-01-23,Booking.com,75.65,4,False,False
Harbour Inn,HI-11874,Confirmed,101,Harbour View King,2026-08-06,2026-08-07,2026-08-01,Booking.com,264.34,1,False,False
Harbour Inn,HI-11755,Confirmed,103,Harbour View King,2026-07-05,2026-07-06,2026-05-21,Expedia,185.66,1,False,False
Harbour Inn,HI-11270,Confirmed,105,Garden Queen,2025-12-22,2025-12-27,2025-09-13,Direct,82.15,5,False,False
Harbour Inn,HI-11273,Confirmed,202,Loft Suite,2025-12-24,2025-12-25,2025-12-19,Direct,126.12,1,False,False
Harbour Inn,HI-10994,Confirmed,201,Loft Suite,2025-09-10,2025-09-12,2025-08-24,Booking.com,151.24,2,False,False
Harbour Inn,HI-11176,Confirmed,202,Loft Suite,2025-11-09,2025-11-10,2025-06-27,Booking.com,108.9,1,False,False
Harbour Inn,HI-10629,Confirmed,201,Loft Suite,2025-06-05,2025-06-06,2025-05-08,Expedia,278.98,1,True,False
Harbour Inn,HI-10509,Confirmed,104,Garden Queen,2025-05-02,2025-05-05,2025-04-22,Booking.com,209.14,3,False,False
Harbour Inn,HI-11435,Confirmed,102,Harbour View King,2026-03-16,2026-03-18,2026-02-16,Booking.com,116.43,2,False,False
Harbour Inn,HI-11724,Confirmed,105,Garden Queen,2026-06-26,2026-06-29,2026-06-01,Direct,316.63,3,False,False
Harbour Inn,HI-11853,Confirmed,201,Loft Suite,2026-07-30,2026-08-02,2026-07-20,Booking.com,295.88,3,False,False
Harbour Inn,HI-11559,Confirmed,103,Harbour View King,2026-05-10,2026-05-13,2026-04-28,Booking.com,150.72,3,False,False
Harbour Inn,HI-10674,Confirmed,104,Garden Queen,2025-06-15,2025-06-19,2025-05-09,Direct,167.76,4,False,False
Harbour Inn,HI-11750,Confirmed,103,Harbour View King,2026-07-03,2026-07-04,2026-06-12,Booking.com,284.93,1,False,False
Harbour Inn,HI-11224,Confirmed,201,Loft Suite,2025-12-03,2025-12-05,2025-09-27,Airbnb,124.55,2,False,False
Harbour Inn,HI-11036,Confirmed,104,Garden Queen,2025-09-22,2025-09-23,2025-06-16,Booking.com,122.58,1,False,False
Harbour Inn,HI-10510,Confirmed,105,Garden Queen,2025-05-02,2025-05-03,2025-04-30,Booking.com,161.2,1,False,False
Harbour Inn,HI-11944,Confirmed,103,Harbour View King,2026-08-24,2026-08-26,2026-08-06,Direct,232.05,2,False,False
Harbour Inn,HI-10836,Confirmed,103,Harbour View King,2025-07-30,2025-08-01,2025-06-26,Airbnb,194.26,2,False,False
Harbour Inn,HI-11885,Confirmed,202,Loft Suite,2026-08-07,2026-08-10,2026-08-01,Expedia,324.92,3,False,False
Harbour Inn,HI-10860,Confirmed,104,Garden Queen,2025-08-04,2025-08-06,2025-07-25,Airbnb,143.06,2,False,False
Harbour Inn,HI-10006,Confirmed,104,Garden Queen,2024-10-03,2024-10-06,2024-10-01,Airbnb,138.8,3,False,False
Harbour Inn,HI-10766,Confirmed,104,Garden Queen,2025-07-11,2025-07-12,2025-06-29,Airbnb,278.56,1,False,False
Harbour Inn,HI-10678,Confirmed,101,Harbour View King,2025-06-17,2025-06-20,2025-03-31,Direct,230.37,3,False,False
Harbour Inn,HI-11198,Confirmed,106,Garden Queen,2025-11-20,2025-11-23,2025-06-18,Booking.com,118.33,3,False,False
Harbour Inn,HI-11770,Confirmed,103,Harbour View King,2026-07-09,2026-07-14,2026-05-16,Airbnb,240.72,5,False,False
Harbour Inn,HI-12067,Confirmed,202,Loft Suite,2026-10-03,2026-10-05,2026-09-16,Airbnb,294.75,2,False,False
Harbour Inn,HI-11001,Confirmed,106,Garden Queen,2025-09-12,2025-09-15,2025-09-10,Expedia,217.92,3,False,False
Harbour Inn,HI-10617,Confirmed,102,Harbour View King,2025-06-03,2025-06-04,2025-05-30,Booking.com,187.36,1,False,False
Harbour Inn,HI-10282,Confirmed,101,Harbour View King,2025-01-29,2025-02-01,2025-01-20,Booking.com,95.05,3,False,False
Harbour Inn,HI-10379,Confirmed,102,Harbour View King,2025-03-15,2025-03-20,2025-03-02,Booking.com,145.49,5,False,False
Harbour Inn,HI-11333,Confirmed,201,Loft Suite,2026-01-23,2026-01-26,2025-11-13,Booking.com,210.31,3,False,False
Harbour Inn,HI-11235,Confirmed,101,Harbour View King,2025-12-09,2025-12-11,2025-11-20,Direct,100.12,2,False,False
Harbour Inn,HI-11978,Confirmed,104,Garden Queen,2026-09-02,2026-09-04,2026-08-23,Booking.com,128.04,2,False,False
Harbour Inn,HI-11475,Confirmed,103,Harbour View King,2026-04-11,2026-04-14,2026-03-27,Expedia,174.46,3,False,False
Harbour Inn,HI-11498,Confirmed,101,Harbour View King,2026-04-18,2026-04-21,2025-12-09,Booking.com,207.56,3,False,False
Harbour Inn,HI-11257,Confirmed,201,Loft Suite,2025-12-18,2025-12-21,2025-12-14,Direct,112.89,3,False,False
Harbour Inn,HI-10807,Confirmed,104,Garden Queen,2025-07-21,2025-07-24,2025-07-10,Direct,156.63,3,False,False
Harbour Inn,HI-11463,Confirmed,103,Harbour View King,2026-04-07,2026-04-09,2026-03-08,Booking.com,138.44,2,False,False
Harbour Inn,HI-11120,Confirmed,102,Harbour View King,2025-10-19,2025-10-22,2025-10-03,Direct,155.58,3,False,False
Harbour Inn,HI-10854,Confirmed,101,Harbour View King,2025-08-03,2025-08-07,2025-07-12,Booking.com,212.26,4,False,False
Harbour Inn,HI-10373,Confirmed,101,Harbour View King,2025-03-11,2025-03-13,2024-10-20,Airbnb,98.13,2,False,False
Harbour Inn,HI-10095,Confirmed,202,Loft Suite,2024-10-31,2024-11-02,2024-10-25,Expedia,207.02,2,False,False
Harbour Inn,HI-10626,Confirmed,101,Harbour View King,2025-06-05,2025-06-07,2025-05-11,Direct,216.44,2,False,False
Harbour Inn,HI-10091,Confirmed,102,Harbour View King,2024-10-29,2024-11-01,2024-10-24,Airbnb,136.51,3,False,False
Harbour Inn,HI-11348,Confirmed,201,Loft Suite,2026-01-31,2026-02-03,2026-01-30,Airbnb,173.21,3,False,False
Harbour Inn,HI-10910,Confirmed,105,Garden Queen,2025-08-17,2025-08-20,2025-08-15,Airbnb,178.3,3,False,False
Harbour Inn,HI-10946,Confirmed,105,Garden Queen,2025-08-26,2025-08-27,2025-07-30,Expedia,167.12,1,False,False
Harbour Inn,HI-11217,Confirmed,106,Garden Queen,2025-11-28,2025-12-01,2025-11-23,Booking.com,134.14,3,False,False
Harbour Inn,HI-11185,Confirmed,103,Harbour View King,2025-11-14,2025-11-17,2025-11-09,Airbnb,182.57,3,False,False
Harbour Inn,HI-11015,Confirmed,101,Harbour View King,2025-09-16,2025-09-19,2025-09-14,Direct,147.53,3,False,False
Harbour Inn,HI-12051,Confirmed,103,Harbour View King,2026-09-29,2026-10-01,2026-09-18,Booking.com,144.08,2,False,False
Harbour Inn,HI-11601,Confirmed,102,Harbour View King,2026-05-23,2026-05-25,2026-05-16,Direct,192.43,2,False,False
Harbour Inn,HI-11191,Confirmed,106,Garden Queen,2025-11-16,2025-11-19,2025-10-28,Airbnb,99.62,3,False,False
Harbour Inn,HI-10644,Confirmed,105,Garden Queen,2025-06-09,2025-06-10,2025-05-21,Airbnb,150.31,1,False,False
Harbour Inn,HI-10891,Confirmed,201,Loft Suite,2025-08-13,2025-08-15,2025-07-29,Direct,246.66,2,False,False
Harbour Inn,HI-10416,Confirmed,201,Loft Suite,2025-04-02,2025-04-06,2024-10-08,Expedia,161.91,4,False,False
Harbour Inn,HI-10477,Confirmed,201,Loft Suite,2025-04-22,2025-04-25,2025-04-11,Expedia,177.08,3,False,False
Harbour Inn,HI-11824,Confirmed,103,Harbour View King,2026-07-23,2026-07-25,2026-05-19,Direct,230.42,2,False,False
Harbour Inn,HI-10030,Cancelled,105,Garden Queen,2024-10-09,2024-10-10,2024-09-23,Booking.com,103.23,1,False,False
Harbour Inn,HI-10428,Confirmed,103,Harbour View King,2025-04-07,2025-04-09,2024-12-13,Direct,140.79,2,False,False
Harbour Inn,HI-10060,Confirmed,106,Garden Queen,2024-10-20,2024-10-23,2024-09-18,Booking.com,118.44,3,False,False
Harbour Inn,HI-11051,Confirmed,202,Loft Suite,2025-09-26,2025-09-28,2025-09-03,Booking.com,306.06,2,False,False
Harbour Inn,HI-10051,Confirmed,202,Loft Suite,2024-10-17,2024-10-19,2024-10-09,Booking.com,214.01,2,False,False
Harbour Inn,HI-10062,Confirmed,104,Garden Queen,2024-10-21,2024-10-23,2024-10-03,Airbnb,118.07,2,False,False
Harbour Inn,HI-12119,Confirmed,105,Garden Queen,2026-11-06,2026-11-09,2026-06-11,Booking.com,129.66,3,False,False
Harbour Inn,HI-11658,Confirmed,201,Loft Suite,2026-06-08,2026-06-11,2026-05-29,Airbnb,209.63,3,False,False
Harbour Inn,HI-11585,Confirmed,102,Harbour View King,2026-05-18,2026-05-21,2026-05-05,Booking.com,110.99,3,False,False
Harbour Inn,HI-11321,Confirmed,202,Loft Suite,2026-01-14,2026-01-15,2025-11-14,Direct,121.08,1,False,False
Harbour Inn,HI-10075,Confirmed,104,Garden Queen,2024-10-25,2024-10-27,2024-10-14,Booking.com,187.95,2,False,False
Harbour Inn,HI-11826,Cancelled,201,Loft Suite,2026-07-23,2026-07-25,2026-06-23,Expedia,309.31,2,False,False
Harbour Inn,HI-11922,Confirmed,106,Garden Queen,2026-08-17,2026-08-20,2026-06-13,Booking.com,190.4,3,False,False
Harbour Inn,HI-11847,Confirmed,106,Garden Queen,2026-07-29,2026-08-01,2026-06-26,Airbnb,184.81,3,False,False
Harbour Inn,HI-10682,Confirmed,202,Loft Suite,2025-06-17,2025-06-18,2025-06-02,Direct,199.98,1,False,False
Harbour Inn,HI-10983,Confirmed,201,Loft Suite,2025-09-05,2025-09-10,2025-08-12,Booking.com,254.79,5,False,False
Harbour Inn,HI-11183,Confirmed,106,Garden Queen,2025-11-13,2025-11-14,2025-11-08,Booking.com,110.12,1,False,False
Harbour Inn,HI-10571,Confirmed,201,Loft Suite,2025-05-22,2025-05-26,2025-05-08,Expedia,242.72,4,False,False
Harbour Inn,HI-10082,Confirmed,101,Harbour View King,2024-10-27,2024-10-29,2024-10-23,Booking.com,115.4,2,False,False
Harbour Inn,HI-11115,Confirmed,201,Loft Suite,2025-10-17,2025-10-20,2025-10-15,Booking.com,272.82,3,False,False
Harbour Inn,HI-11880,Confirmed,201,Loft Suite,2026-08-06,2026-08-11,2026-07-21,Booking.com,315.62,5,False,False
Harbour Inn,HI-10410,Cancelled,105,Garden Queen,2025-03-30,2025-04-02,2025-01-19,Direct,95.79,3,False,False
Harbour Inn,HI-10418,Confirmed,202,Loft Suite,2025-04-03,2025-04-04,2024-11-30,Airbnb,238.43,1,False,False
Harbour Inn,HI-10157,Confirmed,201,Loft Suite,2024-11-29,2024-12-01,2024-11-27,Airbnb,157.59,2,False,False
Harbour Inn,HI-10846,Confirmed,101,Harbour View King,2025-08-01,2025-08-03,2025-07-15,Expedia,367.84,2,False,False
Harbour Inn,HI-10866,Confirmed,202,Loft Suite,2025-08-05,2025-08-06,2025-07-31,Booking.com,243.44,1,False,False
Harbour Inn,HI-11625,Confirmed,103,Harbour View King,2026-05-30,2026-06-02,2026-02-13,Direct,226.69,3,False,False
Harbour Inn,HI-11631,Confirmed,102,Harbour View King,2026-06-01,2026-06-03,2026-05-13,Booking.com,169.8,2,False,False
Harbour Inn,HI-12118,Confirmed,103,Harbour View King,2026-11-03,2026-11-06,2026-09-12,Booking.com,89.14,3,False,False
Harbour Inn,HI-10234,Confirmed,104,Garden Queen,2025-01-04,2025-01-05,2024-12-26,Airbnb,132.76,1,False,False
Harbour Inn,HI-11038,Confirmed,101,Harbour View King,2025-09-23,2025-09-27,2025-04-07,Direct,141.27,4,False,False
Harbour Inn,HI-11352,Confirmed,105,Garden Queen,2026-02-04,2026-02-09,2026-02-03,Direct,81.24,5,False,False
Harbour Inn,HI-10296,Confirmed,102,Harbour View King,2025-02-03,2025-02-06,2025-01-13,Direct,95.8,3,False,False
Harbour Inn,HI-11088,Confirmed,106,Garden Queen,2025-10-09,2025-10-12,2025-10-03,Direct,158.18,3,False,False
Harbour Inn,HI-11965,Confirmed,101,Harbour View King,2026-08-30,2026-09-04,2026-07-01,Direct,222.26,5,False,False
Harbour Inn,HI-10782,Confirmed,202,Loft Suite,2025-07-14,2025-07-16,2025-06-14,Airbnb,236.13,2,False,False
Harbour Inn,HI-10360,Confirmed,102,Harbour View King,2025-03-03,2025-03-07,2025-02-20,Airbnb,116.6,4,False,False
Harbour Inn,HI-11452,Confirmed,102,Harbour View King,2026-04-02,2026-04-05,2026-03-01,Direct,221.6,3,False,False
Harbour Inn,HI-12063,Confirmed,201,Loft Suite,2026-10-02,2026-10-04,2026-09-27,Booking.com,335.17,2,False,False
Harbour Inn,HI-10313,Confirmed,202,Loft Suite,2025-02-09,2025-02-12,2025-02-02,Expedia,133.57,3,False,False
Harbour Inn,HI-10415,Confirmed,105,Garden Queen,2025-04-02,2025-04-03,2025-04-01,Direct,118.65,1,False,False
Harbour Inn,HI-10881,Confirmed,102,Harbour View King,2025-08-10,2025-08-12,2025-06-23,Direct,214.54,2,False,False
Harbour Inn,HI-10063,Confirmed,101,Harbour View King,2024-10-22,2024-10-24,2024-10-17,Expedia,132.61,2,False,False
Harbour Inn,HI-10535,Confirmed,202,Loft Suite,2025-05-11,2025-05-13,2025-04-24,Booking.com,183.51,2,False,False
Harbour Inn,HI-11564,Confirmed,101,Harbour View King,2026-05-13,2026-05-15,2025-11-30,Direct,147.39,2,False,False
Harbour Inn,HI-11844,Confirmed,101,Harbour View King,2026-07-29,2026-07-31,2026-07-12,Booking.com,195.58,2,False,False
Harbour Inn,HI-11247,Confirmed,201,Loft Suite,2025-12-14,2025-12-17,2025-08-26,Airbnb,128.34,3,False,False
Harbour Inn,HI-10252,Confirmed,104,Garden Queen,2025-01-14,2025-01-16,2025-01-04,Direct,92.78,2,False,False
Harbour Inn,HI-11192,Confirmed,202,Loft Suite,2025-11-16,2025-11-17,2025-11-12,Expedia,119.52,1,False,False
Harbour Inn,HI-10116,Confirmed,202,Loft Suite,2024-11-12,2024-11-15,2024-09-07,Airbnb,120.09,3,False,False
Harbour Inn,HI-11803,Confirmed,106,Garden Queen,2026-07-17,2026-07-18,2026-01-28,Booking.com,272.24,1,False,False
Harbour Inn,HI-11628,Confirmed,202,Loft Suite,2026-05-30,2026-06-02,2026-02-13,Expedia,248.8,3,False,False
Harbour Inn,HI-11643,Cancelled,103,Harbour View King,2026-06-04,2026-06-05,2026-04-20,Expedia,227.86,1,False,False
Harbour Inn,HI-11042,Confirmed,105,Garden Queen,2025-09-24,2025-09-27,2025-05-24,Expedia,118.06,3,False,False
Harbour Inn,HI-11654,Confirmed,202,Loft Suite,2026-06-07,2026-06-09,2026-03-26,Booking.com,247.49,2,False,False
Harbour Inn,HI-10115,Confirmed,104,Garden Queen,2024-11-12,2024-11-14,2024-11-08,Booking.com,66.0,2,False,False
Harbour Inn,HI-10001,Confirmed,105,Garden Queen,2024-10-01,2024-10-06,2024-09-22,Airbnb,121.08,5,False,False
Harbour Inn,HI-10187,Confirmed,101,Harbour View King,2024-12-14,2024-12-16,2024-12-02,Airbnb,152.34,2,False,False
Harbour Inn,HI-11277,Confirmed,104,Garden Queen,2025-12-26,2025-12-27,2025-12-16,Booking.com,119.26,1,False,False
Harbour Inn,HI-10723,Confirmed,104,Garden Queen,2025-06-30,2025-07-05,2025-04-08,Direct,148.24,5,False,False
Harbour Inn,HI-11500,Confirmed,201,Loft Suite,2026-04-18,2026-04-21,2026-02-19,Booking.com,274.3,3,False,False
Harbour Inn,HI-10519,Confirmed,104,Garden Queen,2025-05-05,2025-05-06,2025-04-15,Booking.com,121.77,1,False,False
Harbour Inn,HI-11950,Confirmed,105,Garden Queen,2026-08-26,2026-08-28,2026-08-14,Airbnb,157.13,2,False,False
Harbour Inn,HI-10992,Confirmed,104,Garden Queen,2025-09-10,2025-09-11,2025-08-21,Booking.com,115.34,1,False,False
Harbour Inn,HI-10691,Confirmed,201,Loft Suite,2025-06-19,2025-06-24,2025-05-31,Airbnb,233.96,5,False,False
Harbour Inn,HI-11962,Confirmed,104,Garden Queen,2026-08-29,2026-09-01,2026-07-23,Booking.com,251.64,3,False,False
Harbour Inn,HI-11554,Confirmed,101,Harbour View King,2026-05-09,2026-05-13,2026-05-01,Airbnb,220.2,4,False,False
Harbour Inn,HI-12009,Confirmed,103,Harbour View King,2026-09-14,2026-09-17,2026-08-05,Booking.com,155.32,3,False,False
Harbour Inn,HI-11800,Confirmed,202,Loft Suite,2026-07-16,2026-07-19,2026-07-13,Airbnb,320.42,3,False,False
Harbour Inn,HI-11635,Confirmed,104,Garden Queen,2026-06-02,2026-06-06,2026-05-25,Booking.com,183.96,4,False,False
Harbour Inn,HI-11186,Confirmed,105,Garden Queen,2025-11-14,2025-11-16,2025-11-11,Direct,100.3,2,False,False
Harbour Inn,HI-11632,Confirmed,105,Garden Queen,2026-06-01,2026-06-04,2026-01-19,Direct,178.93,3,False,False
Harbour Inn,HI-11999,Confirmed,102,Harbour View King,2026-09-10,2026-09-13,2026-09-07,Booking.com,205.92,3,False,False
Harbour Inn,HI-11142,Confirmed,202,Loft Suite,2025-10-27,2025-10-30,2025-10-05,Airbnb,167.45,3,False,False
Harbour Inn,HI-11641,Confirmed,201,Loft Suite,2026-06-03,2026-06-06,2026-05-08,Booking.com,236.4,3,False,False
Harbour Inn,HI-11551,Confirmed,102,Harbour View King,2026-05-08,2026-05-10,2026-04-28,Direct,230.38,2,False,False
Harbour Inn,HI-11438,Confirmed,102,Harbour View King,2026-03-18,2026-03-23,2026-03-14,Booking.com,76.58,5,False,False
Harbour Inn,HI-10253,Confirmed,201,Loft Suite,2025-01-14,2025-01-15,2025-01-01,Airbnb,120.12,1,False,False
Harbour Inn,HI-12057,Confirmed,202,Loft Suite,2026-09-30,2026-10-02,2026-09-22,Booking.com,174.24,2,False,False
Harbour Inn,HI-11714,Confirmed,103,Harbour View King,2026-06-23,2026-06-24,2026-06-02,Direct,165.43,1,False,False
Harbour Inn,HI-11675,Confirmed,103,Harbour View King,2026-06-13,2026-06-16,2026-05-22,Direct,314.16,3,False,False
Harbour Inn,HI-11026,Confirmed,101,Harbour View King,2025-09-20,2025-09-23,2025-08-28,Direct,198.71,3,False,False
Harbour Inn,HI-11207,Confirmed,103,Harbour View King,2025-11-24,2025-11-27,2025-11-19,Airbnb,87.48,3,False,False
Harbour Inn,HI-11659,Confirmed,102,Harbour View King,2026-06-09,2026-06-11,2026-02-04,Booking.com,168.91,2,False,False
Harbour Inn,HI-11398,Confirmed,105,Garden Queen,2026-02-25,2026-02-27,2026-02-10,Direct,79.33,2,False,False
Harbour Inn,HI-11016,Confirmed,104,Garden Queen,2025-09-16,2025-09-21,2025-08-31,Booking.com,124.83,5,False,False
Harbour Inn,HI-11693,Confirmed,101,Harbour View King,2026-06-18,2026-06-21,2026-05-23,Direct,248.39,3,False,False
Harbour Inn,HI-11037,Cancelled,201,Loft Suite,2025-09-22,2025-09-24,2025-06-12,Booking.com,177.17,2,False,False
Harbour Inn,HI-10825,Confirmed,202,Loft Suite,2025-07-25,2025-07-28,2025-07-09,Airbnb,349.39,3,False,False
Harbour Inn,HI-10314,Confirmed,101,Harbour View King,2025-02-10,2025-02-11,2024-08-23,Direct,100.94,1,False,False
Harbour Inn,HI-10627,Confirmed,102,Harbour View King,2025-06-05,2025-06-06,2025-05-12,Booking.com,286.18,1,False,False
Harbour Inn,HI-11945,Confirmed,102,Harbour View King,2026-08-25,2026-08-29,2026-08-16,Airbnb,189.31,4,False,False
Harbour Inn,HI-12054,Confirmed,104,Garden Queen,2026-09-30,2026-10-01,2026-05-13,Direct,117.77,1,False,False
Harbour Inn,HI-10595,Confirmed,105,Garden Queen,2025-05-28,2025-05-31,2025-02-09,Booking.com,107.09,3,False,False
Harbour Inn,HI-10138,Confirmed,201,Loft Suite,2024-11-22,2024-11-25,2024-11-12,Direct,198.8,3,False,False
Harbour Inn,HI-10100,Confirmed,102,Harbour View King,2024-11-02,2024-11-04,2024-09-04,Airbnb,143.89,2,False,False
Harbour Inn,HI-10189,Confirmed,105,Garden Queen,2024-12-14,2024-12-16,2024-12-03,Direct,129.51,2,False,False
Harbour Inn,HI-10403,Confirmed,202,Loft Suite,2025-03-28,2025-04-01,2024-10-31,Airbnb,191.05,4,False,False
Harbour Inn,HI-10250,Confirmed,103,Harbour View King,2025-01-13,2025-01-17,2025-01-05,Booking.com,97.39,4,False,False
Harbour Inn,HI-10107,Confirmed,106,Garden Queen,2024-11-04,2024-11-08,2024-10-29,Expedia,81.71,4,False,False
Harbour Inn,HI-11236,Confirmed,103,Harbour View King,2025-12-09,2025-12-11,2025-09-09,Booking.com,90.73,2,False,False
Harbour Inn,HI-11813,Confirmed,101,Harbour View King,2026-07-20,2026-07-22,2026-07-16,Airbnb,196.05,2,False,False
Harbour Inn,HI-11430,Confirmed,102,Harbour View King,2026-03-13,2026-03-16,2026-03-03,Direct,169.02,3,False,False
Harbour Inn,HI-10761,Confirmed,102,Harbour View King,2025-07-10,2025-07-12,2025-06-30,Expedia,253.22,2,False,False
Harbour Inn,HI-10068,Confirmed,101,Harbour View King,2024-10-24,2024-10-26,2024-10-07,Booking.com,146.97,2,False,False
Harbour Inn,HI-11719,Confirmed,106,Garden Queen,2026-06-24,2026-06-26,2026-03-10,Booking.com,164.27,2,False,False
Harbour Inn,HI-10035,Confirmed,103,Harbour View King,2024-10-11,2024-10-13,2024-09-06,Booking.com,216.16,2,False,False
Harbour Inn,HI-12010,Confirmed,101,Harbour View King,2026-09-15,2026-09-17,2026-04-02,Direct,143.83,2,False,False
Harbour Inn,HI-12000,Confirmed,104,Garden Queen,2026-09-10,2026-09-11,2026-09-02,Booking.com,131.91,1,False,False
Harbour Inn,HI-11423,Confirmed,102,Harbour View King,2026-03-10,2026-03-12,2026-03-05,Booking.com,101.47,2,False,False
Harbour Inn,HI-11875,Confirmed,102,Harbour View King,2026-08-06,2026-08-07,2026-03-27,Direct,275.22,1,False,False
Harbour Inn,HI-11246,Confirmed,102,Harbour View King,2025-12-14,2025-12-17,2025-12-06,Expedia,93.13,3,False,False
Harbour Inn,HI-10871,Confirmed,103,Harbour View King,2025-08-07,2025-08-09,2025-07-10,Direct,238.03,2,False,False
Harbour Inn,HI-11049,Confirmed,104,Garden Queen,2025-09-26,2025-09-29,2025-05-19,Direct,161.47,3,False,False
Harbour Inn,HI-10283,Confirmed,104,Garden Queen,2025-01-29,2025-01-30,2024-11-03,Booking.com,92.18,1,False,False
Harbour Inn,HI-12098,Confirmed,106,Garden Queen,2026-10-16,2026-10-17,2026-09-26,Direct,199.81,1,False,False
Harbour Inn,HI-10568,Confirmed,201,Loft Suite,2025-05-21,2025-05-22,2025-05-08,Expedia,148.87,1,False,False
Harbour Inn,HI-11695,Confirmed,103,Harbour View King,2026-06-18,2026-06-20,2026-04-27,Expedia,163.4,2,False,False
Harbour Inn,HI-11489,Confirmed,201,Loft Suite,2026-04-14,2026-04-17,2026-03-25,Direct,162.66,3,False,False
Harbour Inn,HI-11819,Confirmed,101,Harbour View King,2026-07-22,2026-07-24,2026-07-20,Direct,198.55,2,False,False
Harbour Inn,HI-10409,Confirmed,103,Harbour View King,2025-03-30,2025-03-31,2025-03-19,Booking.com,116.31,1,False,False
Harbour Inn,HI-11900,Confirmed,102,Harbour View King,2026-08-12,2026-08-13,2026-04-13,Booking.com,162.82,1,False,False
Harbour Inn,HI-10108,Confirmed,202,Loft Suite,2024-11-04,2024-11-05,2024-10-27,Booking.com,111.47,1,False,False
Harbour Inn,HI-10137,Confirmed,102,Harbour View King,2024-11-22,2024-11-24,2024-11-22,Airbnb,129.84,2,False,False
Harbour Inn,HI-11703,Confirmed,105,Garden Queen,2026-06-20,2026-06-22,2026-06-04,Booking.com,256.38,2,False,False
Harbour Inn,HI-10146,Confirmed,105,Garden Queen,2024-11-25,2024-11-26,2024-11-22,Direct,65.24,1,False,False
Harbour Inn,HI-11318,Confirmed,101,Harbour View King,2026-01-14,2026-01-17,2026-01-02,Booking.com,105.65,3,False,False
Harbour Inn,HI-11454,Confirmed,105,Garden Queen,2026-04-02,2026-04-06,2026-03-16,Airbnb,135.08,4,False,False
Harbour Inn,HI-11330,Confirmed,102,Harbour View King,2026-01-22,2026-01-24,2025-08-12,Direct,138.37,2,False,False
Harbour Inn,HI-10959,Confirmed,105,Garden Queen,2025-08-30,2025-09-01,2025-07-12,Booking.com,252.5,2,False,False
Harbour Inn,HI-10475,Confirmed,103,Harbour View King,2025-04-22,2025-04-25,2025-02-26,Booking.com,99.38,3,False,False
Harbour Inn,HI-10323,Confirmed,105,Garden Queen,2025-02-12,2025-02-15,2024-12-28,Booking.com,74.71,3,False,False
Harbour Inn,HI-12066,Confirmed,106,Garden Queen,2026-10-03,2026-10-05,2026-09-17,Booking.com,186.48,2,False,False
Harbour Inn,HI-10440,Confirmed,202,Loft Suite,2025-04-10,2025-04-12,2025-03-10,Booking.com,206.17,2,False,False
Harbour Inn,HI-10903,Confirmed,103,Harbour View King,2025-08-16,2025-08-21,2025-08-09,Airbnb,302.93,5,False,False
Harbour Inn,HI-11161,Confirmed,201,Loft Suite,2025-11-04,2025-11-06,2025-10-30,Direct,132.18,2,False,False
Harbour Inn,HI-11964,Confirmed,201,Loft Suite,2026-08-29,2026-08-31,2026-08-21,Booking.com,338.14,2,False,False
Harbour Inn,HI-11909,Confirmed,201,Loft Suite,2026-08-14,2026-08-17,2026-08-11,Booking.com,454.07,3,False,False
Harbour Inn,HI-11783,Confirmed,105,Garden Queen,2026-07-12,2026-07-14,2026-07-04,Direct,144.75,2,False,False
Harbour Inn,HI-10783,Confirmed,103,Harbour View King,2025-07-15,2025-07-17,2025-07-13,Direct,187.99,2,False,False
Harbour Inn,HI-10558,Confirmed,201,Loft Suite,2025-05-18,2025-05-21,2025-05-11,Booking.com,194.69,3,False,False
Harbour Inn,HI-11238,Confirmed,104,Garden Queen,2025-12-10,2025-12-11,2025-09-12,Booking.com,89.06,1,False,False
Harbour Inn,HI-11378,Confirmed,104,Garden Queen,2026-02-17,2026-02-21,2025-10-14,Booking.com,85.61,4,False,False
Harbour Inn,HI-10387,Confirmed,106,Garden Queen,2025-03-19,2025-03-20,2025-03-16,Airbnb,67.64,1,False,False
Harbour Inn,HI-10922,Confirmed,101,Harbour View King,2025-08-21,2025-08-25,2025-05-13,Airbnb,229.06,4,False,False
Harbour Inn,HI-12095,Confirmed,201,Loft Suite,2026-10-15,2026-10-17,2026-09-04,Booking.com,179.05,2,False,False
Harbour Inn,HI-11087,Cancelled,202,Loft Suite,2025-10-08,2025-10-09,2025-10-03,Direct,146.44,1,False,False
Harbour Inn,HI-10198,Confirmed,105,Garden Queen,2024-12-17,2024-12-20,2024-06-28,Direct,67.49,3,False,False
Harbour Inn,HI-10275,Confirmed,102,Harbour View King,2025-01-26,2025-01-28,2024-11-29,Booking.com,115.29,2,False,False
Harbour Inn,HI-11356,Confirmed,201,Loft Suite,2026-02-06,2026-02-09,2026-01-21,Booking.com,247.76,3,False,False
Harbour Inn,HI-10333,Confirmed,101,Harbour View King,2025-02-18,2025-02-20,2025-02-14,Booking.com,78.29,2,False,False
Harbour Inn,HI-10593,Confirmed,102,Harbour View King,2025-05-28,2025-05-31,2025-05-17,Expedia,126.21,3,False,False
Harbour Inn,HI-10486,Confirmed,106,Garden Queen,2025-04-25,2025-04-28,2025-02-06,Expedia,179.36,3,False,False
Harbour Inn,HI-10856,Confirmed,104,Garden Queen,2025-08-03,2025-08-04,2025-06-22,Booking.com,185.7,1,False,False
Harbour Inn,HI-11417,Confirmed,104,Garden Queen,2026-03-06,2026-03-07,2026-03-05,Airbnb,102.44,1,False,False
Harbour Inn,HI-10215,Confirmed,102,Harbour View King,2024-12-27,2024-12-29,2024-12-17,Booking.com,169.14,2,False,False
Harbour Inn,HI-10880,Confirmed,106,Garden Queen,2025-08-09,2025-08-13,2025-07-18,Expedia,258.58,4,False,False
Harbour Inn,HI-12124,Confirmed,104,Garden Queen,2026-11-25,2026-11-26,2026-05-30,Booking.com,94.21,1,False,False
Harbour Inn,HI-12056,Confirmed,201,Loft Suite,2026-09-30,2026-10-02,2026-08-04,Expedia,167.55,2,False,False
Harbour Inn,HI-10648,Confirmed,103,Harbour View King,2025-06-10,2025-06-13,2025-05-18,Airbnb,200.68,3,False,False
Harbour Inn,HI-12132,Confirmed,201,Loft Suite,2026-12-14,2026-12-17,2026-06-28,Airbnb,105.6,3,False,False
Harbour Inn,HI-11070,Confirmed,202,Loft Suite,2025-10-02,2025-10-04,2025-09-23,Booking.com,200.79,2,False,False
Harbour Inn,HI-11879,Confirmed,106,Garden Queen,2026-08-06,2026-08-09,2026-07-12,Booking.com,229.57,3,False,False
Harbour Inn,HI-10630,Confirmed,202,Loft Suite,2025-06-05,2025-06-08,2025-05-24,Expedia,306.62,3,False,False
Harbour Inn,HI-11337,Confirmed,104,Garden Queen,2026-01-25,2026-01-27,2026-01-16,Booking.com,93.13,2,False,False
Harbour Inn,HI-11961,Confirmed,103,Harbour View King,2026-08-29,2026-08-30,2026-07-24,Booking.com,256.89,1,False,False
Harbour Inn,HI-11892,Confirmed,103,Harbour View King,2026-08-09,2026-08-10,2026-06-23,Booking.com,216.07,1,False,False
Harbour Inn,HI-11304,Confirmed,106,Garden Queen,2026-01-04,2026-01-06,2026-01-03,Expedia,72.0,2,False,False
Harbour Inn,HI-11377,Confirmed,106,Garden Queen,2026-02-16,2026-02-17,2026-02-15,Airbnb,66.28,1,False,False
Harbour Inn,HI-11219,Confirmed,105,Garden Queen,2025-11-29,2025-12-01,2025-11-25,Expedia,99.59,2,False,False
Harbour Inn,HI-10640,Confirmed,106,Garden Queen,2025-06-07,2025-06-09,2025-05-18,Direct,254.98,2,False,False
Harbour Inn,HI-10233,Confirmed,103,Harbour View King,2025-01-04,2025-01-07,2024-12-19,Direct,145.47,3,False,False
Harbour Inn,HI-12026,Confirmed,202,Loft Suite,2026-09-21,2026-09-24,2026-09-18,Expedia,135.96,3,False,False
Harbour Inn,HI-11920,Confirmed,102,Harbour View King,2026-08-17,2026-08-19,2026-08-10,Expedia,142.4,2,False,False
Harbour Inn,HI-10929,Confirmed,102,Harbour View King,2025-08-22,2025-08-24,2025-04-19,Booking.com,272.68,2,False,False
Harbour Inn,HI-10998,Confirmed,103,Harbour View King,2025-09-12,2025-09-14,2025-09-07,Expedia,203.84,2,False,False
Harbour Inn,HI-10258,Confirmed,202,Loft Suite,2025-01-16,2025-01-19,2025-01-07,Expedia,181.35,3,False,False
Harbour Inn,HI-11989,Confirmed,106,Garden Queen,2026-09-05,2026-09-07,2026-08-28,Booking.com,172.52,2,False,False
Harbour Inn,HI-12060,Confirmed,105,Garden Queen,2026-10-01,2026-10-03,2026-09-24,Airbnb,150.13,2,False,False
Harbour Inn,HI-11032,Confirmed,102,Harbour View King,2025-09-21,2025-09-22,2025-05-19,Expedia,166.04,1,False,False
Harbour Inn,HI-10227,Confirmed,202,Loft Suite,2024-12-31,2025-01-02,2024-12-03,Airbnb,108.36,2,False,False
Harbour Inn,HI-11231,Confirmed,202,Loft Suite,2025-12-06,2025-12-07,2025-07-20,Booking.com,184.55,1,False,False
Harbour Inn,HI-10709,Confirmed,103,Harbour View King,2025-06-25,2025-06-27,2025-06-20,Airbnb,193.72,2,False,False
Harbour Inn,HI-10532,Confirmed,106,Garden Queen,2025-05-10,2025-05-13,2025-04-16,Expedia,178.54,3,False,False
Harbour Inn,HI-10383,Confirmed,105,Garden Queen,2025-03-18,2025-03-19,2025-01-07,Booking.com,71.66,1,False,False
Harbour Inn,HI-10331,Confirmed,201,Loft Suite,2025-02-15,2025-02-17,2025-02-11,Booking.com,159.34,2,False,False
Harbour Inn,HI-10714,Confirmed,103,Harbour View King,2025-06-27,2025-06-29,2025-06-09,Direct,340.1,2,False,False
Harbour Inn,HI-11253,Confirmed,102,Harbour View King,2025-12-17,2025-12-22,2025-09-09,Booking.com,77.5,5,False,False
Harbour Inn,HI-12094,Confirmed,105,Garden Queen,2026-10-15,2026-10-16,2026-05-31,Direct,129.55,1,False,False
Harbour Inn,HI-12093,Confirmed,102,Harbour View King,2026-10-15,2026-10-18,2026-05-06,Expedia,146.57,3,False,False
Harbour Inn,HI-11043,Confirmed,106,Garden Queen,2025-09-24,2025-09-26,2025-08-29,Airbnb,124.39,2,False,False
Harbour Inn,HI-11286,Confirmed,201,Loft Suite,2025-12-28,2025-12-30,2025-12-14,Airbnb,140.02,2,False,False
Harbour Inn,HI-11970,Confirmed,105,Garden Queen,2026-08-31,2026-09-03,2026-06-26,Airbnb,146.01,3,False,False
Harbour Inn,HI-10552,Confirmed,106,Garden Queen,2025-05-16,2025-05-19,2025-04-27,Direct,191.02,3,False,False
Harbour Inn,HI-11092,Confirmed,103,Harbour View King,2025-10-11,2025-10-14,2025-09-28,Direct,234.19,3,False,False
Harbour Inn,HI-11379,Confirmed,105,Garden Queen,2026-02-17,2026-02-20,2025-12-14,Booking.com,89.06,3,False,False
Harbour Inn,HI-12062,Confirmed,103,Harbour View King,2026-10-02,2026-10-05,2026-09-22,Booking.com,253.92,3,False,False
Harbour Inn,HI-11997,Confirmed,202,Loft Suite,2026-09-09,2026-09-12,2026-04-05,Airbnb,196.25,3,False,False
Harbour Inn,HI-12091,Confirmed,104,Garden Queen,2026-10-13,2026-10-15,2026-09-17,Booking.com,80.87,2,False,False
Harbour Inn,HI-10083,Confirmed,103,Harbour View King,2024-10-27,2024-10-29,2024-10-23,Direct,145.96,2,False,False
Harbour Inn,HI-10243,Confirmed,101,Harbour View King,2025-01-10,2025-01-12,2025-01-10,Booking.com,151.68,2,False,False
Harbour Inn,HI-10133,Confirmed,104,Garden Queen,2024-11-20,2024-11-21,2024-11-12,Airbnb,85.3,1,True,False
Harbour Inn,HI-11419,Confirmed,101,Harbour View King,2026-03-07,2026-03-08,2026-03-03,Airbnb,102.68,1,False,False
Harbour Inn,HI-10485,Confirmed,103,Harbour View King,2025-04-25,2025-04-28,2025-04-17,Direct,226.25,3,False,False
Harbour Inn,HI-10245,Confirmed,105,Garden Queen,2025-01-11,2025-01-13,2025-01-03,Direct,120.87,2,False,False
Harbour Inn,HI-10367,Confirmed,202,Loft Suite,2025-03-07,2025-03-10,2025-02-28,Booking.com,208.24,3,False,False
Harbour Inn,HI-11048,Confirmed,103,Harbour View King,2025-09-26,2025-09-28,2025-09-19,Direct,259.12,2,False,False
Harbour Inn,HI-11771,Confirmed,104,Garden Queen,2026-07-09,2026-07-11,2026-02-05,Booking.com,181.93,2,False,False
Harbour Inn,HI-11160,Confirmed,106,Garden Queen,2025-11-02,2025-11-05,2025-10-14,Booking.com,97.29,3,False,False
Harbour Inn,HI-11608,Confirmed,101,Harbour View King,2026-05-25,2026-05-27,2026-05-21,Booking.com,138.13,2,False,False
Harbour Inn,HI-10522,Confirmed,101,Harbour View King,2025-05-08,2025-05-11,2025-05-02,Booking.com,150.17,3,False,False
Harbour Inn,HI-11007,Confirmed,202,Loft Suite,2025-09-13,2025-09-15,2025-08-31,Booking.com,251.79,2,False,False
Harbour Inn,HI-11315,Confirmed,106,Garden Queen,2026-01-10,2026-01-11,2025-12-30,Airbnb,155.61,1,False,False
Harbour Inn,HI-10582,Confirmed,104,Garden Queen,2025-05-25,2025-05-28,2025-05-19,Airbnb,136.13,3,False,False
Harbour Inn,HI-12025,Confirmed,106,Garden Queen,2026-09-20,2026-09-21,2026-08-28,Direct,122.79,1,False,False
Harbour Inn,HI-10945,Confirmed,101,Harbour View King,2025-08-26,2025-08-29,2025-08-14,Expedia,192.8,3,False,False
Harbour Inn,HI-11481,Confirmed,104,Garden Queen,2026-04-12,2026-04-14,2026-03-01,Booking.com,127.3,2,False,False
Harbour Inn,HI-11230,Confirmed,103,Harbour View King,2025-12-06,2025-12-07,2025-11-23,Direct,154.36,1,False,False
Harbour Inn,HI-11465,Confirmed,102,Harbour View King,2026-04-09,2026-04-12,2026-03-19,Direct,171.29,3,False,False
Harbour Inn,HI-11442,Confirmed,201,Loft Suite,2026-03-23,2026-03-28,2026-03-18,Booking.com,135.34,5,False,False
Harbour Inn,HI-11432,Confirmed,103,Harbour View King,2026-03-14,2026-03-16,2026-03-14,Booking.com,126.03,2,False,False
Harbour Inn,HI-11275,Confirmed,202,Loft Suite,2025-12-25,2025-12-27,2025-12-24,Direct,131.44,2,False,False
Harbour Inn,HI-10770,Confirmed,101,Harbour View King,2025-07-12,2025-07-14,2025-06-18,Expedia,300.32,2,False,False
Harbour Inn,HI-11763,Confirmed,105,Garden Queen,2026-07-07,2026-07-11,2026-06-30,Airbnb,156.06,4,False,False
Harbour Inn,HI-10143,Confirmed,202,Loft Suite,2024-11-23,2024-11-26,2024-07-04,Expedia,187.8,3,False,False
Harbour Inn,HI-10551,Confirmed,105,Garden Queen,2025-05-16,2025-05-21,2025-04-28,Booking.com,168.71,5,False,False
Harbour Inn,HI-11062,Confirmed,105,Garden Queen,2025-09-30,2025-10-05,2025-04-05,Booking.com,125.1,5,False,False
Harbour Inn,HI-10338,Confirmed,101,Harbour View King,2025-02-20,2025-02-23,2025-02-19,Airbnb,104.97,3,False,False
Harbour Inn,HI-10483,Confirmed,105,Garden Queen,2025-04-24,2025-04-27,2025-04-14,Booking.com,151.9,3,False,False
Harbour Inn,HI-10708,Confirmed,104,Garden Queen,2025-06-24,2025-06-25,2025-05-27,Expedia,180.82,1,False,False
Harbour Inn,HI-11627,Confirmed,106,Garden Queen,2026-05-30,2026-06-01,2026-05-26,Expedia,141.78,2,False,False
Harbour Inn,HI-10740,Confirmed,101,Harbour View King,2025-07-05,2025-07-08,2025-02-11,Booking.com,312.97,3,False,False
Harbour Inn,HI-11584,Confirmed,101,Harbour View King,2026-05-18,2026-05-22,2026-05-08,Booking.com,143.31,4,False,False
Harbour Inn,HI-10938,Confirmed,201,Loft Suite,2025-08-23,2025-08-25,2025-07-28,Direct,312.4,2,False,False
Harbour Inn,HI-10875,Confirmed,201,Loft Suite,2025-08-08,2025-08-11,2025-07-31,Expedia,349.71,3,False,False
Harbour Inn,HI-10877,Confirmed,101,Harbour View King,2025-08-09,2025-08-14,2025-07-19,Expedia,305.67,5,False,False
Harbour Inn,HI-11311,Confirmed,103,Harbour View King,2026-01-08,2026-01-10,2025-12-21,Direct,129.8,2,False,False
Harbour Inn,HI-11450,Confirmed,106,Garden Queen,2026-04-01,2026-04-03,2025-12-20,Direct,120.49,2,False,False
Harbour Inn,HI-11737,Confirmed,201,Loft Suite,2026-06-29,2026-06-30,2026-04-09,Direct,247.45,1,False,False
Harbour Inn,HI-11743,Cancelled,103,Harbour View King,2026-07-01,2026-07-05,2026-06-20,Direct,185.42,4,False,False
Harbour Inn,HI-10754,Confirmed,101,Harbour View King,2025-07-08,2025-07-12,2025-06-13,Booking.com,194.98,4,False,False
Harbour Inn,HI-11578,Confirmed,201,Loft Suite,2026-05-15,2026-05-17,2026-05-05,Booking.com,258.71,2,False,False
Harbour Inn,HI-10077,Confirmed,201,Loft Suite,2024-10-25,2024-10-27,2024-10-15,Airbnb,309.8,2,False,False
Harbour Inn,HI-11583,Confirmed,202,Loft Suite,2026-05-17,2026-05-18,2026-05-17,Booking.com,198.04,1,False,False
Harbour Inn,HI-11211,Confirmed,102,Harbour View King,2025-11-26,2025-11-29,2025-11-24,Airbnb,93.29,3,False,False
Harbour Inn,HI-10240,Confirmed,104,Garden Queen,2025-01-07,2025-01-09,2025-01-04,Booking.com,65.48,2,False,False
Harbour Inn,HI-10442,Confirmed,103,Harbour View King,2025-04-11,2025-04-14,2025-03-17,Direct,208.8,3,False,False
Harbour Inn,HI-10178,Confirmed,105,Garden Queen,2024-12-10,2024-12-13,2024-12-03,Expedia,81.37,3,False,False
Harbour Inn,HI-10679,Confirmed,103,Harbour View King,2025-06-17,2025-06-20,2025-04-24,Airbnb,190.59,3,False,False
Harbour Inn,HI-10810,Confirmed,102,Harbour View King,2025-07-22,2025-07-25,2025-05-17,Direct,191.55,3,False,False
Harbour Inn,HI-10369,Confirmed,106,Garden Queen,2025-03-08,2025-03-11,2025-03-04,Direct,104.35,3,False,False
Harbour Inn,HI-11815,Confirmed,104,Garden Queen,2026-07-20,2026-07-22,2026-02-22,Booking.com,157.95,2,False,False
Harbour Inn,HI-10853,Confirmed,202,Loft Suite,2025-08-02,2025-08-03,2025-07-29,Direct,342.46,1,False,False
Harbour Inn,HI-11053,Confirmed,102,Harbour View King,2025-09-27,2025-09-28,2025-09-23,Booking.com,179.17,1,False,False
Harbour Inn,HI-10624,Confirmed,104,Garden Queen,2025-06-04,2025-06-07,2025-04-20,Airbnb,193.62,3,False,False
Harbour Inn,HI-11446,Confirmed,202,Loft Suite,2026-03-28,2026-03-30,2026-03-26,Booking.com,175.41,2,False,False
Harbour Inn,HI-11418,Confirmed,106,Garden Queen,2026-03-06,2026-03-09,2025-11-07,Booking.com,149.0,3,False,False
Harbour Inn,HI-11664,Confirmed,202,Loft Suite,2026-06-10,2026-06-11,2026-05-05,Booking.com,237.45,1,False,False
Harbour Inn,HI-12123,Confirmed,101,Harbour View King,2026-11-18,2026-11-19,2026-08-16,Booking.com,101.82,1,False,False
Harbour Inn,HI-10912,Confirmed,201,Loft Suite,2025-08-17,2025-08-19,2025-07-24,Booking.com,239.88,2,False,False
Harbour Inn,HI-10704,Confirmed,102,Harbour View King,2025-06-23,2025-06-25,2025-06-04,Booking.com,178.67,2,False,False
Harbour Inn,HI-10177,Confirmed,104,Garden Queen,2024-12-10,2024-12-11,2024-10-01,Booking.com,95.72,1,False,False
Harbour Inn,HI-10730,Confirmed,202,Loft Suite,2025-07-01,2025-07-04,2025-03-13,Direct,225.44,3,False,False
Harbour Inn,HI-10491,Confirmed,202,Loft Suite,2025-04-26,2025-04-28,2025-02-07,Booking.com,270.21,2,False,False
Harbour Inn,HI-10272,Confirmed,106,Garden Queen,2025-01-24,2025-01-27,2025-01-12,Booking.com,135.95,3,False,False
Harbour Inn,HI-11525,Confirmed,103,Harbour View King,2026-04-28,2026-04-30,2025-11-09,Booking.com,141.86,2,False,False
Harbour Inn,HI-11846,Confirmed,105,Garden Queen,2026-07-29,2026-08-01,2026-07-12,Direct,171.54,3,False,False
Harbour Inn,HI-10545,Confirmed,201,Loft Suite,2025-05-14,2025-05-16,2025-05-06,Booking.com,164.67,2,False,False
Harbour Inn,HI-11197,Confirmed,202,Loft Suite,2025-11-19,2025-11-20,2025-09-28,Airbnb,130.5,1,False,False
Harbour Inn,HI-11530,Confirmed,104,Garden Queen,2026-04-29,2026-05-02,2026-02-26,Direct,112.95,3,False,False
Harbour Inn,HI-11268,Confirmed,103,Harbour View King,2025-12-22,2025-12-24,2025-10-24,Direct,107.54,2,False,False
Harbour Inn,HI-11061,Confirmed,104,Garden Queen,2025-09-30,2025-10-02,2025-09-24,Direct,93.13,2,False,False
Harbour Inn,HI-10207,Confirmed,201,Loft Suite,2024-12-21,2024-12-22,2024-12-13,Booking.com,205.21,1,False,False
Harbour Inn,HI-11910,Confirmed,202,Loft Suite,2026-08-14,2026-08-16,2026-06-21,Booking.com,358.83,2,False,False
Harbour Inn,HI-10955,Confirmed,102,Harbour View King,2025-08-29,2025-09-03,2025-08-25,Airbnb,355.91,5,False,False
Harbour Inn,HI-11282,Confirmed,104,Garden Queen,2025-12-27,2025-12-30,2025-12-22,Airbnb,131.06,3,False,False
Harbour Inn,HI-11387,Confirmed,201,Loft Suite,2026-02-20,2026-02-23,2026-02-18,Direct,168.56,3,False,False
Harbour Inn,HI-11445,Confirmed,105,Garden Queen,2026-03-28,2026-04-02,2026-03-24,Booking.com,115.39,5,False,False
Harbour Inn,HI-11502,Confirmed,202,Loft Suite,2026-04-19,2026-04-21,2026-04-02,Direct,177.02,2,False,False
Harbour Inn,HI-11642,Confirmed,202,Loft Suite,2026-06-03,2026-06-06,2026-02-28,Direct,225.05,3,False,False
Harbour Inn,HI-10780,Confirmed,103,Harbour View King,2025-07-14,2025-07-15,2025-06-28,Booking.com,189.94,1,False,False
Harbour Inn,HI-10327,Confirmed,103,Harbour View King,2025-02-14,2025-02-18,2025-02-07,Direct,170.98,4,False,False
Harbour Inn,HI-10893,Confirmed,103,Harbour View King,2025-08-14,2025-08-16,2025-04-20,Booking.com,239.41,2,False,False
Harbour Inn,HI-12103,Confirmed,102,Harbour View King,2026-10-21,2026-10-23,2026-09-17,Direct,136.28,2,False,False
Harbour Inn,HI-12078,Confirmed,201,Loft Suite,2026-10-07,2026-10-11,2026-09-27,Direct,154.58,4,False,False
Harbour Inn,HI-11113,Confirmed,104,Garden Queen,2025-10-17,2025-10-19,2025-08-03,Airbnb,187.93,2,False,False
Harbour Inn,HI-11349,Confirmed,201,Loft Suite,2026-02-03,2026-02-06,2026-01-28,Expedia,110.72,3,False,False
Harbour Inn,HI-11705,Confirmed,101,Harbour View King,2026-06-21,2026-06-24,2026-06-08,Airbnb,225.03,3,False,False
Harbour Inn,HI-11871,Confirmed,106,Garden Queen,2026-08-04,2026-08-06,2026-06-21,Expedia,132.3,2,False,False
Harbour Inn,HI-10838,Confirmed,201,Loft Suite,2025-07-30,2025-08-01,2025-03-30,Booking.com,258.8,2,False,False
Harbour Inn,HI-11921,Confirmed,104,Garden Queen,2026-08-17,2026-08-19,2026-07-09,Direct,184.29,2,False,False
Harbour Inn,HI-10311,Confirmed,102,Harbour View King,2025-02-09,2025-02-13,2025-02-07,Booking.com,94.15,4,False,False
Harbour Inn,HI-10563,Confirmed,102,Harbour View King,2025-05-20,2025-05-22,2025-05-15,Booking.com,115.25,2,False,False
Harbour Inn,HI-11672,Confirmed,106,Garden Queen,2026-06-12,2026-06-14,2025-12-26,Expedia,222.08,2,False,False
Harbour Inn,HI-11359,Confirmed,105,Garden Queen,2026-02-09,2026-02-11,2026-02-05,Booking.com,58.95,2,False,False
Harbour Inn,HI-11821,Confirmed,104,Garden Queen,2026-07-22,2026-07-25,2026-07-18,Booking.com,154.18,3,False,False
Harbour Inn,HI-10033,Confirmed,102,Harbour View King,2024-10-10,2024-10-12,2024-10-06,Booking.com,180.74,2,False,False
Harbour Inn,HI-10447,Confirmed,105,Garden Queen,2025-04-12,2025-04-14,2025-03-26,Booking.com,222.14,2,False,False
Harbour Inn,HI-10012,Confirmed,102,Harbour View King,2024-10-04,2024-10-09,2024-09-29,Expedia,215.61,5,False,False
Harbour Inn,HI-11982,Confirmed,105,Garden Queen,2026-09-03,2026-09-08,2026-08-17,Airbnb,149.4,5,False,False
Harbour Inn,HI-10195,Confirmed,106,Garden Queen,2024-12-16,2024-12-18,2024-12-16,Booking.com,59.01,2,False,False
Harbour Inn,HI-10229,Confirmed,106,Garden Queen,2025-01-01,2025-01-04,2024-07-14,Booking.com,94.67,3,False,False
Harbour Inn,HI-10898,Confirmed,104,Garden Queen,2025-08-15,2025-08-18,2025-07-19,Expedia,269.45,3,False,False
Harbour Inn,HI-11896,Confirmed,102,Harbour View King,2026-08-11,2026-08-12,2026-05-09,Airbnb,201.75,1,False,False
Harbour Inn,HI-10147,Confirmed,106,Garden Queen,2024-11-25,2024-11-30,2024-11-19,Expedia,92.54,5,False,False
Harbour Inn,HI-11692,Confirmed,202,Loft Suite,2026-06-17,2026-06-19,2025-12-20,Airbnb,248.73,2,False,False
Harbour Inn,HI-10162,Confirmed,101,Harbour View King,2024-12-02,2024-12-03,2024-09-22,Expedia,95.16,1,False,False
Harbour Inn,HI-11594,Confirmed,102,Harbour View King,2026-05-21,2026-05-23,2026-05-07,Booking.com,175.89,2,True,False
Harbour Inn,HI-10953,Confirmed,201,Loft Suite,2025-08-28,2025-08-30,2025-07-31,Airbnb,286.97,2,False,False
Harbour Inn,HI-10169,Confirmed,104,Garden Queen,2024-12-06,2024-12-09,2024-12-05,Direct,110.84,3,False,False
Harbour Inn,HI-11252,Confirmed,202,Loft Suite,2025-12-16,2025-12-19,2025-07-01,Direct,99.3,3,False,False
Harbour Inn,HI-11600,Confirmed,106,Garden Queen,2026-05-22,2026-05-24,2026-05-15,Booking.com,200.88,2,False,False
Harbour Inn,HI-11029,Cancelled,105,Garden Queen,2025-09-20,2025-09-21,2025-07-22,Booking.com,150.05,1,False,False
Harbour Inn,HI-10638,Confirmed,104,Garden Queen,2025-06-07,2025-06-09,2025-05-09,Booking.com,252.62,2,False,False
Harbour Inn,HI-10917,Confirmed,202,Loft Suite,2025-08-18,2025-08-20,2025-06-19,Expedia,236.42,2,False,False
Harbour Inn,HI-11510,Cancelled,102,Harbour View King,2026-04-23,2026-04-26,2026-04-09,Direct,164.85,3,False,False
Harbour Inn,HI-10848,Confirmed,105,Garden Queen,2025-08-01,2025-08-03,2025-07-21,Airbnb,238.54,2,False,False
Harbour Inn,HI-11165,Confirmed,201,Loft Suite,2025-11-06,2025-11-09,2025-06-20,Booking.com,154.17,3,False,False
Harbour Inn,HI-10701,Confirmed,104,Garden Queen,2025-06-22,2025-06-23,2025-06-16,Airbnb,155.21,1,False,False
Harbour Inn,HI-12024,Confirmed,202,Loft Suite,2026-09-19,2026-09-20,2026-09-03,Booking.com,247.19,1,False,False
Harbour Inn,HI-10614,Cancelled,201,Loft Suite,2025-06-02,2025-06-06,2025-05-11,Booking.com,263.43,4,False,False
Harbour Inn,HI-10307,Confirmed,105,Garden Queen,2025-02-08,2025-02-09,2025-02-01,Expedia,127.33,1,False,False
Harbour Inn,HI-11810,Confirmed,106,Garden Queen,2026-07-19,2026-07-23,2026-06-01,Booking.com,187.82,4,False,False
Harbour Inn,HI-11259,Confirmed,105,Garden Queen,2025-12-19,2025-12-22,2025-12-08,Airbnb,141.76,3,False,False
Harbour Inn,HI-10666,Confirmed,103,Harbour View King,2025-06-14,2025-06-16,2025-06-08,Airbnb,328.16,2,False,False
Harbour Inn,HI-11376,Confirmed,101,Harbour View King,2026-02-16,2026-02-21,2026-01-31,Expedia,90.35,5,False,False
Harbour Inn,HI-11488,Confirmed,106,Garden Queen,2026-04-14,2026-04-16,2026-04-07,Booking.com,112.35,2,False,False
Harbour Inn,HI-10454,Confirmed,201,Loft Suite,2025-04-14,2025-04-16,2025-04-08,Direct,173.54,2,False,False
Harbour Inn,HI-10420,Confirmed,105,Garden Queen,2025-04-04,2025-04-07,2025-01-21,Booking.com,196.47,3,False,False
Harbour Inn,HI-11689,Cancelled,102,Harbour View King,2026-06-17,2026-06-21,2026-06-17,Direct,208.79,4,False,False
Harbour Inn,HI-10724,Confirmed,105,Garden Queen,2025-06-30,2025-07-03,2025-04-09,Booking.com,170.19,3,False,False
Harbour Inn,HI-10027,Confirmed,101,Harbour View King,2024-10-08,2024-10-09,2024-08-17,Expedia,128.59,1,False,False
Harbour Inn,HI-10434,Confirmed,102,Harbour View King,2025-04-09,2025-04-12,2025-03-25,Airbnb,124.28,3,False,False
Harbour Inn,HI-10089,Confirmed,201,Loft Suite,2024-10-28,2024-10-29,2024-10-07,Expedia,169.8,1,False,False
Harbour Inn,HI-11568,Confirmed,202,Loft Suite,2026-05-13,2026-05-16,2026-04-23,Direct,189.55,3,False,False
Harbour Inn,HI-10870,Confirmed,101,Harbour View King,2025-08-07,2025-08-09,2025-06-27,Booking.com,211.9,2,False,False
Harbour Inn,HI-10845,Confirmed,202,Loft Suite,2025-07-31,2025-08-02,2025-06-04,Booking.com,291.14,2,False,False
Harbour Inn,HI-10973,Confirmed,201,Loft Suite,2025-09-02,2025-09-05,2025-08-17,Direct,154.08,3,False,False
Harbour Inn,HI-12044,Confirmed,102,Harbour View King,2026-09-27,2026-09-30,2026-05-29,Airbnb,158.98,3,False,False
Harbour Inn,HI-12035,Confirmed,101,Harbour View King,2026-09-24,2026-09-25,2026-09-22,Booking.com,140.05,1,False,False
Harbour Inn,HI-11647,Confirmed,106,Garden Queen,2026-06-05,2026-06-06,2026-05-22,Direct,290.29,1,False,False
Harbour Inn,HI-11928,Confirmed,202,Loft Suite,2026-08-19,2026-08-22,2026-07-26,Booking.com,217.04,3,False,False
Harbour Inn,HI-10081,Cancelled,106,Garden Queen,2024-10-26,2024-10-28,2024-10-08,Booking.com,165.34,2,False,False
Harbour Inn,HI-10103,Confirmed,104,Garden Queen,2024-11-03,2024-11-07,2024-10-30,Airbnb,72.48,4,False,False
Harbour Inn,HI-10767,Confirmed,105,Garden Queen,2025-07-11,2025-07-13,2025-07-07,Direct,249.91,2,False,False
Harbour Inn,HI-11903,Confirmed,106,Garden Queen,2026-08-13,2026-08-14,2026-08-02,Airbnb,192.98,1,False,False
Harbour Inn,HI-12120,Confirmed,106,Garden Queen,2026-11-06,2026-11-09,2026-08-03,Booking.com,124.05,3,False,False
Harbour Inn,HI-11898,Confirmed,201,Loft Suite,2026-08-11,2026-08-13,2026-07-27,Booking.com,214.03,2,False,False
Harbour Inn,HI-11784,Confirmed,201,Loft Suite,2026-07-12,2026-07-15,2026-02-24,Airbnb,242.45,3,False,False
Harbour Inn,HI-10699,Confirmed,101,Harbour View King,2025-06-22,2025-06-24,2025-02-16,Airbnb,212.38,2,False,False
Harbour Inn,HI-10231,Confirmed,104,Garden Queen,2025-01-03,2025-01-04,2024-12-20,Expedia,121.86,1,False,False
Harbour Inn,HI-11526,Confirmed,105,Garden Queen,2026-04-28,2026-04-29,2026-04-26,Booking.com,91.26,1,False,False
Harbour Inn,HI-10055,Confirmed,201,Loft Suite,2024-10-19,2024-10-22,2024-10-01,Direct,276.97,3,False,False
Harbour Inn,HI-10372,Confirmed,105,Garden Queen,2025-03-10,2025-03-11,2025-02-26,Booking.com,85.75,1,False,False
Harbour Inn,HI-10294,Confirmed,201,Loft Suite,2025-02-01,2025-02-02,2025-01-09,Booking.com,182.33,1,False,False
Harbour Inn,HI-11374,Confirmed,102,Harbour View King,2026-02-15,2026-02-17,2026-01-30,Direct,112.18,2,False,False
Harbour Inn,HI-10886,Confirmed,201,Loft Suite,2025-08-11,2025-08-13,2025-07-31,Booking.com,184.1,2,False,False
Harbour Inn,HI-11285,Confirmed,102,Harbour View King,2025-12-28,2025-12-30,2025-12-26,Booking.com,92.39,2,False,False
Harbour Inn,HI-11775,Cancelled,104,Garden Queen,2026-07-10,2026-07-13,2026-04-23,Airbnb,213.52,3,False,False
Harbour Inn,HI-11342,Confirmed,104,Garden Queen,2026-01-27,2026-01-31,2026-01-06,Direct,79.0,4,False,False
Harbour Inn,HI-10686,Confirmed,105,Garden Queen,2025-06-18,2025-06-21,2025-05-21,Direct,172.96,3,False,False
Harbour Inn,HI-10382,Confirmed,101,Harbour View King,2025-03-18,2025-03-22,2025-03-17,Booking.com,91.83,4,False,False
Harbour Inn,HI-11828,Cancelled,102,Harbour View King,2026-07-24,2026-07-25,2026-07-10,Airbnb,335.88,1,False,False
Harbour Inn,HI-10773,Confirmed,202,Loft Suite,2025-07-12,2025-07-14,2025-05-21,Airbnb,420.43,2,False,False
Harbour Inn,HI-11681,Confirmed,104,Garden Queen,2026-06-14,2026-06-18,2026-06-01,Booking.com,162.42,4,False,False
Harbour Inn,HI-10613,Confirmed,106,Garden Queen,2025-06-02,2025-06-07,2025-05-15,Direct,148.79,5,False,False
Harbour Inn,HI-10528,Confirmed,102,Harbour View King,2025-05-09,2025-05-11,2025-05-07,Booking.com,195.97,2,False,False
Harbour Inn,HI-11451,Confirmed,201,Loft Suite,2026-04-01,2026-04-03,2026-03-24,Direct,179.35,2,False,False
Harbour Inn,HI-10380,Confirmed,106,Garden Queen,2025-03-15,2025-03-17,2024-11-17,Booking.com,128.96,2,False,False
Harbour Inn,HI-10273,Confirmed,201,Loft Suite,2025-01-24,2025-01-25,2024-08-26,Direct,226.01,1,False,False
Harbour Inn,HI-11873,Confirmed,104,Garden Queen,2026-08-05,2026-08-08,2026-07-13,Expedia,151.77,3,False,False
Harbour Inn,HI-11274,Confirmed,201,Loft Suite,2025-12-25,2025-12-28,2025-10-26,Direct,167.22,3,False,False
Harbour Inn,HI-11980,Confirmed,201,Loft Suite,2026-09-02,2026-09-04,2026-08-30,Booking.com,191.03,2,False,False
Harbour Inn,HI-11385,Confirmed,103,Harbour View King,2026-02-20,2026-02-22,2025-09-23,Direct,171.94,2,False,False
Harbour Inn,HI-11293,Confirmed,201,Loft Suite,2025-12-31,2026-01-02,2025-12-24,Airbnb,126.36,2,False,False
Harbour Inn,HI-11973,Confirmed,103,Harbour View King,2026-09-01,2026-09-04,2026-08-23,Direct,134.47,3,False,False
Harbour Inn,HI-10592,Confirmed,101,Harbour View King,2025-05-28,2025-05-30,2025-03-26,Direct,145.29,2,False,False
Harbour Inn,HI-11291,Confirmed,102,Harbour View King,2025-12-31,2026-01-02,2025-12-26,Booking.com,98.69,2,False,False
Harbour Inn,HI-10468,Confirmed,105,Garden Queen,2025-04-19,2025-04-21,2025-04-14,Direct,174.97,2,False,False
Harbour Inn,HI-11096,Confirmed,102,Harbour View King,2025-10-12,2025-10-13,2025-10-02,Airbnb,129.73,1,False,False
Harbour Inn,HI-10256,Confirmed,201,Loft Suite,2025-01-15,2025-01-17,2025-01-14,Expedia,107.79,2,False,False
Harbour Inn,HI-10334,Confirmed,102,Harbour View King,2025-02-18,2025-02-22,2025-02-04,Direct,100.46,4,False,False
Harbour Inn,HI-11709,Confirmed,105,Garden Queen,2026-06-22,2026-06-24,2026-05-25,Direct,173.01,2,False,False
Harbour Inn,HI-10751,Confirmed,106,Garden Queen,2025-07-07,2025-07-08,2025-06-10,Booking.com,147.18,1,False,False
Harbour Inn,HI-10497,Confirmed,201,Loft Suite,2025-04-29,2025-05-01,2025-04-27,Direct,169.8,2,False,False
Harbour Inn,HI-12125,Confirmed,105,Garden Queen,2026-11-25,2026-11-26,2026-07-09,Booking.com,84.27,1,False,False
Harbour Inn,HI-10070,Confirmed,103,Harbour View King,2024-10-24,2024-10-27,2024-10-13,Direct,180.6,3,False,False
Harbour Inn,HI-11309,Confirmed,102,Harbour View King,2026-01-07,2026-01-09,2025-12-31,Booking.com,117.93,2,False,False
Harbour Inn,HI-10114,Confirmed,103,Harbour View King,2024-11-12,2024-11-15,2024-08-21,Airbnb,82.24,3,False,False
Harbour Inn,HI-12004,Confirmed,104,Garden Queen,2026-09-11,2026-09-14,2026-06-02,Direct,219.72,3,False,False
Harbour Inn,HI-11820,Confirmed,102,Harbour View King,2026-07-22,2026-07-26,2026-05-18,Airbnb,179.52,4,False,False
Harbour Inn,HI-10045,Confirmed,102,Harbour View King,2024-10-16,2024-10-20,2024-07-30,Booking.com,141.05,4,False,False
Harbour Inn,HI-10503,Confirmed,102,Harbour View King,2025-05-01,2025-05-03,2025-04-23,Direct,182.01,2,False,False
Harbour Inn,HI-11691,Confirmed,201,Loft Suite,2026-06-17,2026-06-20,2026-05-30,Booking.com,218.44,3,False,False
Harbour Inn,HI-11394,Confirmed,104,Garden Queen,2026-02-24,2026-02-26,2026-01-01,Airbnb,94.75,2,False,False
Harbour Inn,HI-11215,Confirmed,103,Harbour View King,2025-11-28,2025-11-30,2025-11-16,Direct,162.57,2,False,False
Harbour Inn,HI-12099,Confirmed,103,Harbour View King,2026-10-17,2026-10-19,2026-05-09,Booking.com,239.43,2,False,False
Harbour Inn,HI-11350,Confirmed,101,Harbour View King,2026-02-04,2026-02-05,2025-08-17,Booking.com,90.56,1,False,False
Harbour Inn,HI-11380,Confirmed,201,Loft Suite,2026-02-17,2026-02-18,2025-12-25,Expedia,125.13,1,False,False
Harbour Inn,HI-10986,Confirmed,104,Garden Queen,2025-09-07,2025-09-08,2025-08-12,Booking.com,104.9,1,False,False
Harbour Inn,HI-11508,Confirmed,201,Loft Suite,2026-04-21,2026-04-23,2026-04-01,Airbnb,154.59,2,False,False
Harbour Inn,HI-10895,Confirmed,202,Loft Suite,2025-08-14,2025-08-16,2025-03-08,Booking.com,270.8,2,False,False
Harbour Inn,HI-10036,Confirmed,105,Garden Queen,2024-10-11,2024-10-15,2024-09-06,Airbnb,219.05,4,False,False
Harbour Inn,HI-10732,Confirmed,103,Harbour View King,2025-07-03,2025-07-04,2025-06-26,Direct,257.59,1,False,False
Harbour Inn,HI-10506,Confirmed,201,Loft Suite,2025-05-01,2025-05-03,2025-04-22,Airbnb,224.91,2,False,False
Harbour Inn,HI-11388,Confirmed,101,Harbour View King,2026-02-21,2026-02-25,2025-11-03,Direct,134.74,4,False,False
Harbour Inn,HI-10318,Confirmed,201,Loft Suite,2025-02-10,2025-02-13,2025-02-04,Booking.com,127.12,3,False,False
Harbour Inn,HI-11837,Confirmed,201,Loft Suite,2026-07-26,2026-07-29,2026-07-24,Airbnb,257.33,3,False,False
Harbour Inn,HI-11178,Confirmed,106,Garden Queen,2025-11-10,2025-11-11,2025-07-20,Expedia,84.01,1,False,False
Harbour Inn,HI-12070,Confirmed,105,Garden Queen,2026-10-04,2026-10-06,2026-06-13,Airbnb,127.8,2,False,False
Harbour Inn,HI-11548,Confirmed,103,Harbour View King,2026-05-07,2026-05-09,2026-04-20,Airbnb,169.41,2,False,False
Harbour Inn,HI-10393,Confirmed,102,Harbour View King,2025-03-22,2025-03-24,2025-03-05,Direct,128.34,2,False,False
Harbour Inn,HI-11996,Confirmed,106,Garden Queen,2026-09-09,2026-09-12,2026-09-08,Booking.com,131.09,3,False,False
Harbour Inn,HI-10452,Confirmed,104,Garden Queen,2025-04-14,2025-04-15,2025-04-08,Booking.com,123.38,1,False,False
Harbour Inn,HI-11085,Confirmed,105,Garden Queen,2025-10-08,2025-10-10,2025-09-29,Airbnb,111.82,2,False,False
Harbour Inn,HI-10541,Confirmed,101,Harbour View King,2025-05-14,2025-05-18,2025-04-29,Booking.com,159.65,4,False,False
Harbour Inn,HI-10739,Confirmed,202,Loft Suite,2025-07-04,2025-07-07,2025-06-12,Booking.com,458.63,3,False,False
Harbour Inn,HI-11258,Confirmed,103,Harbour View King,2025-12-19,2025-12-20,2025-12-15,Booking.com,139.17,1,False,False
Harbour Inn,HI-11305,Confirmed,202,Loft Suite,2026-01-04,2026-01-07,2025-10-31,Expedia,122.64,3,False,False
Harbour Inn,HI-10763,Confirmed,105,Garden Queen,2025-07-10,2025-07-11,2025-02-10,Booking.com,213.04,1,False,False
Harbour Inn,HI-11785,Confirmed,101,Harbour View King,2026-07-13,2026-07-14,2026-06-28,Booking.com,180.07,1,False,False
Harbour Inn,HI-10320,Confirmed,104,Garden Queen,2025-02-11,2025-02-12,2024-10-29,Booking.com,86.57,1,False,False
Harbour Inn,HI-10814,Confirmed,201,Loft Suite,2025-07-22,2025-07-23,2025-03-21,Booking.com,217.04,1,False,False
Harbour Inn,HI-10672,Confirmed,102,Harbour View King,2025-06-15,2025-06-16,2025-05-28,Booking.com,231.94,1,False,False
Harbour Inn,HI-10110,Confirmed,105,Garden Queen,2024-11-07,2024-11-08,2024-11-02,Booking.com,95.2,1,False,False
Harbour Inn,HI-10565,Confirmed,202,Loft Suite,2025-05-20,2025-05-22,2025-05-05,Airbnb,164.03,2,False,False
Harbour Inn,HI-11862,Confirmed,103,Harbour View King,2026-08-02,2026-08-04,2026-06-06,Booking.com,206.31,2,False,False
Harbour Inn,HI-10461,Confirmed,105,Garden Queen,2025-04-17,2025-04-19,2024-11-10,Booking.com,150.44,2,False,False
Harbour Inn,HI-11787,Confirmed,106,Garden Queen,2026-07-13,2026-07-16,2026-06-16,Airbnb,173.11,3,False,False
Harbour Inn,HI-10649,Confirmed,104,Garden Queen,2025-06-10,2025-06-12,2025-05-21,Booking.com,148.47,2,False,False
Harbour Inn,HI-11716,Confirmed,101,Harbour View King,2026-06-24,2026-06-25,2026-04-11,Booking.com,188.42,1,False,False
Harbour Inn,HI-11151,Confirmed,102,Harbour View King,2025-10-31,2025-11-04,2025-10-04,Airbnb,253.17,4,False,False
Harbour Inn,HI-10005,Confirmed,103,Harbour View King,2024-10-03,2024-10-06,2024-09-21,Direct,176.74,3,False,False
Harbour Inn,HI-11302,Confirmed,104,Garden Queen,2026-01-03,2026-01-04,2025-12-20,Booking.com,139.68,1,False,False
Harbour Inn,HI-11656,Confirmed,105,Garden Queen,2026-06-08,2026-06-13,2026-05-15,Expedia,153.91,5,False,False
Harbour Inn,HI-11244,Confirmed,105,Garden Queen,2025-12-13,2025-12-18,2025-12-05,Expedia,122.76,5,False,False
Harbour Inn,HI-10236,Confirmed,201,Loft Suite,2025-01-04,2025-01-06,2024-12-29,Booking.com,215.01,2,False,False
Harbour Inn,HI-11553,Confirmed,201,Loft Suite,2026-05-08,2026-05-10,2026-05-04,Expedia,232.6,2,False,False
Harbour Inn,HI-11566,Confirmed,105,Garden Queen,2026-05-13,2026-05-17,2026-04-07,Booking.com,97.57,4,False,False
Harbour Inn,HI-10488,Confirmed,104,Garden Queen,2025-04-26,2025-04-29,2024-12-22,Booking.com,165.87,3,False,False
Harbour Inn,HI-11760,Confirmed,101,Harbour View King,2026-07-07,2026-07-12,2026-01-10,Direct,178.02,5,False,False
Harbour Inn,HI-12988,Confirmed,202,Loft Suite,2025-12-31,2026-01-02,2025-09-15,Direct,890.0,2,False,False
Harbour Inn,HI-11496,Confirmed,102,Harbour View King,2026-04-17,2026-04-20,2026-01-08,Booking.com,226.4,3,False,False
Harbour Inn,HI-10366,Confirmed,201,Loft Suite,2025-03-07,2025-03-10,2025-02-22,Booking.com,208.84,3,False,False
Harbour Inn,HI-10956,Confirmed,101,Harbour View King,2025-08-30,2025-09-02,2025-08-13,Booking.com,293.2,3,False,False
Harbour Inn,HI-11511,Confirmed,103,Harbour View King,2026-04-23,2026-04-24,2026-03-29,Direct,185.09,1,False,False
Harbour Inn,HI-10214,Confirmed,201,Loft Suite,2024-12-26,2024-12-31,2024-12-25,Booking.com,125.9,5,False,False
Harbour Inn,HI-12097,Confirmed,105,Garden Queen,2026-10-16,2026-10-17,2026-07-02,Direct,183.85,1,False,False
Harbour Inn,HI-11124,Confirmed,201,Loft Suite,2025-10-20,2025-10-22,2025-10-14,Direct,154.52,2,False,False
Harbour Inn,HI-10093,Confirmed,101,Harbour View King,2024-10-30,2024-11-04,2024-08-21,Booking.com,124.1,5,False,False
Harbour Inn,HI-10936,Confirmed,105,Garden Queen,2025-08-23,2025-08-24,2025-06-14,Direct,248.41,1,False,False
Harbour Inn,HI-10348,Confirmed,101,Harbour View King,2025-02-26,2025-02-28,2024-11-04,Booking.com,98.73,2,False,False
Harbour Inn,HI-10349,Confirmed,103,Harbour View King,2025-02-26,2025-02-28,2025-02-16,Booking.com,83.6,2,False,False
Harbour Inn,HI-10141,Confirmed,104,Garden Queen,2024-11-23,2024-11-26,2024-11-17,Airbnb,137.84,3,False,False
Harbour Inn,HI-10748,Confirmed,201,Loft Suite,2025-07-06,2025-07-08,2025-04-27,Booking.com,218.98,2,False,False
Harbour Inn,HI-11206,Cancelled,202,Loft Suite,2025-11-22,2025-11-23,2025-05-30,Direct,180.24,1,False,False
Harbour Inn,HI-10480,Confirmed,104,Garden Queen,2025-04-23,2025-04-26,2025-02-21,Airbnb,130.59,3,False,False
Harbour Inn,HI-11402,Confirmed,106,Garden Queen,2026-02-26,2026-02-28,2025-10-23,Booking.com,91.44,2,False,False
Harbour Inn,HI-11069,Confirmed,106,Garden Queen,2025-10-02,2025-10-04,2025-09-20,Expedia,143.81,2,False,False
Harbour Inn,HI-11052,Confirmed,101,Harbour View King,2025-09-27,2025-09-28,2025-09-12,Direct,237.33,1,False,False
Harbour Inn,HI-10753,Confirmed,202,Loft Suite,2025-07-07,2025-07-11,2025-06-01,Expedia,238.66,4,False,False
Harbour Inn,HI-10322,Confirmed,104,Garden Queen,2025-02-12,2025-02-15,2024-08-23,Booking.com,90.04,3,False,False
Harbour Inn,HI-11522,Cancelled,101,Harbour View King,2026-04-27,2026-04-29,2025-11-24,Booking.com,157.34,2,False,False
Harbour Inn,HI-11992,Confirmed,103,Harbour View King,2026-09-07,2026-09-08,2026-08-25,Booking.com,120.18,1,False,False
Harbour Inn,HI-11233,Confirmed,106,Garden Queen,2025-12-07,2025-12-10,2025-11-22,Booking.com,85.83,3,False,False
Harbour Inn,HI-11805,Cancelled,202,Loft Suite,2026-07-17,2026-07-18,2026-03-22,Booking.com,403.91,1,False,False
Harbour Inn,HI-11458,Confirmed,102,Harbour View King,2026-04-05,2026-04-07,2026-03-13,Expedia,117.88,2,False,False
Harbour Inn,HI-10041,Confirmed,202,Loft Suite,2024-10-13,2024-10-17,2024-09-29,Booking.com,179.01,4,False,False
Harbour Inn,HI-11951,Confirmed,201,Loft Suite,2026-08-26,2026-08-29,2026-08-02,Direct,246.79,3,False,False
Harbour Inn,HI-10743,Confirmed,104,Garden Queen,2025-07-05,2025-07-10,2025-06-08,Direct,245.78,5,False,False
Harbour Inn,HI-11966,Confirmed,103,Harbour View King,2026-08-30,2026-09-01,2026-08-27,Booking.com,208.47,2,False,False
Harbour Inn,HI-11521,Confirmed,106,Garden Queen,2026-04-26,2026-04-29,2026-03-29,Booking.com,114.18,3,False,False
Harbour Inn,HI-11428,Confirmed,202,Loft Suite,2026-03-12,2026-03-14,2026-03-06,Booking.com,142.52,2,False,False
Harbour Inn,HI-10500,Confirmed,105,Garden Queen,2025-04-30,2025-05-02,2025-04-09,Airbnb,116.99,2,False,False
Harbour Inn,HI-12021,Confirmed,201,Loft Suite,2026-09-18,2026-09-23,2026-08-01,Booking.com,248.57,5,False,False
Harbour Inn,HI-11710,Confirmed,201,Loft Suite,2026-06-22,2026-06-24,2026-06-09,Booking.com,218.65,2,False,False
Harbour Inn,HI-11984,Confirmed,101,Harbour View King,2026-09-04,2026-09-05,2026-08-15,Booking.com,227.04,1,False,False
Harbour Inn,HI-10156,Confirmed,105,Garden Queen,2024-11-29,2024-12-01,2024-11-20,Booking.com,137.42,2,False,False
Harbour Inn,HI-10622,Confirmed,102,Harbour View King,2025-06-04,2025-06-05,2025-05-20,Booking.com,206.37,1,False,False
Harbour Inn,HI-11799,Confirmed,106,Garden Queen,2026-07-16,2026-07-17,2026-06-28,Direct,226.2,1,False,False
Harbour Inn,HI-10604,Confirmed,202,Loft Suite,2025-05-31,2025-06-02,2025-04-09,Booking.com,296.77,2,False,False
Harbour Inn,HI-11661,Confirmed,101,Harbour View King,2026-06-10,2026-06-12,2026-02-14,Expedia,133.65,2,False,False
Harbour Inn,HI-11063,Confirmed,101,Harbour View King,2025-10-01,2025-10-03,2025-09-30,Booking.com,127.41,2,False,False
Harbour Inn,HI-11256,Confirmed,104,Garden Queen,2025-12-18,2025-12-21,2025-12-10,Direct,106.24,3,False,False
Harbour Inn,HI-11362,Confirmed,102,Harbour View King,2026-02-10,2026-02-15,2025-09-24,Booking.com,104.58,5,False,False
Harbour Inn,HI-11091,Confirmed,101,Harbour View King,2025-10-11,2025-10-13,2025-06-27,Direct,218.26,2,False,False
Harbour Inn,HI-10869,Confirmed,202,Loft Suite,2025-08-06,2025-08-10,2025-02-20,Booking.com,229.01,4,False,False
Harbour Inn,HI-12040,Confirmed,105,Garden Queen,2026-09-25,2026-09-28,2026-09-21,Direct,166.65,3,False,False
Harbour Inn,HI-11546,Confirmed,201,Loft Suite,2026-05-05,2026-05-08,2025-12-06,Airbnb,158.33,3,False,False
Harbour Inn,HI-11278,Confirmed,106,Garden Queen,2025-12-26,2025-12-28,2025-12-24,Airbnb,104.87,2,False,False
Harbour Inn,HI-10605,Confirmed,102,Harbour View King,2025-06-01,2025-06-03,2025-05-05,Direct,199.45,2,False,False
Harbour Inn,HI-10268,Confirmed,102,Harbour View King,2025-01-22,2025-01-25,2025-01-14,Expedia,100.62,3,False,False
Harbour Inn,HI-10872,Confirmed,106,Garden Queen,2025-08-07,2025-08-09,2025-05-09,Expedia,237.75,2,False,False
Harbour Inn,HI-11232,Confirmed,105,Garden Queen,2025-12-07,2025-12-10,2025-11-26,Direct,89.68,3,False,False
Harbour Inn,HI-10508,Confirmed,103,Harbour View King,2025-05-02,2025-05-03,2025-04-25,Airbnb,207.18,1,False,False
Harbour Inn,HI-12122,Confirmed,201,Loft Suite,2026-11-12,2026-11-17,2026-07-19,Airbnb,152.53,5,False,False
Harbour Inn,HI-10408,Confirmed,102,Harbour View King,2025-03-30,2025-03-31,2025-03-18,Direct,119.56,1,False,False
Harbour Inn,HI-10002,Confirmed,101,Harbour View King,2024-10-02,2024-10-04,2024-04-25,Direct,136.29,2,False,False
Harbour Inn,HI-10201,Confirmed,103,Harbour View King,2024-12-20,2024-12-24,2024-12-14,Direct,169.07,4,False,False
Harbour Inn,HI-12087,Confirmed,106,Garden Queen,2026-10-10,2026-10-14,2026-09-19,Expedia,115.77,4,False,False
Harbour Inn,HI-10990,Confirmed,101,Harbour View King,2025-09-10,2025-09-12,2025-09-07,Direct,133.36,2,False,False
Harbour Inn,HI-11842,Cancelled,101,Harbour View King,2026-07-28,2026-07-31,2026-07-14,Expedia,197.97,3,False,False
Harbour Inn,HI-11341,Confirmed,101,Harbour View King,2026-01-27,2026-01-31,2026-01-25,Booking.com,79.42,4,False,False
Harbour Inn,HI-11138,Confirmed,104,Garden Queen,2025-10-26,2025-10-29,2025-10-16,Expedia,130.87,3,False,False
Harbour Inn,HI-10247,Confirmed,201,Loft Suite,2025-01-11,2025-01-14,2024-12-29,Booking.com,204.5,3,False,False
Harbour Inn,HI-11549,Confirmed,104,Garden Queen,2026-05-07,2026-05-09,2025-11-24,Booking.com,147.3,2,True,False
Harbour Inn,HI-10612,Confirmed,104,Garden Queen,2025-06-02,2025-06-03,2025-05-17,Airbnb,171.57,1,False,False
Harbour Inn,HI-11788,Confirmed,202,Loft Suite,2026-07-13,2026-07-16,2026-04-17,Direct,228.47,3,False,False
Harbour Inn,HI-10246,Confirmed,106,Garden Queen,2025-01-11,2025-01-15,2024-12-31,Booking.com,142.38,4,False,False
Harbour Inn,HI-10608,Confirmed,105,Garden Queen,2025-06-01,2025-06-03,2025-05-26,Booking.com,170.44,2,False,False
Harbour Inn,HI-10787,Confirmed,102,Harbour View King,2025-07-16,2025-07-17,2025-07-02,Direct,191.3,1,False,False
Harbour Inn,HI-10607,Confirmed,104,Garden Queen,2025-06-01,2025-06-02,2025-05-07,Direct,179.04,1,False,False
Harbour Inn,HI-10865,Confirmed,105,Garden Queen,2025-08-05,2025-08-06,2025-07-24,Direct,134.96,1,False,False
Harbour Inn,HI-10499,Confirmed,102,Harbour View King,2025-04-30,2025-05-01,2024-11-17,Booking.com,135.3,1,False,False
Harbour Inn,HI-11533,Confirmed,101,Harbour View King,2026-05-01,2026-05-03,2026-04-19,Booking.com,216.58,2,False,False
Harbour Inn,HI-10504,Confirmed,104,Garden Queen,2025-05-01,2025-05-02,2025-03-24,Booking.com,152.43,1,False,False
Harbour Inn,HI-11000,Confirmed,105,Garden Queen,2025-09-12,2025-09-15,2025-08-24,Expedia,179.6,3,False,False
Harbour Inn,HI-10361,Confirmed,106,Garden Queen,2025-03-04,2025-03-07,2024-09-07,Airbnb,91.85,3,False,False
Harbour Inn,HI-10244,Confirmed,104,Garden Queen,2025-01-11,2025-01-12,2024-11-06,Expedia,132.4,1,False,False
Harbour Inn,HI-11727,Confirmed,102,Harbour View King,2026-06-27,2026-06-29,2026-06-24,Expedia,244.64,2,False,False
Harbour Inn,HI-11229,Confirmed,201,Loft Suite,2025-12-05,2025-12-08,2025-12-02,Expedia,149.49,3,False,False
Harbour Inn,HI-11177,Confirmed,102,Harbour View King,2025-11-10,2025-11-11,2025-09-26,Direct,81.24,1,False,False
Harbour Inn,HI-11939,Confirmed,102,Harbour View King,2026-08-23,2026-08-25,2026-08-12,Booking.com,200.59,2,False,False
Harbour Inn,HI-12017,Confirmed,101,Harbour View King,2026-09-17,2026-09-19,2026-09-10,Booking.com,175.48,2,False,False
Harbour Inn,HI-11040,Cancelled,104,Garden Queen,2025-09-23,2025-09-25,2025-09-02,Airbnb,111.8,2,False,False
Harbour Inn,HI-10837,Confirmed,106,Garden Queen,2025-07-30,2025-08-01,2025-03-20,Booking.com,157.13,2,False,False
Harbour Inn,HI-10149,Confirmed,101,Harbour View King,2024-11-26,2024-11-29,2024-11-25,Booking.com,72.68,3,False,False
Harbour Inn,HI-10019,Confirmed,201,Loft Suite,2024-10-05,2024-10-08,2024-09-21,Direct,291.84,3,False,False
Harbour Inn,HI-11865,Confirmed,101,Harbour View King,2026-08-03,2026-08-06,2026-06-18,Expedia,141.73,3,False,False
Harbour Inn,HI-10653,Confirmed,101,Harbour View King,2025-06-11,2025-06-14,2025-06-02,Airbnb,195.0,3,False,False
Harbour Inn,HI-11581,Confirmed,104,Garden Queen,2026-05-17,2026-05-19,2026-05-14,Booking.com,133.73,2,False,False
Harbour Inn,HI-11202,Cancelled,104,Garden Queen,2025-11-21,2025-11-24,2025-06-18,Booking.com,130.75,3,False,False
Harbour Inn,HI-10330,Confirmed,105,Garden Queen,2025-02-15,2025-02-19,2025-02-06,Booking.com,122.14,4,False,False
Harbour Inn,HI-10495,Confirmed,103,Harbour View King,2025-04-29,2025-05-01,2025-02-02,Booking.com,122.79,2,False,False
Harbour Inn,HI-11164,Confirmed,102,Harbour View King,2025-11-06,2025-11-09,2025-10-19,Airbnb,113.66,3,False,False
Harbour Inn,HI-11607,Confirmed,106,Garden Queen,2026-05-24,2026-05-26,2026-04-19,Booking.com,114.01,2,False,False
Harbour Inn,HI-10225,Confirmed,202,Loft Suite,2024-12-29,2024-12-31,2024-12-23,Airbnb,129.9,2,False,False
Harbour Inn,HI-11562,Confirmed,102,Harbour View King,2026-05-12,2026-05-13,2026-05-09,Direct,125.0,1,False,False
Harbour Inn,HI-10560,Confirmed,103,Harbour View King,2025-05-19,2025-05-21,2025-05-13,Booking.com,122.02,2,False,False
Harbour Inn,HI-11057,Cancelled,106,Garden Queen,2025-09-28,2025-09-30,2025-09-11,Direct,123.29,2,False,False
Harbour Inn,HI-10906,Confirmed,101,Harbour View King,2025-08-17,2025-08-20,2025-07-01,Booking.com,190.21,3,False,False
Harbour Inn,HI-11501,Confirmed,106,Garden Queen,2026-04-19,2026-04-21,2026-04-14,Booking.com,119.83,2,False,False
Harbour Inn,HI-10039,Confirmed,106,Garden Queen,2024-10-12,2024-10-14,2024-04-21,Direct,171.62,2,False,False
Harbour Inn,HI-10972,Confirmed,105,Garden Queen,2025-09-02,2025-09-04,2025-08-23,Expedia,116.43,2,False,False
Harbour Inn,HI-12080,Confirmed,104,Garden Queen,2026-10-08,2026-10-09,2026-09-22,Booking.com,154.85,1,False,False
Harbour Inn,HI-11555,Confirmed,105,Garden Queen,2026-05-09,2026-05-10,2026-05-02,Direct,182.43,1,False,False
Harbour Inn,HI-10736,Confirmed,102,Harbour View King,2025-07-04,2025-07-06,2025-05-13,Expedia,313.14,2,False,False
Harbour Inn,HI-11768,Cancelled,202,Loft Suite,2026-07-08,2026-07-09,2026-06-28,Direct,236.87,1,False,False
Harbour Inn,HI-12127,Confirmed,106,Garden Queen,2026-12-07,2026-12-08,2026-07-04,Expedia,59.91,1,False,False
Harbour Inn,HI-11547,Confirmed,101,Harbour View King,2026-05-06,2026-05-08,2026-04-22,Booking.com,136.03,2,False,False
Harbour Inn,HI-10266,Confirmed,201,Loft Suite,2025-01-21,2025-01-22,2024-12-21,Booking.com,121.76,1,False,False
Harbour Inn,HI-11226,Confirmed,105,Garden Queen,2025-12-04,2025-12-06,2025-11-17,Booking.com,120.72,2,False,False
Harbour Inn,HI-11792,Confirmed,104,Garden Queen,2026-07-15,2026-07-18,2026-05-05,Booking.com,177.29,3,False,False
Harbour Inn,HI-11314,Confirmed,105,Garden Queen,2026-01-10,2026-01-11,2026-01-03,Booking.com,146.9,1,False,False
Harbour Inn,HI-10473,Confirmed,106,Garden Queen,2025-04-21,2025-04-23,2025-04-01,Direct,117.78,2,False,False
Harbour Inn,HI-11363,Confirmed,103,Harbour View King,2026-02-11,2026-02-12,2026-01-30,Booking.com,100.35,1,False,False
Harbour Inn,HI-10224,Confirmed,106,Garden Queen,2024-12-29,2024-12-31,2024-12-18,Booking.com,81.69,2,False,False
Harbour Inn,HI-10591,Confirmed,105,Garden Queen,2025-05-27,2025-05-28,2025-04-05,Booking.com,113.92,1,False,False
Harbour Inn,HI-11479,Confirmed,101,Harbour View King,2026-04-12,2026-04-13,2026-04-01,Expedia,136.62,1,False,False
Harbour Inn,HI-11650,Confirmed,102,Harbour View King,2026-06-06,2026-06-07,2026-05-25,Airbnb,334.02,1,False,False
Harbour Inn,HI-10386,Confirmed,104,Garden Queen,2025-03-19,2025-03-21,2025-01-08,Booking.com,75.64,2,False,False
Harbour Inn,HI-10384,Confirmed,201,Loft Suite,2025-03-18,2025-03-19,2025-03-13,Expedia,127.71,1,False,False
Harbour Inn,HI-10066,Confirmed,102,Harbour View King,2024-10-23,2024-10-26,2024-10-18,Expedia,123.35,3,False,False
Harbour Inn,HI-11986,Cancelled,202,Loft Suite,2026-09-04,2026-09-05,2026-08-18,Airbnb,263.7,1,False,False
Harbour Inn,HI-11809,Confirmed,105,Garden Queen,2026-07-19,2026-07-22,2026-05-18,Booking.com,152.28,3,False,False
Harbour Inn,HI-10180,Confirmed,104,Garden Queen,2024-12-11,2024-12-14,2024-11-28,Expedia,80.62,3,False,False
Harbour Inn,HI-11210,Confirmed,101,Harbour View King,2025-11-25,2025-11-27,2025-11-20,Direct,90.15,2,False,False
Harbour Inn,HI-10790,Confirmed,202,Loft Suite,2025-07-16,2025-07-18,2025-01-20,Booking.com,244.74,2,False,False
Harbour Inn,HI-10944,Confirmed,202,Loft Suite,2025-08-25,2025-08-27,2025-08-08,Expedia,271.06,2,False,False
Harbour Inn,HI-11747,Confirmed,104,Garden Queen,2026-07-02,2026-07-05,2026-06-15,Direct,198.34,3,False,False
Harbour Inn,HI-11499,Confirmed,105,Garden Queen,2026-04-18,2026-04-21,2026-04-06,Expedia,170.16,3,False,False
Harbour Inn,HI-10284,Confirmed,105,Garden Queen,2025-01-29,2025-02-02,2024-10-02,Booking.com,84.78,4,False,False
Harbour Inn,HI-11195,Confirmed,105,Garden Queen,2025-11-18,2025-11-21,2025-09-04,Booking.com,76.0,3,False,False
Harbour Inn,HI-11616,Confirmed,105,Garden Queen,2026-05-27,2026-06-01,2025-12-14,Airbnb,114.93,5,False,False
Harbour Inn,HI-10422,Confirmed,102,Harbour View King,2025-04-05,2025-04-06,2025-03-18,Booking.com,192.86,1,False,False
Harbour Inn,HI-11076,Confirmed,202,Loft Suite,2025-10-04,2025-10-05,2025-09-23,Booking.com,263.71,1,False,False
Harbour Inn,HI-11439,Confirmed,101,Harbour View King,2026-03-21,2026-03-22,2026-03-19,Expedia,141.79,1,False,False
Harbour Inn,HI-10263,Confirmed,103,Harbour View King,2025-01-19,2025-01-21,2025-01-06,Airbnb,87.95,2,False,False
Harbour Inn,HI-10259,Confirmed,105,Garden Queen,2025-01-17,2025-01-19,2024-09-15,Expedia,136.79,2,False,False
Harbour Inn,HI-10803,Confirmed,105,Garden Queen,2025-07-20,2025-07-23,2025-06-09,Booking.com,144.38,3,False,False
Harbour Inn,HI-11615,Confirmed,104,Garden Queen,2026-05-27,2026-05-30,2026-01-28,Booking.com,107.62,3,False,False
Harbour Inn,HI-11730,Confirmed,202,Loft Suite,2026-06-27,2026-06-28,2026-05-11,Direct,308.53,1,False,False
Harbour Inn,HI-11572,Confirmed,106,Garden Queen,2026-05-14,2026-05-15,2026-05-08,Airbnb,129.87,1,False,False
Harbour Inn,HI-10553,Confirmed,201,Loft Suite,2025-05-16,2025-05-17,2024-11-25,Expedia,303.97,1,False,False
Harbour Inn,HI-11298,Confirmed,102,Harbour View King,2026-01-02,2026-01-05,2025-08-23,Expedia,177.24,3,False,False
Harbour Inn,HI-10888,Confirmed,102,Harbour View King,2025-08-12,2025-08-13,2025-08-06,Booking.com,211.04,1,False,False
Harbour Inn,HI-11897,Confirmed,103,Harbour View King,2026-08-11,2026-08-13,2026-07-14,Booking.com,209.32,2,False,False
Harbour Inn,HI-10251,Confirmed,102,Harbour View King,2025-01-14,2025-01-16,2024-12-30,Direct,77.06,2,False,False
Harbour Inn,HI-11652,Confirmed,105,Garden Queen,2026-06-06,2026-06-08,2026-06-01,Direct,223.56,2,False,False
Harbour Inn,HI-11901,Confirmed,105,Garden Queen,2026-08-12,2026-08-14,2026-08-04,Booking.com,167.82,2,False,False
Harbour Inn,HI-11196,Confirmed,104,Garden Queen,2025-11-19,2025-11-24,2025-11-14,Booking.com,98.76,5,False,False
Harbour Inn,HI-11707,Confirmed,102,Harbour View King,2026-06-22,2026-06-25,2026-02-23,Booking.com,226.89,3,False,False
Harbour Inn,HI-11949,Confirmed,103,Harbour View King,2026-08-26,2026-08-27,2026-07-24,Booking.com,192.57,1,False,False
Harbour Inn,HI-11140,Confirmed,201,Loft Suite,2025-10-26,2025-10-29,2025-09-25,Direct,167.73,3,False,False
Harbour Inn,HI-10443,Confirmed,106,Garden Queen,2025-04-11,2025-04-14,2025-03-31,Direct,195.78,3,False,False
Harbour Inn,HI-11200,Confirmed,102,Harbour View King,2025-11-21,2025-11-24,2025-11-02,Booking.com,149.28,3,False,False
Harbour Inn,HI-11401,Confirmed,104,Garden Queen,2026-02-26,2026-03-01,2026-02-23,Airbnb,75.58,3,False,False
Harbour Inn,HI-10835,Confirmed,101,Harbour View King,2025-07-30,2025-08-01,2025-06-19,Booking.com,183.41,2,False,False
Harbour Inn,HI-10356,Confirmed,104,Garden Queen,2025-03-01,2025-03-03,2025-02-15,Airbnb,122.88,2,False,False
Harbour Inn,HI-11222,Confirmed,101,Harbour View King,2025-12-02,2025-12-03,2025-11-17,Booking.com,99.04,1,False,False
Harbour Inn,HI-10914,Confirmed,104,Garden Queen,2025-08-18,2025-08-20,2025-07-25,Booking.com,179.9,2,False,False
Harbour Inn,HI-11812,Confirmed,202,Loft Suite,2026-07-19,2026-07-23,2026-06-25,Booking.com,246.08,4,False,False
Harbour Inn,HI-11324,Confirmed,106,Garden Queen,2026-01-17,2026-01-22,2025-10-02,Booking.com,154.2,5,False,False
Harbour Inn,HI-10693,Confirmed,103,Harbour View King,2025-06-20,2025-06-22,2025-06-10,Airbnb,303.49,2,False,False
Harbour Inn,HI-11125,Confirmed,106,Garden Queen,2025-10-21,2025-10-23,2025-10-15,Direct,112.01,2,False,False
Harbour Inn,HI-11077,Confirmed,101,Harbour View King,2025-10-05,2025-10-08,2025-07-12,Booking.com,141.47,3,False,False
Harbour Inn,HI-10040,Confirmed,201,Loft Suite,2024-10-13,2024-10-14,2024-06-25,Airbnb,172.17,1,False,False
Harbour Inn,HI-12071,Confirmed,201,Loft Suite,2026-10-04,2026-10-07,2026-09-26,Booking.com,204.02,3,False,False
Harbour Inn,HI-11802,Confirmed,105,Garden Queen,2026-07-17,2026-07-19,2026-05-10,Booking.com,260.47,2,False,False
Harbour Inn,HI-11189,Confirmed,101,Harbour View King,2025-11-16,2025-11-18,2025-11-12,Expedia,94.91,2,False,False
Harbour Inn,HI-10542,Confirmed,102,Harbour View King,2025-05-14,2025-05-15,2025-04-30,Direct,141.1,1,False,False
Harbour Inn,HI-11678,Confirmed,201,Loft Suite,2026-06-13,2026-06-14,2026-05-13,Direct,370.76,1,False,False
Harbour Inn,HI-10104,Confirmed,106,Garden Queen,2024-11-03,2024-11-04,2024-10-18,Booking.com,94.52,1,False,False
Harbour Inn,HI-10050,Confirmed,106,Garden Queen,2024-10-17,2024-10-18,2024-10-11,Direct,151.62,1,False,False
Harbour Inn,HI-10738,Confirmed,201,Loft Suite,2025-07-04,2025-07-05,2025-06-13,Direct,345.75,1,False,False
Harbour Inn,HI-10054,Confirmed,101,Harbour View King,2024-10-19,2024-10-22,2024-10-15,Booking.com,218.81,3,False,False
Harbour Inn,HI-10470,Confirmed,202,Loft Suite,2025-04-19,2025-04-24,2025-03-23,Direct,249.13,5,False,False
Harbour Inn,HI-10429,Confirmed,106,Garden Queen,2025-04-07,2025-04-09,2025-04-01,Booking.com,115.01,2,False,False
Harbour Inn,HI-10176,Confirmed,101,Harbour View King,2024-12-10,2024-12-14,2024-12-10,Booking.com,71.55,4,False,False
Harbour Inn,HI-11403,Confirmed,101,Harbour View King,2026-02-27,2026-02-28,2026-02-07,Direct,155.99,1,False,False
Harbour Inn,HI-11046,Confirmed,104,Garden Queen,2025-09-25,2025-09-26,2025-09-24,Airbnb,147.95,1,False,False
Harbour Inn,HI-11535,Confirmed,201,Loft Suite,2026-05-01,2026-05-03,2025-12-17,Direct,323.06,2,False,False
Harbour Inn,HI-10984,Confirmed,102,Harbour View King,2025-09-06,2025-09-09,2025-08-21,Expedia,246.92,3,False,False
Harbour Inn,HI-10623,Confirmed,103,Harbour View King,2025-06-04,2025-06-07,2025-05-01,Booking.com,183.92,3,False,False
Harbour Inn,HI-10662,Confirmed,105,Garden Queen,2025-06-13,2025-06-14,2025-04-15,Booking.com,302.19,1,False,False
Harbour Inn,HI-10949,Confirmed,202,Loft Suite,2025-08-27,2025-08-30,2025-07-30,Direct,283.53,3,False,False
Harbour Inn,HI-11130,Confirmed,202,Loft Suite,2025-10-23,2025-10-26,2025-10-13,Direct,226.34,3,False,False
Harbour Inn,HI-12042,Confirmed,101,Harbour View King,2026-09-26,2026-09-29,2026-09-16,Direct,197.68,3,False,False
Harbour Inn,HI-12077,Confirmed,101,Harbour View King,2026-10-07,2026-10-08,2026-09-26,Booking.com,126.29,1,False,False
Harbour Inn,HI-10271,Confirmed,103,Harbour View King,2025-01-24,2025-01-26,2024-10-18,Expedia,165.07,2,False,False
Harbour Inn,HI-11343,Confirmed,105,Garden Queen,2026-01-27,2026-01-28,2026-01-05,Booking.com,91.4,1,False,False
Harbour Inn,HI-11609,Confirmed,103,Harbour View King,2026-05-25,2026-05-28,2026-01-14,Airbnb,126.4,3,False,False
Harbour Inn,HI-10937,Confirmed,106,Garden Queen,2025-08-23,2025-08-26,2025-07-25,Airbnb,219.23,3,False,False
Harbour Inn,HI-12135,Confirmed,102,Harbour View King,2026-12-20,2026-12-23,2026-09-16,Direct,110.79,3,False,False
Harbour Inn,HI-10536,Confirmed,103,Harbour View King,2025-05-12,2025-05-13,2025-04-21,Direct,123.79,1,False,False
Harbour Inn,HI-10896,Confirmed,101,Harbour View King,2025-08-15,2025-08-17,2025-07-24,Booking.com,331.29,2,False,False
Harbour Inn,HI-11013,Confirmed,106,Garden Queen,2025-09-15,2025-09-18,2025-09-09,Booking.com,101.57,3,False,False
Harbour Inn,HI-11899,Confirmed,202,Loft Suite,2026-08-11,2026-08-14,2026-07-28,Booking.com,207.21,3,False,False
Harbour Inn,HI-10377,Confirmed,104,Garden Queen,2025-03-14,2025-03-17,2025-03-13,Booking.com,131.46,3,False,False
Harbour Inn,HI-10167,Confirmed,202,Loft Suite,2024-12-05,2024-12-09,2024-11-26,Booking.com,158.16,4,False,False
Harbour Inn,HI-12102,Confirmed,202,Loft Suite,2026-10-20,2026-10-23,2026-05-21,Expedia,132.83,3,False,False
Harbour Inn,HI-10540,Confirmed,202,Loft Suite,2025-05-13,2025-05-16,2025-05-07,Booking.com,189.17,3,False,False
Harbour Inn,HI-11543,Confirmed,106,Garden Queen,2026-05-04,2026-05-06,2026-04-26,Booking.com,120.32,2,False,False
Harbour Inn,HI-11935,Confirmed,106,Garden Queen,2026-08-21,2026-08-23,2026-04-12,Expedia,215.24,2,False,False
Harbour Inn,HI-12055,Confirmed,106,Garden Queen,2026-09-30,2026-10-02,2026-09-02,Airbnb,108.57,2,False,False
Harbour Inn,HI-10211,Confirmed,201,Loft Suite,2024-12-24,2024-12-26,2024-12-18,Booking.com,125.73,2,False,False
Harbour Inn,HI-11375,Confirmed,201,Loft Suite,2026-02-15,2026-02-17,2026-02-05,Booking.com,143.43,2,False,False
Harbour Inn,HI-10015,Confirmed,202,Loft Suite,2024-10-04,2024-10-06,2024-04-27,Airbnb,299.36,2,False,False
Harbour Inn,HI-10347,Confirmed,106,Garden Queen,2025-02-25,2025-02-26,2025-02-11,Booking.com,69.99,1,False,False
Harbour Inn,HI-12028,Confirmed,103,Harbour View King,2026-09-22,2026-09-25,2026-09-08,Direct,136.89,3,False,False
Harbour Inn,HI-11110,Confirmed,105,Garden Queen,2025-10-16,2025-10-20,2025-06-10,Direct,138.59,4,False,False
Harbour Inn,HI-11354,Confirmed,104,Garden Queen,2026-02-06,2026-02-09,2026-02-01,Direct,141.81,3,False,False
Harbour Inn,HI-11612,Confirmed,202,Loft Suite,2026-05-25,2026-05-27,2026-04-17,Booking.com,186.75,2,False,False
Harbour Inn,HI-10928,Confirmed,202,Loft Suite,2025-08-21,2025-08-23,2025-07-18,Airbnb,342.84,2,False,False
Harbour Inn,HI-10660,Confirmed,103,Harbour View King,2025-06-13,2025-06-14,2025-05-18,Direct,294.3,1,False,False
Harbour Inn,HI-11299,Confirmed,103,Harbour View King,2026-01-02,2026-01-03,2025-12-29,Direct,127.04,1,False,False
Harbour Inn,HI-11550,Confirmed,202,Loft Suite,2026-05-07,2026-05-09,2026-04-20,Booking.com,233.34,2,False,False
Harbour Inn,HI-10688,Confirmed,202,Loft Suite,2025-06-18,2025-06-19,2025-05-21,Direct,245.02,1,False,False
Harbour Inn,HI-10786,Confirmed,101,Harbour View King,2025-07-16,2025-07-19,2025-06-12,Direct,211.96,3,False,False
Harbour Inn,HI-10618,Confirmed,105,Garden Queen,2025-06-03,2025-06-07,2025-05-05,Booking.com,153.75,4,False,False
Harbour Inn,HI-10764,Confirmed,201,Loft Suite,2025-07-10,2025-07-15,2025-04-15,Expedia,275.55,5,False,False
Harbour Inn,HI-10106,Confirmed,101,Harbour View King,2024-11-04,2024-11-09,2024-10-25,Booking.com,92.09,5,False,False
Harbour Inn,HI-11649,Confirmed,101,Harbour View King,2026-06-06,2026-06-08,2025-12-11,Direct,283.84,2,False,False
Harbour Inn,HI-11907,Confirmed,105,Garden Queen,2026-08-14,2026-08-16,2026-07-30,Direct,287.34,2,False,False
Harbour Inn,HI-10819,Confirmed,104,Garden Queen,2025-07-24,2025-07-29,2025-01-30,Airbnb,167.1,5,False,False
Harbour Inn,HI-12007,Confirmed,101,Harbour View King,2026-09-13,2026-09-15,2026-09-03,Direct,142.17,2,False,False
Harbour Inn,HI-10808,Confirmed,106,Garden Queen,2025-07-21,2025-07-22,2025-07-12,Airbnb,135.97,1,False,False
Harbour Inn,HI-10700,Confirmed,103,Harbour View King,2025-06-22,2025-06-25,2025-06-06,Booking.com,182.61,3,False,False
Harbour Inn,HI-11618,Confirmed,103,Harbour View King,2026-05-28,2026-05-30,2026-05-25,Expedia,145.55,2,False,False
Harbour Inn,HI-12008,Confirmed,202,Loft Suite,2026-09-13,2026-09-15,2026-08-03,Airbnb,195.1,2,False,False
Harbour Inn,HI-10960,Confirmed,106,Garden Queen,2025-08-30,2025-09-03,2025-08-29,Airbnb,280.51,4,False,False
Harbour Inn,HI-11589,Confirmed,201,Loft Suite,2026-05-19,2026-05-23,2026-05-09,Expedia,137.06,4,False,False
Harbour Inn,HI-11360,Confirmed,201,Loft Suite,2026-02-09,2026-02-12,2026-02-08,Booking.com,105.87,3,False,False
Harbour Inn,HI-11621,Confirmed,101,Harbour View King,2026-05-29,2026-06-03,2026-04-09,Airbnb,217.69,5,False,False
Harbour Inn,HI-12126,Confirmed,104,Garden Queen,2026-12-03,2026-12-05,2026-09-13,Booking.com,106.33,2,False,False
Harbour Inn,HI-11595,Confirmed,103,Harbour View King,2026-05-21,2026-05-24,2026-05-11,Booking.com,195.05,3,False,False
Harbour Inn,HI-10827,Confirmed,105,Garden Queen,2025-07-26,2025-07-28,2025-07-13,Direct,244.84,2,False,False
Harbour Inn,HI-10543,Confirmed,103,Harbour View King,2025-05-14,2025-05-17,2025-01-08,Booking.com,144.89,3,False,False
Harbour Inn,HI-10439,Cancelled,104,Garden Queen,2025-04-10,2025-04-12,2025-04-06,Direct,150.58,2,False,False
Harbour Inn,HI-11239,Confirmed,106,Garden Queen,2025-12-10,2025-12-12,2025-12-07,Expedia,74.97,2,False,False
Harbour Inn,HI-11789,Confirmed,101,Harbour View King,2026-07-14,2026-07-17,2026-06-16,Expedia,147.21,3,False,False
Harbour Inn,HI-11833,Confirmed,103,Harbour View King,2026-07-25,2026-07-27,2026-07-13,Booking.com,307.82,2,False,False
Harbour Inn,HI-11991,Confirmed,201,Loft Suite,2026-09-06,2026-09-07,2026-05-07,Direct,180.26,1,False,False
Harbour Inn,HI-10935,Confirmed,103,Harbour View King,2025-08-23,2025-08-24,2025-07-22,Booking.com,307.57,1,False,False
Harbour Inn,HI-10097,Confirmed,104,Garden Queen,2024-11-01,2024-11-02,2024-10-28,Booking.com,102.67,1,False,False
Harbour Inn,HI-10755,Confirmed,102,Harbour View King,2025-07-08,2025-07-10,2025-06-20,Booking.com,209.57,2,False,False
Harbour Inn,HI-10609,Confirmed,106,Garden Queen,2025-06-01,2025-06-02,2025-04-04,Airbnb,171.73,1,False,False
Harbour Inn,HI-10768,Cancelled,201,Loft Suite,2025-07-11,2025-07-13,2025-03-08,Expedia,431.76,2,False,False
Harbour Inn,HI-10993,Cancelled,106,Garden Queen,2025-09-10,2025-09-11,2025-08-23,Direct,104.44,1,False,False
Harbour Inn,HI-12045,Cancelled,103,Harbour View King,2026-09-27,2026-09-28,2026-09-22,Booking.com,138.14,1,False,False
Harbour Inn,HI-10191,Confirmed,102,Harbour View King,2024-12-15,2024-12-18,2024-12-03,Airbnb,104.0,3,False,False
Harbour Inn,HI-11830,Confirmed,105,Garden Queen,2026-07-24,2026-07-26,2026-02-27,Direct,282.97,2,False,False
Harbour Inn,HI-10086,Confirmed,202,Loft Suite,2024-10-27,2024-10-31,2024-10-02,Booking.com,191.95,4,False,False
Harbour Inn,HI-10011,Confirmed,101,Harbour View King,2024-10-04,2024-10-07,2024-09-24,Direct,188.92,3,False,False
Harbour Inn,HI-10913,Confirmed,102,Harbour View King,2025-08-18,2025-08-21,2025-08-02,Direct,175.52,3,False,False
Harbour Inn,HI-10855,Confirmed,102,Harbour View King,2025-08-03,2025-08-04,2025-07-29,Booking.com,193.76,1,False,False
Harbour Inn,HI-11878,Confirmed,105,Garden Queen,2026-08-06,2026-08-08,2026-07-23,Airbnb,201.7,2,False,False
Harbour Inn,HI-10464,Confirmed,102,Harbour View King,2025-04-18,2025-04-20,2025-04-12,Booking.com,166.37,2,False,False
Harbour Inn,HI-11941,Confirmed,202,Loft Suite,2026-08-23,2026-08-27,2026-06-28,Booking.com,293.27,4,False,False
Harbour Inn,HI-10124,Confirmed,201,Loft Suite,2024-11-15,2024-11-18,2024-11-14,Airbnb,202.77,3,False,False
Harbour Inn,HI-11868,Confirmed,202,Loft Suite,2026-08-03,2026-08-05,2026-07-15,Airbnb,210.42,2,False,False
Harbour Inn,HI-11338,Confirmed,105,Garden Queen,2026-01-25,2026-01-26,2026-01-05,Direct,96.85,1,False,False
Harbour Inn,HI-11619,Confirmed,106,Garden Queen,2026-05-28,2026-05-29,2026-04-05,Direct,147.6,1,False,False
Harbour Inn,HI-11405,Confirmed,105,Garden Queen,2026-02-27,2026-03-01,2026-02-19,Booking.com,144.9,2,False,False
Harbour Inn,HI-10267,Confirmed,202,Loft Suite,2025-01-21,2025-01-23,2025-01-12,Airbnb,124.86,2,False,False
Harbour Inn,HI-10192,Cancelled,103,Harbour View King,2024-12-15,2024-12-17,2024-12-13,Direct,88.85,2,False,False
Harbour Inn,HI-10578,Confirmed,202,Loft Suite,2025-05-24,2025-05-26,2025-05-10,Direct,280.74,2,False,False
Harbour Inn,HI-10471,Confirmed,101,Harbour View King,2025-04-20,2025-04-23,2025-04-07,Expedia,150.19,3,False,False
Harbour Inn,HI-11839,Confirmed,101,Harbour View King,2026-07-27,2026-07-29,2026-07-15,Airbnb,184.71,2,False,False
Harbour Inn,HI-10759,Confirmed,106,Garden Queen,2025-07-09,2025-07-10,2025-06-28,Booking.com,147.55,1,False,False
Harbour Inn,HI-11850,Confirmed,104,Garden Queen,2026-07-30,2026-08-02,2026-06-28,Airbnb,192.79,3,False,False
Harbour Inn,HI-10657,Confirmed,104,Garden Queen,2025-06-12,2025-06-15,2024-12-26,Expedia,203.03,3,False,False
Harbour Inn,HI-11561,Confirmed,106,Garden Queen,2026-05-11,2026-05-14,2026-05-02,Booking.com,108.83,3,False,False
Harbour Inn,HI-11740,Confirmed,202,Loft Suite,2026-06-30,2026-07-02,2026-06-23,Airbnb,244.55,2,False,False
Harbour Inn,HI-10084,Confirmed,104,Garden Queen,2024-10-27,2024-10-31,2024-05-10,Booking.com,105.43,4,False,False
Harbour Inn,HI-11213,Confirmed,105,Garden Queen,2025-11-27,2025-11-29,2025-11-17,Airbnb,108.8,2,False,False
Harbour Inn,HI-11841,Confirmed,105,Garden Queen,2026-07-27,2026-07-29,2026-07-18,Booking.com,157.53,2,False,False
Harbour Inn,HI-11586,Confirmed,201,Loft Suite,2026-05-18,2026-05-19,2026-05-15,Booking.com,175.19,1,False,False
Harbour Inn,HI-10498,Confirmed,202,Loft Suite,2025-04-29,2025-05-01,2025-03-25,Booking.com,155.08,2,False,False
Harbour Inn,HI-12117,Confirmed,105,Garden Queen,2026-10-30,2026-11-01,2026-08-18,Direct,195.1,2,False,False
Harbour Inn,HI-12052,Confirmed,106,Garden Queen,2026-09-29,2026-09-30,2026-08-05,Expedia,109.84,1,False,False
Harbour Inn,HI-11079,Confirmed,201,Loft Suite,2025-10-05,2025-10-08,2025-09-26,Booking.com,172.58,3,False,False
Harbour Inn,HI-10636,Confirmed,102,Harbour View King,2025-06-07,2025-06-12,2025-05-27,Booking.com,293.5,5,False,False
Harbour Inn,HI-11172,Confirmed,103,Harbour View King,2025-11-08,2025-11-12,2025-11-05,Booking.com,118.71,4,False,False
Harbour Inn,HI-11002,Confirmed,101,Harbour View King,2025-09-13,2025-09-16,2025-08-31,Expedia,177.13,3,False,False
Harbour Inn,HI-11035,Confirmed,103,Harbour View King,2025-09-22,2025-09-24,2025-09-09,Booking.com,134.11,2,False,False
Harbour Inn,HI-10399,Confirmed,102,Harbour View King,2025-03-26,2025-03-29,2025-03-18,Booking.com,109.58,3,False,False
Harbour Inn,HI-10255,Confirmed,105,Garden Queen,2025-01-15,2025-01-17,2025-01-11,Airbnb,71.8,2,False,False
Harbour Inn,HI-11573,Confirmed,102,Harbour View King,2026-05-15,2026-05-16,2026-02-16,Booking.com,216.42,1,False,False
Harbour Inn,HI-10492,Confirmed,102,Harbour View King,2025-04-27,2025-04-28,2025-04-14,Airbnb,131.59,1,False,False
Harbour Inn,HI-10216,Confirmed,104,Garden Queen,2024-12-27,2024-12-31,2024-12-16,Airbnb,138.54,4,False,False
Harbour Inn,HI-11158,Confirmed,103,Harbour View King,2025-11-01,2025-11-04,2025-10-30,Direct,124.03,3,False,False
Harbour Inn,HI-11931,Cancelled,201,Loft Suite,2026-08-20,2026-08-23,2026-07-17,Booking.com,298.82,3,False,False
Harbour Inn,HI-10317,Confirmed,104,Garden Queen,2025-02-10,2025-02-11,2024-09-20,Booking.com,93.17,1,False,False
Harbour Inn,HI-10457,Confirmed,103,Harbour View King,2025-04-15,2025-04-17,2025-01-21,Expedia,153.16,2,False,False
Harbour Inn,HI-12050,Confirmed,101,Harbour View King,2026-09-29,2026-10-01,2026-09-20,Booking.com,138.02,2,False,False
Harbour Inn,HI-10728,Confirmed,106,Garden Queen,2025-07-01,2025-07-04,2025-06-09,Direct,167.09,3,False,False
Harbour Inn,HI-10890,Confirmed,106,Garden Queen,2025-08-13,2025-08-16,2025-08-03,Booking.com,131.94,3,False,False
Harbour Inn,HI-10615,Confirmed,202,Loft Suite,2025-06-02,2025-06-04,2025-05-28,Booking.com,231.37,2,False,False
Harbour Inn,HI-10507,Confirmed,101,Harbour View King,2025-05-02,2025-05-06,2025-04-18,Booking.com,194.45,4,False,False
Harbour Inn,HI-11025,Confirmed,202,Loft Suite,2025-09-19,2025-09-21,2025-09-01,Booking.com,259.26,2,False,False
Harbour Inn,HI-11223,Confirmed,106,Garden Queen,2025-12-02,2025-12-04,2025-11-21,Direct,71.65,2,False,False
Harbour Inn,HI-11723,Confirmed,103,Harbour View King,2026-06-26,2026-06-28,2026-06-19,Direct,300.69,2,False,False
Harbour Inn,HI-11630,Confirmed,201,Loft Suite,2026-05-31,2026-06-03,2026-05-17,Direct,178.67,3,False,False
Harbour Inn,HI-11262,Confirmed,103,Harbour View King,2025-12-20,2025-12-21,2025-12-13,Booking.com,160.54,1,False,False
Harbour Inn,HI-11367,Confirmed,103,Harbour View King,2026-02-12,2026-02-14,2026-02-05,Direct,127.3,2,False,False
Harbour Inn,HI-11245,Confirmed,101,Harbour View King,2025-12-14,2025-12-16,2025-12-12,Direct,81.7,2,False,False
Harbour Inn,HI-10722,Confirmed,103,Harbour View King,2025-06-30,2025-07-03,2025-06-21,Airbnb,168.17,3,False,False
Harbour Inn,HI-10925,Confirmed,104,Garden Queen,2025-08-21,2025-08-22,2025-03-31,Airbnb,200.31,1,False,False
Harbour Inn,HI-11290,Confirmed,106,Garden Queen,2025-12-30,2026-01-01,2025-12-30,Airbnb,71.63,2,False,False
Harbour Inn,HI-11834,Confirmed,104,Garden Queen,2026-07-25,2026-07-26,2026-06-27,Direct,261.0,1,False,False
Harbour Inn,HI-12134,Confirmed,101,Harbour View King,2026-12-18,2026-12-20,2026-09-09,Airbnb,160.16,2,False,False
Harbour Inn,HI-11056,Cancelled,102,Harbour View King,2025-09-28,2025-10-03,2025-09-13,Airbnb,156.89,5,False,False
Harbour Inn,HI-10321,Confirmed,101,Harbour View King,2025-02-12,2025-02-14,2025-01-29,Airbnb,84.82,2,False,False
Harbour Inn,HI-11927,Confirmed,101,Harbour View King,2026-08-19,2026-08-21,2026-06-19,Airbnb,172.69,2,False,False
Harbour Inn,HI-10911,Confirmed,106,Garden Queen,2025-08-17,2025-08-18,2025-06-24,Booking.com,210.37,1,False,False
Harbour Inn,HI-11006,Confirmed,201,Loft Suite,2025-09-13,2025-09-14,2025-09-11,Direct,251.67,1,False,False
Harbour Inn,HI-11162,Confirmed,101,Harbour View King,2025-11-05,2025-11-07,2025-11-03,Booking.com,77.02,2,False,False
Harbour Inn,HI-10094,Cancelled,102,Harbour View King,2024-10-31,2024-11-04,2024-10-26,Booking.com,201.9,4,False,False
Harbour Inn,HI-11351,Confirmed,103,Harbour View King,2026-02-04,2026-02-06,2025-08-18,Booking.com,95.52,2,False,False
Harbour Inn,HI-10931,Confirmed,104,Garden Queen,2025-08-22,2025-08-24,2025-06-27,Expedia,253.28,2,False,False
Harbour Inn,HI-10717,Confirmed,106,Garden Queen,2025-06-28,2025-06-30,2025-04-15,Airbnb,297.32,2,False,False
Harbour Inn,HI-10463,Confirmed,101,Harbour View King,2025-04-18,2025-04-20,2025-04-05,Booking.com,199.89,2,False,False
Harbour Inn,HI-11602,Confirmed,104,Garden Queen,2026-05-23,2026-05-27,2026-05-17,Direct,204.69,4,False,False
Harbour Inn,HI-12075,Confirmed,102,Harbour View King,2026-10-06,2026-10-09,2026-09-16,Airbnb,146.41,3,False,False
Harbour Inn,HI-11221,Confirmed,104,Garden Queen,2025-11-30,2025-12-02,2025-11-25,Expedia,84.85,2,False,False
Harbour Inn,HI-12092,Confirmed,103,Harbour View King,2026-10-14,2026-10-17,2026-09-24,Direct,139.33,3,False,False
Harbour Inn,HI-11150,Confirmed,105,Garden Queen,2025-10-30,2025-11-01,2025-10-08,Airbnb,173.59,2,False,False
Harbour Inn,HI-10924,Confirmed,103,Harbour View King,2025-08-21,2025-08-23,2025-08-11,Airbnb,228.81,2,False,False
Harbour Inn,HI-10430,Cancelled,201,Loft Suite,2025-04-07,2025-04-08,2025-03-24,Direct,174.76,1,False,False
Harbour Inn,HI-10414,Confirmed,101,Harbour View King,2025-04-01,2025-04-02,2025-03-29,Expedia,129.32,1,False,False
Harbour Inn,HI-10637,Confirmed,103,Harbour View King,2025-06-07,2025-06-10,2025-03-11,Expedia,306.71,3,False,False
Harbour Inn,HI-10524,Confirmed,106,Garden Queen,2025-05-08,2025-05-10,2024-12-15,Direct,138.44,2,False,False
Harbour Inn,HI-11427,Confirmed,201,Loft Suite,2026-03-12,2026-03-14,2025-12-28,Direct,145.47,2,False,False
Harbour Inn,HI-10996,Confirmed,106,Garden Queen,2025-09-11,2025-09-12,2025-06-13,Booking.com,154.25,1,False,False
Harbour Inn,HI-10878,Confirmed,103,Harbour View King,2025-08-09,2025-08-12,2025-07-13,Booking.com,272.12,3,False,False
Harbour Inn,HI-10799,Confirmed,102,Harbour View King,2025-07-19,2025-07-21,2025-07-05,Airbnb,261.51,2,False,False
Harbour Inn,HI-10359,Confirmed,101,Harbour View King,2025-03-03,2025-03-05,2025-02-19,Booking.com,97.76,2,False,False
Harbour Inn,HI-10879,Confirmed,105,Garden Queen,2025-08-09,2025-08-11,2025-08-02,Booking.com,238.84,2,False,False
Harbour Inn,HI-11353,Confirmed,102,Harbour View King,2026-02-05,2026-02-06,2026-01-30,Booking.com,105.37,1,False,False
Harbour Inn,HI-11022,Confirmed,102,Harbour View King,2025-09-18,2025-09-20,2025-08-12,Direct,168.81,2,False,False
Harbour Inn,HI-10771,Confirmed,104,Garden Queen,2025-07-12,2025-07-15,2025-06-23,Booking.com,212.64,3,False,False
Harbour Inn,HI-10988,Confirmed,104,Garden Queen,2025-09-09,2025-09-10,2025-08-15,Direct,111.74,1,False,False
Harbour Inn,HI-10561,Confirmed,104,Garden Queen,2025-05-19,2025-05-22,2025-03-11,Airbnb,119.41,3,False,False
Harbour Inn,HI-11089,Confirmed,105,Garden Queen,2025-10-10,2025-10-13,2025-05-15,Direct,200.98,3,False,False
Harbour Inn,HI-10159,Confirmed,103,Harbour View King,2024-11-30,2024-12-02,2024-11-22,Airbnb,151.57,2,False,False
Harbour Inn,HI-11261,Confirmed,101,Harbour View King,2025-12-20,2025-12-22,2025-12-13,Direct,151.84,2,False,False
Harbour Inn,HI-11806,Confirmed,102,Harbour View King,2026-07-18,2026-07-20,2026-07-13,Airbnb,319.0,2,False,False
Harbour Inn,HI-11651,Confirmed,103,Harbour View King,2026-06-06,2026-06-09,2026-05-23,Booking.com,295.13,3,False,False
Harbour Inn,HI-10365,Confirmed,105,Garden Queen,2025-03-07,2025-03-10,2025-03-03,Airbnb,127.38,3,False,False
Harbour Inn,HI-10484,Confirmed,101,Harbour View King,2025-04-25,2025-04-26,2025-04-14,Booking.com,196.12,1,False,False
Harbour Inn,HI-10144,Confirmed,102,Harbour View King,2024-11-24,2024-11-29,2024-11-19,Expedia,118.23,5,False,False
Harbour Inn,HI-10237,Confirmed,101,Harbour View King,2025-01-05,2025-01-08,2024-12-28,Direct,90.84,3,False,False
Harbour Inn,HI-10220,Confirmed,103,Harbour View King,2024-12-28,2024-12-31,2024-09-21,Expedia,164.44,3,False,False
Harbour Inn,HI-12121,Confirmed,106,Garden Queen,2026-11-10,2026-11-11,2026-06-09,Direct,72.06,1,False,False
Harbour Inn,HI-10426,Confirmed,201,Loft Suite,2025-04-06,2025-04-10,2024-10-14,Booking.com,165.84,4,False,False
Harbour Inn,HI-10747,Confirmed,106,Garden Queen,2025-07-06,2025-07-07,2025-04-09,Expedia,177.38,1,False,False
Harbour Inn,HI-11995,Confirmed,104,Garden Queen,2026-09-09,2026-09-10,2026-08-13,Booking.com,109.78,1,False,False
Harbour Inn,HI-10072,Confirmed,202,Loft Suite,2024-10-24,2024-10-25,2024-10-22,Expedia,219.91,1,False,False
Harbour Inn,HI-10374,Confirmed,201,Loft Suite,2025-03-11,2025-03-14,2025-03-06,Expedia,101.55,3,False,False
Harbour Inn,HI-10351,Confirmed,101,Harbour View King,2025-02-28,2025-03-02,2025-02-23,Direct,161.39,2,False,False
Harbour Inn,HI-10402,Confirmed,105,Garden Queen,2025-03-28,2025-03-29,2025-03-17,Booking.com,132.9,1,False,False
Harbour Inn,HI-12020,Confirmed,105,Garden Queen,2026-09-18,2026-09-19,2026-09-11,Booking.com,173.3,1,False,False
Harbour Inn,HI-11364,Confirmed,106,Garden Queen,2026-02-11,2026-02-16,2025-10-21,Direct,88.79,5,False,False
Harbour Inn,HI-11462,Confirmed,201,Loft Suite,2026-04-06,2026-04-07,2026-01-07,Direct,188.12,1,False,False
Harbour Inn,HI-10130,Confirmed,104,Garden Queen,2024-11-17,2024-11-18,2024-11-15,Direct,82.15,1,False,False
Harbour Inn,HI-11225,Confirmed,103,Harbour View King,2025-12-04,2025-12-05,2025-11-21,Booking.com,103.37,1,False,False
Harbour Inn,HI-12111,Confirmed,105,Garden Queen,2026-10-24,2026-10-27,2026-09-16,Direct,194.47,3,False,False
Harbour Inn,HI-11866,Confirmed,102,Harbour View King,2026-08-03,2026-08-06,2026-07-14,Direct,218.21,3,False,False
Harbour Inn,HI-11514,Confirmed,201,Loft Suite,2026-04-23,2026-04-27,2026-02-27,Booking.com,194.47,4,False,False
Harbour Inn,HI-10067,Confirmed,105,Garden Queen,2024-10-23,2024-10-24,2024-07-02,Airbnb,126.43,1,False,False
Harbour Inn,HI-11084,Confirmed,101,Harbour View King,2025-10-08,2025-10-11,2025-05-16,Booking.com,116.76,3,False,False
Harbour Inn,HI-10677,Confirmed,201,Loft Suite,2025-06-16,2025-06-18,2025-05-07,Booking.com,234.83,2,False,False
Harbour Inn,HI-11279,Cancelled,202,Loft Suite,2025-12-26,2025-12-27,2025-12-18,Expedia,222.45,1,False,False
Harbour Inn,HI-10431,Confirmed,202,Loft Suite,2025-04-07,2025-04-09,2025-03-31,Booking.com,158.23,2,False,False
Harbour Inn,HI-10573,Confirmed,105,Garden Queen,2025-05-23,2025-05-25,2025-05-12,Direct,192.57,2,False,False
Harbour Inn,HI-12033,Confirmed,104,Garden Queen,2026-09-23,2026-09-25,2026-09-12,Booking.com,117.46,2,False,False
Harbour Inn,HI-11045,Confirmed,102,Harbour View King,2025-09-25,2025-09-27,2025-09-16,Expedia,147.01,2,False,False
Harbour Inn,HI-10135,Confirmed,105,Garden Queen,2024-11-21,2024-11-24,2024-11-21,Booking.com,89.8,3,False,False
Harbour Inn,HI-10345,Confirmed,104,Garden Queen,2025-02-24,2025-02-27,2025-02-21,Direct,70.94,3,False,False
Harbour Inn,HI-12064,Confirmed,202,Loft Suite,2026-10-02,2026-10-03,2026-09-03,Booking.com,289.54,1,False,False
Harbour Inn,HI-10821,Confirmed,202,Loft Suite,2025-07-24,2025-07-25,2025-07-05,Booking.com,317.3,1,False,False
Harbour Inn,HI-11112,Confirmed,202,Loft Suite,2025-10-16,2025-10-19,2025-10-13,Airbnb,201.85,3,False,False
Harbour Inn,HI-10200,Confirmed,103,Harbour View King,2024-12-19,2024-12-20,2024-12-16,Airbnb,103.84,1,False,False
Harbour Inn,HI-10775,Confirmed,102,Harbour View King,2025-07-13,2025-07-15,2025-06-30,Booking.com,214.55,2,False,False
Harbour Inn,HI-10123,Confirmed,106,Garden Queen,2024-11-15,2024-11-18,2024-11-07,Expedia,107.33,3,False,False
Harbour Inn,HI-12006,Confirmed,106,Garden Queen,2026-09-12,2026-09-14,2026-08-14,Booking.com,183.26,2,False,False
Harbour Inn,HI-11193,Confirmed,201,Loft Suite,2025-11-17,2025-11-20,2025-11-04,Airbnb,122.65,3,False,False
Harbour Inn,HI-10525,Confirmed,201,Loft Suite,2025-05-08,2025-05-11,2025-04-23,Booking.com,228.58,3,False,False
Harbour Inn,HI-11345,Confirmed,103,Harbour View King,2026-01-30,2026-02-01,2026-01-27,Booking.com,150.74,2,False,False
Harbour Inn,HI-10241,Confirmed,105,Garden Queen,2025-01-07,2025-01-11,2024-12-28,Direct,80.96,4,False,False
Harbour Inn,HI-11953,Confirmed,103,Harbour View King,2026-08-27,2026-08-29,2026-08-24,Direct,242.21,2,False,False
Harbour Inn,HI-10120,Confirmed,102,Harbour View King,2024-11-15,2024-11-18,2024-11-09,Booking.com,159.6,3,False,False
Harbour Inn,HI-11393,Confirmed,102,Harbour View King,2026-02-24,2026-02-28,2025-11-18,Airbnb,96.74,4,False,False
Harbour Inn,HI-11144,Confirmed,102,Harbour View King,2025-10-28,2025-10-31,2025-10-04,Booking.com,151.42,3,False,False
Harbour Inn,HI-11133,Confirmed,201,Loft Suite,2025-10-24,2025-10-26,2025-10-06,Booking.com,280.95,2,False,False
Harbour Inn,HI-10132,Confirmed,105,Garden Queen,2024-11-18,2024-11-20,2024-09-11,Booking.com,93.25,2,False,False
Harbour Inn,HI-10269,Confirmed,201,Loft Suite,2025-01-22,2025-01-24,2025-01-12,Direct,139.98,2,False,False
Harbour Inn,HI-10210,Confirmed,106,Garden Queen,2024-12-24,2024-12-27,2024-12-23,Direct,58.2,3,False,False
Harbour Inn,HI-12072,Confirmed,101,Harbour View King,2026-10-05,2026-10-07,2026-09-12,Booking.com,149.28,2,False,False
Harbour Inn,HI-10687,Cancelled,201,Loft Suite,2025-06-18,2025-06-20,2025-05-03,Booking.com,231.54,2,False,False
Harbour Inn,HI-10526,Confirmed,202,Loft Suite,2025-05-08,2025-05-11,2025-04-26,Expedia,227.68,3,False,False
Harbour Inn,HI-11640,Confirmed,106,Garden Queen,2026-06-03,2026-06-05,2026-03-23,Airbnb,185.96,2,False,False
Harbour Inn,HI-11228,Confirmed,106,Garden Queen,2025-12-05,2025-12-07,2025-11-29,Booking.com,139.22,2,False,False
Harbour Inn,HI-10697,Confirmed,102,Harbour View King,2025-06-21,2025-06-22,2025-06-07,Direct,250.28,1,False,False
Harbour Inn,HI-10831,Confirmed,105,Garden Queen,2025-07-28,2025-08-01,2025-05-17,Airbnb,168.28,4,False,False
Harbour Inn,HI-12041,Confirmed,106,Garden Queen,2026-09-25,2026-09-26,2026-09-03,Expedia,158.25,1,False,False
Harbour Inn,HI-10071,Confirmed,106,Garden Queen,2024-10-24,2024-10-27,2024-09-01,Airbnb,143.15,3,False,False
Harbour Inn,HI-10121,Confirmed,103,Harbour View King,2024-11-15,2024-11-18,2024-11-08,Booking.com,132.82,3,False,False
Harbour Inn,HI-11848,Confirmed,202,Loft Suite,2026-07-29,2026-07-31,2026-06-12,Booking.com,232.3,2,False,False
Harbour Inn,HI-11963,Confirmed,106,Garden Queen,2026-08-29,2026-08-31,2026-08-21,Airbnb,251.11,2,False,False
Harbour Inn,HI-10862,Confirmed,201,Loft Suite,2025-08-04,2025-08-05,2025-07-24,Booking.com,235.41,1,False,False
Harbour Inn,HI-11754,Confirmed,105,Garden Queen,2026-07-04,2026-07-06,2026-03-08,Booking.com,260.21,2,False,False
Harbour Inn,HI-11886,Confirmed,104,Garden Queen,2026-08-08,2026-08-10,2026-07-13,Direct,252.86,2,False,False
Harbour Inn,HI-11987,Confirmed,103,Harbour View King,2026-09-05,2026-09-07,2026-08-23,Airbnb,170.65,2,False,False
Harbour Inn,HI-11969,Confirmed,102,Harbour View King,2026-08-31,2026-09-02,2026-08-17,Airbnb,188.4,2,False,False
Harbour Inn,HI-11756,Confirmed,102,Harbour View King,2026-07-06,2026-07-09,2026-06-28,Expedia,155.09,3,False,False
Harbour Inn,HI-11757,Confirmed,103,Harbour View King,2026-07-06,2026-07-09,2026-05-07,Direct,195.39,3,False,False
Harbour Inn,HI-11449,Confirmed,202,Loft Suite,2026-03-31,2026-04-02,2026-03-21,Booking.com,118.78,2,False,False
Harbour Inn,HI-11102,Confirmed,201,Loft Suite,2025-10-13,2025-10-15,2025-10-08,Expedia,177.19,2,False,False
Harbour Inn,HI-10804,Confirmed,202,Loft Suite,2025-07-20,2025-07-21,2025-07-12,Direct,243.43,1,False,False
Harbour Inn,HI-11934,Confirmed,105,Garden Queen,2026-08-21,2026-08-26,2026-08-03,Direct,223.18,5,False,False
Harbour Inn,HI-10232,Confirmed,102,Harbour View King,2025-01-04,2025-01-06,2024-12-23,Airbnb,133.81,2,False,False
Harbour Inn,HI-11416,Confirmed,103,Harbour View King,2026-03-06,2026-03-08,2026-03-05,Airbnb,129.98,2,False,False
Harbour Inn,HI-11798,Confirmed,103,Harbour View King,2026-07-16,2026-07-18,2026-06-25,Booking.com,262.0,2,False,False
Harbour Inn,HI-11199,Confirmed,201,Loft Suite,2025-11-20,2025-11-21,2025-11-13,Direct,149.46,1,False,False
Harbour Inn,HI-11998,Confirmed,101,Harbour View King,2026-09-10,2026-09-12,2026-07-26,Direct,164.96,2,False,False
