property,reservation_id,unit,unit_type,date,booked_on,channel,nightly_rate_net,is_room_inferred,is_booked_post_checkin
Harbour Inn,HI-10734,201,Loft Suite,2025-07-03,2025-01-20,Expedia,282.34,False,False
Harbour Inn,HI-10646,101,Harbour View King,2025-06-10,2025-05-24,Booking.com,162.2,False,False
Harbour Inn,HI-11316,106,Garden Queen,2026-01-12,2025-11-04,Direct,80.31,False,False
Harbour Inn,HI-11316,106,Garden Queen,2026-01-13,2025-11-04,Direct,80.31,False,False
Harbour Inn,HI-11316,106,Garden Queen,2026-01-14,2025-11-04,Direct,80.31,False,False
Harbour Inn,HI-12109,104,Garden Queen,2026-10-23,2026-09-25,Booking.com,187.79,False,False
Harbour Inn,HI-12109,104,Garden Queen,2026-10-24,2026-09-25,Booking.com,187.79,False,False
Harbour Inn,HI-10148,201,Loft Suite,2024-11-25,2024-07-31,Airbnb,125.83,False,False
Harbour Inn,HI-12084,101,Harbour View King,2026-10-10,2026-09-18,Expedia,138.1,False,False
Harbour Inn,HI-12084,101,Harbour View King,2026-10-11,2026-09-18,Expedia,138.1,False,False
Harbour Inn,HI-12084,101,Harbour View King,2026-10-12,2026-09-18,Expedia,138.1,False,False
Harbour Inn,HI-11894,101,Harbour View King,2026-08-10,2026-06-02,Direct,215.91,False,False
Harbour Inn,HI-11408,106,Garden Queen,2026-03-02,2026-01-27,Direct,79.7,False,False
Harbour Inn,HI-11408,106,Garden Queen,2026-03-03,2026-01-27,Direct,79.7,False,False
Harbour Inn,HI-11408,106,Garden Queen,2026-03-04,2026-01-27,Direct,79.7,False,False
Harbour Inn,HI-10684,102,Harbour View King,2025-06-18,2025-05-30,Direct,143.92,False,False
Harbour Inn,HI-10684,102,Harbour View King,2025-06-19,2025-05-30,Direct,143.92,False,False
Harbour Inn,HI-10684,102,Harbour View King,2025-06-20,2025-05-30,Direct,143.92,False,False
Harbour Inn,HI-10588,106,Garden Queen,2025-05-26,2025-05-24,Booking.com,119.02,False,False
Harbour Inn,HI-10588,106,Garden Queen,2025-05-27,2025-05-24,Booking.com,119.02,False,False
Harbour Inn,HI-10588,106,Garden Queen,2025-05-28,2025-05-24,Booking.com,119.02,False,False
Harbour Inn,HI-12027,101,Harbour View King,2026-09-22,2026-09-10,Airbnb,137.8,False,False
Harbour Inn,HI-12027,101,Harbour View King,2026-09-23,2026-09-10,Airbnb,137.8,False,False
Harbour Inn,HI-11361,101,Harbour View King,2026-02-10,2026-02-06,Booking.com,78.74,False,False
Harbour Inn,HI-11361,101,Harbour View King,2026-02-11,2026-02-06,Booking.com,78.74,False,False
Harbour Inn,HI-10048,104,Garden Queen,2024-10-17,2024-08-31,Direct,170.07,False,False
Harbour Inn,HI-10048,104,Garden Queen,2024-10-18,2024-08-31,Direct,170.07,False,False
Harbour Inn,HI-10048,104,Garden Queen,2024-10-19,2024-08-31,Direct,170.07,False,False
Harbour Inn,HI-11794,201,Loft Suite,2026-07-15,2026-06-23,Direct,228.46,False,False
Harbour Inn,HI-11794,201,Loft Suite,2026-07-16,2026-06-23,Direct,228.46,False,False
Harbour Inn,HI-10276,103,Harbour View King,2025-01-26,2024-11-15,Direct,109.32,False,False
Harbour Inn,HI-11881,102,Harbour View King,2026-08-07,2026-07-16,Booking.com,329.53,False,False
Harbour Inn,HI-11881,102,Harbour View King,2026-08-08,2026-07-16,Booking.com,329.53,False,False
Harbour Inn,HI-11881,102,Harbour View King,2026-08-09,2026-07-16,Booking.com,329.53,False,False
Harbour Inn,HI-11881,102,Harbour View King,2026-08-10,2026-07-16,Booking.com,329.53,False,False
Harbour Inn,HI-12039,202,Loft Suite,2026-09-24,2026-09-12,Booking.com,232.4,False,False
Harbour Inn,HI-12039,202,Loft Suite,2026-09-25,2026-09-12,Booking.com,232.4,False,False
Harbour Inn,HI-12039,202,Loft Suite,2026-09-26,2026-09-12,Booking.com,232.4,False,False
Harbour Inn,HI-10665,101,Harbour View King,2025-06-14,2025-01-12,Airbnb,261.34,False,False
Harbour Inn,HI-10665,101,Harbour View King,2025-06-15,2025-01-12,Airbnb,261.34,False,False
Harbour Inn,HI-10665,101,Harbour View King,2025-06-16,2025-01-12,Airbnb,261.34,False,False
Harbour Inn,HI-11620,201,Loft Suite,2026-05-28,2026-05-12,Booking.com,205.77,False,False
Harbour Inn,HI-11620,201,Loft Suite,2026-05-29,2026-05-12,Booking.com,205.77,False,False
Harbour Inn,HI-11241,201,Loft Suite,2025-12-11,2025-12-07,Airbnb,136.83,False,False
Harbour Inn,HI-11108,104,Garden Queen,2025-10-15,2025-09-29,Direct,123.76,False,False
Harbour Inn,HI-11108,104,Garden Queen,2025-10-16,2025-09-29,Direct,123.76,False,False
Harbour Inn,HI-11952,101,Harbour View King,2026-08-27,2026-04-25,Direct,246.67,False,False
Harbour Inn,HI-11952,101,Harbour View King,2026-08-28,2026-04-25,Direct,246.67,False,False
Harbour Inn,HI-11952,101,Harbour View King,2026-08-29,2026-04-25,Direct,246.67,False,False
Harbour Inn,HI-12114,202,Loft Suite,2026-10-26,2026-09-16,Booking.com,164.8,False,False
Harbour Inn,HI-10427,102,Harbour View King,2025-04-07,2025-04-01,Direct,140.34,False,False
Harbour Inn,HI-10851,103,Harbour View King,2025-08-02,2025-06-18,Booking.com,248.84,False,False
Harbour Inn,HI-10851,103,Harbour View King,2025-08-03,2025-06-18,Booking.com,248.84,False,False
Harbour Inn,HI-10851,103,Harbour View King,2025-08-04,2025-06-18,Booking.com,248.84,False,False
Harbour Inn,HI-11843,103,Harbour View King,2026-07-28,2026-06-24,Expedia,140.31,False,False
Harbour Inn,HI-11843,103,Harbour View King,2026-07-29,2026-06-24,Expedia,140.31,False,False
Harbour Inn,HI-10335,103,Harbour View King,2025-02-18,2025-02-14,Booking.com,79.7,False,False
Harbour Inn,HI-10335,103,Harbour View King,2025-02-19,2025-02-14,Booking.com,79.7,False,False
Harbour Inn,HI-10335,103,Harbour View King,2025-02-20,2025-02-14,Booking.com,79.7,False,False
Harbour Inn,HI-10715,101,Harbour View King,2025-06-28,2025-06-21,Booking.com,308.35,False,False
Harbour Inn,HI-10715,101,Harbour View King,2025-06-29,2025-06-21,Booking.com,308.35,False,False
Harbour Inn,HI-10715,101,Harbour View King,2025-06-30,2025-06-21,Booking.com,308.35,False,False
Harbour Inn,HI-10715,101,Harbour View King,2025-07-01,2025-06-21,Booking.com,308.35,False,False
Harbour Inn,HI-11486,104,Garden Queen,2026-04-14,2026-04-04,Booking.com,98.86,False,False
Harbour Inn,HI-11486,104,Garden Queen,2026-04-15,2026-04-04,Booking.com,98.86,False,False
Harbour Inn,HI-11486,104,Garden Queen,2026-04-16,2026-04-04,Booking.com,98.86,False,False
Harbour Inn,HI-11433,105,Garden Queen,2026-03-14,2026-03-07,Booking.com,126.45,False,False
Harbour Inn,HI-11433,105,Garden Queen,2026-03-15,2026-03-07,Booking.com,126.45,False,False
Harbour Inn,HI-11453,104,Garden Queen,2026-04-02,2026-03-14,Direct,140.07,False,False
Harbour Inn,HI-11453,104,Garden Queen,2026-04-03,2026-03-14,Direct,140.07,False,False
Harbour Inn,HI-11453,104,Garden Queen,2026-04-04,2026-03-14,Direct,140.07,False,False
Harbour Inn,HI-10388,103,Harbour View King,2025-03-20,2025-03-16,Booking.com,109.48,False,False
Harbour Inn,HI-10388,103,Harbour View King,2025-03-21,2025-03-16,Booking.com,109.48,False,False
Harbour Inn,HI-10905,202,Loft Suite,2025-08-16,2025-06-06,Booking.com,366.14,False,False
Harbour Inn,HI-10905,202,Loft Suite,2025-08-17,2025-06-06,Booking.com,366.14,False,False
Harbour Inn,HI-10901,201,Loft Suite,2025-08-15,2025-08-07,Airbnb,397.34,False,False
Harbour Inn,HI-10901,201,Loft Suite,2025-08-16,2025-08-07,Airbnb,397.34,False,False
Harbour Inn,HI-11448,104,Garden Queen,2026-03-31,2026-04-07,Booking.com,81.34,False,True
Harbour Inn,HI-11448,104,Garden Queen,2026-04-01,2026-04-07,Booking.com,81.34,False,True
Harbour Inn,HI-10350,202,Loft Suite,2025-02-27,2025-02-14,Direct,161.26,False,False
Harbour Inn,HI-10350,202,Loft Suite,2025-02-28,2025-02-14,Direct,161.26,False,False
Harbour Inn,HI-10350,202,Loft Suite,2025-03-01,2025-02-14,Direct,161.26,False,False
Harbour Inn,HI-10350,202,Loft Suite,2025-03-02,2025-02-14,Direct,161.26,False,False
Harbour Inn,HI-10350,202,Loft Suite,2025-03-03,2025-02-14,Direct,161.26,False,False
Harbour Inn,HI-10332,104,Garden Queen,2025-02-16,2024-08-29,Booking.com,72.71,False,False
Harbour Inn,HI-10769,202,Loft Suite,2025-07-11,2025-05-18,Direct,450.15,False,False
Harbour Inn,HI-10809,101,Harbour View King,2025-07-22,2025-06-14,Expedia,194.97,False,False
Harbour Inn,HI-10809,101,Harbour View King,2025-07-23,2025-06-14,Expedia,194.97,False,False
Harbour Inn,HI-10809,101,Harbour View King,2025-07-24,2025-06-14,Expedia,194.97,False,False
Harbour Inn,HI-10029,103,Harbour View King,2024-10-09,2024-09-02,Booking.com,134.01,False,False
Harbour Inn,HI-10029,103,Harbour View King,2024-10-10,2024-09-02,Booking.com,134.01,False,False
Harbour Inn,HI-10248,104,Garden Queen,2025-01-12,2025-01-10,Booking.com,68.95,False,False
Harbour Inn,HI-10828,103,Harbour View King,2025-07-27,2025-04-03,Booking.com,199.74,False,False
Harbour Inn,HI-10828,103,Harbour View King,2025-07-28,2025-04-03,Booking.com,199.74,False,False
Harbour Inn,HI-10828,103,Harbour View King,2025-07-29,2025-04-03,Booking.com,199.74,False,False
Harbour Inn,HI-10776,103,Harbour View King,2025-07-13,2025-02-15,Airbnb,212.1,False,False
Harbour Inn,HI-11684,105,Garden Queen,2026-06-15,2026-05-28,Airbnb,158.7,False,False
Harbour Inn,HI-11684,105,Garden Queen,2026-06-16,2026-05-28,Airbnb,158.7,False,False
Harbour Inn,HI-11685,106,Garden Queen,2026-06-15,2026-04-12,Direct,178.89,False,False
Harbour Inn,HI-11685,106,Garden Queen,2026-06-16,2026-04-12,Direct,178.89,False,False
Harbour Inn,HI-12053,102,Harbour View King,2026-09-30,2026-08-31,Booking.com,127.92,False,False
Harbour Inn,HI-12053,102,Harbour View King,2026-10-01,2026-08-31,Booking.com,127.92,False,False
Harbour Inn,HI-12053,102,Harbour View King,2026-10-02,2026-08-31,Booking.com,127.92,False,False
Harbour Inn,HI-11455,202,Loft Suite,2026-04-03,2026-03-23,Direct,324.29,False,False
Harbour Inn,HI-11455,202,Loft Suite,2026-04-04,2026-03-23,Direct,324.29,False,False
Harbour Inn,HI-11152,104,Garden Queen,2025-10-31,2025-09-24,Airbnb,171.99,False,False
Harbour Inn,HI-11152,104,Garden Queen,2025-11-01,2025-09-24,Airbnb,171.99,False,False
Harbour Inn,HI-11152,104,Garden Queen,2025-11-02,2025-09-24,Airbnb,171.99,False,False
Harbour Inn,HI-12106,201,Loft Suite,2026-10-22,2026-09-23,Direct,211.31,False,False
Harbour Inn,HI-12106,201,Loft Suite,2026-10-23,2026-09-23,Direct,211.31,False,False
Harbour Inn,HI-12106,201,Loft Suite,2026-10-24,2026-09-23,Direct,211.31,False,False
Harbour Inn,HI-11122,101,Harbour View King,2025-10-20,2025-10-12,Direct,142.57,False,False
Harbour Inn,HI-11122,101,Harbour View King,2025-10-21,2025-10-12,Direct,142.57,False,False
Harbour Inn,HI-11122,101,Harbour View King,2025-10-22,2025-10-12,Direct,142.57,False,False
Harbour Inn,HI-10228,102,Harbour View King,2025-01-01,2024-12-26,Booking.com,111.95,False,False
Harbour Inn,HI-11175,201,Loft Suite,2025-11-09,2025-10-28,Airbnb,133.0,False,False
Harbour Inn,HI-11175,201,Loft Suite,2025-11-10,2025-10-28,Airbnb,133.0,False,False
Harbour Inn,HI-10444,201,Loft Suite,2025-04-11,2025-04-08,Booking.com,224.35,False,False
Harbour Inn,HI-11371,104,Garden Queen,2026-02-14,2026-02-12,Booking.com,97.03,False,False
Harbour Inn,HI-11797,102,Harbour View King,2026-07-16,2026-06-17,Booking.com,231.24,False,False
Harbour Inn,HI-11736,105,Garden Queen,2026-06-29,2026-06-23,Airbnb,190.83,False,False
Harbour Inn,HI-11736,105,Garden Queen,2026-06-30,2026-06-23,Airbnb,190.83,False,False
Harbour Inn,HI-11736,105,Garden Queen,2026-07-01,2026-06-23,Airbnb,190.83,False,False
Harbour Inn,HI-11166,202,Loft Suite,2025-11-06,2025-11-05,Direct,144.06,False,False
Harbour Inn,HI-11166,202,Loft Suite,2025-11-07,2025-11-05,Direct,144.06,False,False
Harbour Inn,HI-11166,202,Loft Suite,2025-11-08,2025-11-05,Direct,144.06,False,False
Harbour Inn,HI-10326,201,Loft Suite,2025-02-13,2025-02-11,Airbnb,140.79,False,False
Harbour Inn,HI-10326,201,Loft Suite,2025-02-14,2025-02-11,Airbnb,140.79,False,False
Harbour Inn,HI-10342,201,Loft Suite,2025-02-20,2025-02-15,Expedia,160.7,False,False
Harbour Inn,HI-11381,103,Harbour View King,2026-02-18,2026-02-15,Booking.com,99.68,False,False
Harbour Inn,HI-11381,103,Harbour View King,2026-02-19,2026-02-15,Booking.com,99.68,False,False
Harbour Inn,HI-10868,104,Garden Queen,2025-08-06,2025-03-19,Expedia,153.35,False,False
Harbour Inn,HI-10152,104,Garden Queen,2024-11-27,2024-11-21,Expedia,97.37,False,False
Harbour Inn,HI-10152,104,Garden Queen,2024-11-28,2024-11-21,Expedia,97.37,False,False
Harbour Inn,HI-11545,105,Garden Queen,2026-05-05,2026-04-09,Airbnb,102.19,False,False
Harbour Inn,HI-11545,105,Garden Queen,2026-05-06,2026-04-09,Airbnb,102.19,False,False
Harbour Inn,HI-11825,106,Garden Queen,2026-07-23,2026-07-13,Airbnb,209.84,False,False
Harbour Inn,HI-11825,106,Garden Queen,2026-07-24,2026-07-13,Airbnb,209.84,False,False
Harbour Inn,HI-11653,106,Garden Queen,2026-06-06,2026-05-01,Booking.com,288.51,False,False
Harbour Inn,HI-10090,101,Harbour View King,2024-10-29,2024-10-13,Direct,130.54,False,False
Harbour Inn,HI-11415,102,Harbour View King,2026-03-06,2026-02-27,Direct,150.46,False,False
Harbour Inn,HI-11415,102,Harbour View King,2026-03-07,2026-02-27,Direct,150.46,False,False
Harbour Inn,HI-11170,101,Harbour View King,2025-11-08,2025-11-05,Booking.com,121.73,False,False
Harbour Inn,HI-11170,101,Harbour View King,2025-11-09,2025-11-05,Booking.com,121.73,False,False
Harbour Inn,HI-10113,102,Harbour View King,2024-11-12,2024-11-08,Booking.com,81.94,False,False
Harbour Inn,HI-10113,102,Harbour View King,2024-11-13,2024-11-08,Booking.com,81.94,False,False
Harbour Inn,HI-10113,102,Harbour View King,2024-11-14,2024-11-08,Booking.com,81.94,False,False
Harbour Inn,HI-11456,103,Harbour View King,2026-04-04,2026-03-28,Booking.com,174.19,False,False
Harbour Inn,HI-11456,103,Harbour View King,2026-04-05,2026-03-28,Booking.com,174.19,False,False
Harbour Inn,HI-10601,103,Harbour View King,2025-05-30,2025-05-04,Airbnb,232.43,False,False
Harbour Inn,HI-10601,103,Harbour View King,2025-05-31,2025-05-04,Airbnb,232.43,False,False
Harbour Inn,HI-10076,105,Garden Queen,2024-10-25,2024-10-11,Booking.com,203.58,False,False
Harbour Inn,HI-10076,105,Garden Queen,2024-10-26,2024-10-11,Booking.com,203.58,False,False
Harbour Inn,HI-10076,105,Garden Queen,2024-10-27,2024-10-11,Booking.com,203.58,False,False
Harbour Inn,HI-10076,105,Garden Queen,2024-10-28,2024-10-11,Booking.com,203.58,False,False
Harbour Inn,HI-11174,106,Garden Queen,2025-11-09,2025-10-17,Airbnb,86.42,False,False
Harbour Inn,HI-11477,106,Garden Queen,2026-04-11,2025-10-17,Direct,170.91,False,False
Harbour Inn,HI-11477,106,Garden Queen,2026-04-12,2025-10-17,Direct,170.91,False,False
Harbour Inn,HI-11477,106,Garden Queen,2026-04-13,2025-10-17,Direct,170.91,False,False
Harbour Inn,HI-10098,201,Loft Suite,2024-11-01,2024-10-26,Expedia,219.77,False,False
Harbour Inn,HI-10098,201,Loft Suite,2024-11-02,2024-10-26,Expedia,219.77,False,False
Harbour Inn,HI-11466,104,Garden Queen,2026-04-09,2026-03-30,Airbnb,149.24,False,False
Harbour Inn,HI-11466,104,Garden Queen,2026-04-10,2026-03-30,Airbnb,149.24,False,False
Harbour Inn,HI-10997,102,Harbour View King,2025-09-12,2025-09-06,Direct,189.97,False,False
Harbour Inn,HI-10997,102,Harbour View King,2025-09-13,2025-09-06,Direct,189.97,False,False
Harbour Inn,HI-11267,106,Garden Queen,2025-12-21,2025-12-18,Airbnb,73.66,False,False
Harbour Inn,HI-11267,106,Garden Queen,2025-12-22,2025-12-18,Airbnb,73.66,False,False
Harbour Inn,HI-10987,202,Loft Suite,2025-09-08,2025-09-05,Booking.com,153.02,False,False
Harbour Inn,HI-10987,202,Loft Suite,2025-09-09,2025-09-05,Booking.com,153.02,False,False
Harbour Inn,HI-10987,202,Loft Suite,2025-09-10,2025-09-05,Booking.com,153.02,False,False
Harbour Inn,HI-10398,201,Loft Suite,2025-03-24,2024-10-30,Direct,109.13,False,False
Harbour Inn,HI-11366,101,Harbour View King,2026-02-12,2026-02-07,Booking.com,126.59,False,False
Harbour Inn,HI-11366,101,Harbour View King,2026-02-13,2026-02-07,Booking.com,126.59,False,False
Harbour Inn,HI-11059,106,Garden Queen,2025-09-29,2025-09-17,Direct,112.39,False,False
Harbour Inn,HI-10280,201,Loft Suite,2025-01-27,2025-01-20,Direct,139.38,False,False
Harbour Inn,HI-10280,201,Loft Suite,2025-01-28,2025-01-20,Direct,139.38,False,False
Harbour Inn,HI-10280,201,Loft Suite,2025-01-29,2025-01-20,Direct,139.38,False,False
Harbour Inn,HI-10105,202,Loft Suite,2024-11-03,2024-10-21,Airbnb,135.44,False,False
Harbour Inn,HI-10134,103,Harbour View King,2024-11-21,2024-11-12,Booking.com,119.2,False,False
Harbour Inn,HI-10134,103,Harbour View King,2024-11-22,2024-11-12,Booking.com,119.2,False,False
Harbour Inn,HI-10134,103,Harbour View King,2024-11-23,2024-11-12,Booking.com,119.2,False,False
Harbour Inn,HI-10134,103,Harbour View King,2024-11-24,2024-11-12,Booking.com,119.2,False,False
Harbour Inn,HI-10362,103,Harbour View King,2025-03-05,2024-11-23,Airbnb,100.45,False,False
Harbour Inn,HI-10362,103,Harbour View King,2025-03-06,2024-11-23,Airbnb,100.45,False,False
Harbour Inn,HI-10168,101,Harbour View King,2024-12-06,2024-12-06,Booking.com,145.73,False,False
Harbour Inn,HI-10168,101,Harbour View King,2024-12-07,2024-12-06,Booking.com,145.73,False,False
Harbour Inn,HI-10168,101,Harbour View King,2024-12-08,2024-12-06,Booking.com,145.73,False,False
Harbour Inn,HI-10168,101,Harbour View King,2024-12-09,2024-12-06,Booking.com,145.73,False,False
Harbour Inn,HI-11702,202,Loft Suite,2026-06-19,2026-05-26,Booking.com,375.01,False,False
Harbour Inn,HI-11670,101,Harbour View King,2026-06-12,2026-03-31,Direct,322.77,False,False
Harbour Inn,HI-11670,101,Harbour View King,2026-06-13,2026-03-31,Direct,322.77,False,False
Harbour Inn,HI-10242,202,Loft Suite,2025-01-08,2025-01-05,Booking.com,101.62,False,False
Harbour Inn,HI-10406,201,Loft Suite,2025-03-29,2025-03-24,Booking.com,196.08,False,False
Harbour Inn,HI-10406,201,Loft Suite,2025-03-30,2025-03-24,Booking.com,196.08,False,False
Harbour Inn,HI-10406,201,Loft Suite,2025-03-31,2025-03-24,Booking.com,196.08,False,False
Harbour Inn,HI-11310,101,Harbour View King,2026-01-08,2025-12-31,Booking.com,105.18,False,False
Harbour Inn,HI-11310,101,Harbour View King,2026-01-09,2025-12-31,Booking.com,105.18,False,False
Harbour Inn,HI-11679,202,Loft Suite,2026-06-13,2026-03-03,Airbnb,413.49,False,False
Harbour Inn,HI-11679,202,Loft Suite,2026-06-14,2026-03-03,Airbnb,413.49,False,False
Harbour Inn,HI-11696,104,Garden Queen,2026-06-18,2026-06-16,Airbnb,212.8,False,False
Harbour Inn,HI-11696,104,Garden Queen,2026-06-19,2026-06-16,Airbnb,212.8,False,False
Harbour Inn,HI-11668,104,Garden Queen,2026-06-11,2026-05-25,Expedia,174.18,False,False
Harbour Inn,HI-11668,104,Garden Queen,2026-06-12,2026-05-25,Expedia,174.18,False,False
Harbour Inn,HI-11668,104,Garden Queen,2026-06-13,2026-05-25,Expedia,174.18,False,False
Harbour Inn,HI-12013,201,Loft Suite,2026-09-15,2026-09-14,Airbnb,165.87,False,False
Harbour Inn,HI-11764,202,Loft Suite,2026-07-07,2026-06-21,Booking.com,224.82,False,False
Harbour Inn,HI-11764,202,Loft Suite,2026-07-08,2026-06-21,Booking.com,224.82,False,False
Harbour Inn,HI-11764,202,Loft Suite,2026-07-09,2026-06-21,Booking.com,224.82,False,False
Harbour Inn,HI-10363,105,Garden Queen,2025-03-05,2025-02-25,Airbnb,94.87,False,False
Harbour Inn,HI-10823,102,Harbour View King,2025-07-25,2025-07-23,Expedia,302.59,False,False
Harbour Inn,HI-10823,102,Harbour View King,2025-07-26,2025-07-23,Expedia,302.59,False,False
Harbour Inn,HI-10823,102,Harbour View King,2025-07-27,2025-07-23,Expedia,302.59,False,False
Harbour Inn,HI-11814,102,Harbour View King,2026-07-20,2026-06-12,Airbnb,148.09,False,False
Harbour Inn,HI-11814,102,Harbour View King,2026-07-21,2026-06-12,Airbnb,148.09,False,False
Harbour Inn,HI-11392,201,Loft Suite,2026-02-23,2025-12-05,Direct,127.31,False,False
Harbour Inn,HI-11392,201,Loft Suite,2026-02-24,2025-12-05,Direct,127.31,False,False
Harbour Inn,HI-11392,201,Loft Suite,2026-02-25,2025-12-05,Direct,127.31,False,False
Harbour Inn,HI-12031,102,Harbour View King,2026-09-23,2026-09-13,Booking.com,133.22,False,False
Harbour Inn,HI-12031,102,Harbour View King,2026-09-24,2026-09-13,Booking.com,133.22,False,False
Harbour Inn,HI-12031,102,Harbour View King,2026-09-25,2026-09-13,Booking.com,133.22,False,False
Harbour Inn,HI-11769,102,Harbour View King,2026-07-09,2026-07-05,Direct,220.75,False,False
Harbour Inn,HI-11769,102,Harbour View King,2026-07-10,2026-07-05,Direct,220.75,False,False
Harbour Inn,HI-11769,102,Harbour View King,2026-07-11,2026-07-05,Direct,220.75,False,False
Harbour Inn,HI-11209,202,Loft Suite,2025-11-24,2025-11-08,Booking.com,132.16,False,False
Harbour Inn,HI-11209,202,Loft Suite,2025-11-25,2025-11-08,Booking.com,132.16,False,False
Harbour Inn,HI-11209,202,Loft Suite,2025-11-26,2025-11-08,Booking.com,132.16,False,False
Harbour Inn,HI-10517,105,Garden Queen,2025-05-04,2025-01-18,Booking.com,112.9,False,False
Harbour Inn,HI-10517,105,Garden Queen,2025-05-05,2025-01-18,Booking.com,112.9,False,False
Harbour Inn,HI-10024,104,Garden Queen,2024-10-07,2024-09-25,Booking.com,114.5,False,False
Harbour Inn,HI-11512,105,Garden Queen,2026-04-23,2025-11-18,Airbnb,128.54,False,False
Harbour Inn,HI-11512,105,Garden Queen,2026-04-24,2025-11-18,Airbnb,128.54,False,False
Harbour Inn,HI-11512,105,Garden Queen,2026-04-25,2025-11-18,Airbnb,128.54,False,False
Harbour Inn,HI-11203,202,Loft Suite,2025-11-21,2025-11-16,Direct,203.61,False,False
Harbour Inn,HI-11203,202,Loft Suite,2025-11-22,2025-11-16,Direct,203.61,False,False
Harbour Inn,HI-11203,202,Loft Suite,2025-11-23,2025-11-16,Direct,203.61,False,False
Harbour Inn,HI-12104,106,Garden Queen,2026-10-21,2026-10-01,Expedia,107.69,False,False
Harbour Inn,HI-12104,106,Garden Queen,2026-10-22,2026-10-01,Expedia,107.69,False,False
Harbour Inn,HI-11721,201,Loft Suite,2026-06-25,2026-06-04,Booking.com,283.11,False,False
Harbour Inn,HI-11721,201,Loft Suite,2026-06-26,2026-06-04,Booking.com,283.11,False,False
Harbour Inn,HI-11721,201,Loft Suite,2026-06-27,2026-06-04,Booking.com,283.11,False,False
Harbour Inn,HI-12022,103,Harbour View King,2026-09-19,2026-04-04,Direct,207.91,False,False
Harbour Inn,HI-12022,103,Harbour View King,2026-09-20,2026-04-04,Direct,207.91,False,False
Harbour Inn,HI-12022,103,Harbour View King,2026-09-21,2026-04-04,Direct,207.91,False,False
Harbour Inn,HI-10650,106,Garden Queen,2025-06-10,2025-02-15,Airbnb,172.33,False,False
Harbour Inn,HI-11098,202,Loft Suite,2025-10-12,2025-10-08,Booking.com,142.07,False,False
Harbour Inn,HI-11098,202,Loft Suite,2025-10-13,2025-10-08,Booking.com,142.07,False,False
Harbour Inn,HI-10567,105,Garden Queen,2025-05-21,2025-04-18,Expedia,103.77,False,False
Harbour Inn,HI-10567,105,Garden Queen,2025-05-22,2025-04-18,Expedia,103.77,False,False
Harbour Inn,HI-11722,202,Loft Suite,2026-06-25,2026-03-28,Booking.com,326.89,False,False
Harbour Inn,HI-11954,104,Garden Queen,2026-08-27,2026-08-20,Direct,208.05,False,False
Harbour Inn,HI-11954,104,Garden Queen,2026-08-28,2026-08-20,Direct,208.05,False,False
Harbour Inn,HI-10450,101,Harbour View King,2025-04-14,2025-04-07,Direct,129.21,False,False
Harbour Inn,HI-10450,101,Harbour View King,2025-04-15,2025-04-07,Direct,129.21,False,False
Harbour Inn,HI-10262,101,Harbour View King,2025-01-19,2025-01-12,Booking.com,97.07,False,False
Harbour Inn,HI-10262,101,Harbour View King,2025-01-20,2025-01-12,Booking.com,97.07,False,False
Harbour Inn,HI-11592,106,Garden Queen,2026-05-20,2026-05-13,Airbnb,113.1,False,False
Harbour Inn,HI-11592,106,Garden Queen,2026-05-21,2026-05-13,Airbnb,113.1,False,False
Harbour Inn,HI-11588,105,Garden Queen,2026-05-19,2026-05-07,Direct,120.11,False,False
Harbour Inn,HI-11588,105,Garden Queen,2026-05-20,2026-05-07,Direct,120.11,False,False
Harbour Inn,HI-11759,201,Loft Suite,2026-07-06,2026-01-19,Airbnb,237.69,False,False
Harbour Inn,HI-11759,201,Loft Suite,2026-07-07,2026-01-19,Airbnb,237.69,False,False
Harbour Inn,HI-10957,103,Harbour View King,2025-08-30,2025-06-11,Direct,317.58,False,False
Harbour Inn,HI-10957,103,Harbour View King,2025-08-31,2025-06-11,Direct,317.58,False,False
Harbour Inn,HI-11389,105,Garden Queen,2026-02-21,2025-11-16,Direct,156.64,False,False
Harbour Inn,HI-11389,105,Garden Queen,2026-02-22,2025-11-16,Direct,156.64,False,False
Harbour Inn,HI-12129,101,Harbour View King,2026-12-11,2026-09-24,Airbnb,155.52,False,False
Harbour Inn,HI-12129,101,Harbour View King,2026-12-12,2026-09-24,Airbnb,155.52,False,False
Harbour Inn,HI-12129,101,Harbour View King,2026-12-13,2026-09-24,Airbnb,155.52,False,False
Harbour Inn,HI-11570,102,Harbour View King,2026-05-14,2025-11-19,Direct,187.78,False,False
Harbour Inn,HI-10175,102,Harbour View King,2024-12-09,2024-11-08,Booking.com,88.41,False,False
Harbour Inn,HI-10175,102,Harbour View King,2024-12-10,2024-11-08,Booking.com,88.41,False,False
Harbour Inn,HI-10784,105,Garden Queen,2025-07-15,2025-07-10,Airbnb,152.26,False,False
Harbour Inn,HI-10784,105,Garden Queen,2025-07-16,2025-07-10,Airbnb,152.26,False,False
Harbour Inn,HI-10721,201,Loft Suite,2025-06-29,2025-06-13,Booking.com,229.54,False,False
Harbour Inn,HI-10721,201,Loft Suite,2025-06-30,2025-06-13,Booking.com,229.54,False,False
Harbour Inn,HI-10096,103,Harbour View King,2024-11-01,2024-10-29,Direct,133.84,False,False
Harbour Inn,HI-11424,105,Garden Queen,2026-03-10,2026-03-01,Booking.com,85.83,False,False
Harbour Inn,HI-11424,105,Garden Queen,2026-03-11,2026-03-01,Booking.com,85.83,False,False
Harbour Inn,HI-10449,202,Loft Suite,2025-04-13,2025-03-29,Expedia,166.74,False,False
Harbour Inn,HI-10449,202,Loft Suite,2025-04-14,2025-03-29,Expedia,166.74,False,False
Harbour Inn,HI-10136,101,Harbour View King,2024-11-22,2024-11-22,Expedia,114.0,False,False
Harbour Inn,HI-11523,102,Harbour View King,2026-04-27,2026-04-21,Booking.com,143.71,False,False
Harbour Inn,HI-11523,102,Harbour View King,2026-04-28,2026-04-21,Booking.com,143.71,False,False
Harbour Inn,HI-10639,105,Garden Queen,2025-06-07,2024-12-30,Direct,293.29,False,False
Harbour Inn,HI-10639,105,Garden Queen,2025-06-08,2024-12-30,Direct,293.29,False,False
Harbour Inn,HI-11024,106,Garden Queen,2025-09-19,2025-09-16,Direct,171.82,False,False
Harbour Inn,HI-11024,106,Garden Queen,2025-09-20,2025-09-16,Direct,171.82,False,False
Harbour Inn,HI-11024,106,Garden Queen,2025-09-21,2025-09-16,Direct,171.82,False,False
Harbour Inn,HI-11024,106,Garden Queen,2025-09-22,2025-09-16,Direct,171.82,False,False
Harbour Inn,HI-11167,104,Garden Queen,2025-11-07,2025-10-27,Airbnb,140.24,False,False
Harbour Inn,HI-11167,104,Garden Queen,2025-11-08,2025-10-27,Airbnb,140.24,False,False
Harbour Inn,HI-10179,102,Harbour View King,2024-12-11,2024-12-06,Direct,88.9,False,False
Harbour Inn,HI-10179,102,Harbour View King,2024-12-12,2024-12-06,Direct,88.9,False,False
Harbour Inn,HI-10179,102,Harbour View King,2024-12-13,2024-12-06,Direct,88.9,False,False
Harbour Inn,HI-10357,101,Harbour View King,2025-03-02,2025-02-27,Airbnb,77.36,False,False
Harbour Inn,HI-11575,104,Garden Queen,2026-05-15,2026-05-11,Direct,197.62,False,False
Harbour Inn,HI-11575,104,Garden Queen,2026-05-16,2026-05-11,Direct,197.62,False,False
Harbour Inn,HI-11143,101,Harbour View King,2025-10-28,2025-10-12,Direct,121.03,False,False
Harbour Inn,HI-11143,101,Harbour View King,2025-10-29,2025-10-12,Direct,121.03,False,False
Harbour Inn,HI-11552,106,Garden Queen,2026-05-08,2026-05-07,Airbnb,196.29,False,False
Harbour Inn,HI-11552,106,Garden Queen,2026-05-09,2026-05-07,Airbnb,196.29,False,False
Harbour Inn,HI-11552,106,Garden Queen,2026-05-10,2026-05-07,Airbnb,196.29,False,False
Harbour Inn,HI-11593,202,Loft Suite,2026-05-20,2026-02-25,Airbnb,173.02,False,False
Harbour Inn,HI-11593,202,Loft Suite,2026-05-21,2026-02-25,Airbnb,173.02,False,False
Harbour Inn,HI-10570,106,Garden Queen,2025-05-22,2025-05-10,Booking.com,152.47,False,False
Harbour Inn,HI-10570,106,Garden Queen,2025-05-23,2025-05-10,Booking.com,152.47,False,False
Harbour Inn,HI-10570,106,Garden Queen,2025-05-24,2025-05-10,Booking.com,152.47,False,False
Harbour Inn,HI-10570,106,Garden Queen,2025-05-25,2025-05-10,Booking.com,152.47,False,False
Harbour Inn,HI-11582,106,Garden Queen,2026-05-17,2026-05-02,Expedia,105.54,False,False
Harbour Inn,HI-11582,106,Garden Queen,2026-05-18,2026-05-02,Expedia,105.54,False,False
Harbour Inn,HI-11249,104,Garden Queen,2025-12-15,2025-12-08,Direct,79.4,False,False
Harbour Inn,HI-11249,104,Garden Queen,2025-12-16,2025-12-08,Direct,79.4,False,False
Harbour Inn,HI-11249,104,Garden Queen,2025-12-17,2025-12-08,Direct,79.4,False,False
Harbour Inn,HI-11254,106,Garden Queen,2025-12-17,2025-08-27,Booking.com,104.75,False,False
Harbour Inn,HI-11254,106,Garden Queen,2025-12-18,2025-08-27,Booking.com,104.75,False,False
Harbour Inn,HI-11254,106,Garden Queen,2025-12-19,2025-08-27,Booking.com,104.75,False,False
Harbour Inn,HI-11254,106,Garden Queen,2025-12-20,2025-08-27,Booking.com,104.75,False,False
Harbour Inn,HI-10791,102,Harbour View King,2025-07-17,2025-06-02,Expedia,245.43,False,False
Harbour Inn,HI-10791,102,Harbour View King,2025-07-18,2025-06-02,Expedia,245.43,False,False
Harbour Inn,HI-10516,103,Harbour View King,2025-05-04,2025-05-02,Expedia,151.47,False,False
Harbour Inn,HI-10188,103,Harbour View King,2024-12-14,2024-12-02,Expedia,143.7,False,False
Harbour Inn,HI-10188,103,Harbour View King,2024-12-15,2024-12-02,Expedia,143.7,False,False
Harbour Inn,HI-11137,103,Harbour View King,2025-10-26,2025-10-13,Booking.com,158.39,False,False
Harbour Inn,HI-11137,103,Harbour View King,2025-10-27,2025-10-13,Booking.com,158.39,False,False
Harbour Inn,HI-10265,101,Harbour View King,2025-01-21,2024-08-02,Direct,90.94,False,False
Harbour Inn,HI-10265,101,Harbour View King,2025-01-22,2024-08-02,Direct,90.94,False,False
Harbour Inn,HI-10265,101,Harbour View King,2025-01-23,2024-08-02,Direct,90.94,False,False
Harbour Inn,HI-11301,101,Harbour View King,2026-01-03,2025-12-28,Booking.com,155.91,False,False
Harbour Inn,HI-11301,101,Harbour View King,2026-01-04,2025-12-28,Booking.com,155.91,False,False
Harbour Inn,HI-10154,101,Harbour View King,2024-11-29,2024-08-24,Direct,129.04,False,False
Harbour Inn,HI-10154,101,Harbour View King,2024-11-30,2024-08-24,Direct,129.04,False,False
Harbour Inn,HI-10154,101,Harbour View King,2024-12-01,2024-08-24,Direct,129.04,False,False
Harbour Inn,HI-10056,202,Loft Suite,2024-10-19,2024-10-18,Direct,232.05,False,False
Harbour Inn,HI-11990,102,Harbour View King,2026-09-06,2026-08-19,Booking.com,162.92,False,False
Harbour Inn,HI-11990,102,Harbour View King,2026-09-07,2026-08-19,Booking.com,162.92,False,False
Harbour Inn,HI-10155,102,Harbour View King,2024-11-29,2024-11-24,Booking.com,170.21,False,False
Harbour Inn,HI-11682,101,Harbour View King,2026-06-15,2026-05-27,Expedia,143.43,False,False
Harbour Inn,HI-11682,101,Harbour View King,2026-06-16,2026-05-27,Expedia,143.43,False,False
Harbour Inn,HI-11682,101,Harbour View King,2026-06-17,2026-05-27,Expedia,143.43,False,False
Harbour Inn,HI-12005,201,Loft Suite,2026-09-11,2026-08-23,Booking.com,249.54,False,False
Harbour Inn,HI-12005,201,Loft Suite,2026-09-12,2026-08-23,Booking.com,249.54,False,False
Harbour Inn,HI-12090,101,Harbour View King,2026-10-13,2026-09-27,Airbnb,134.52,False,False
Harbour Inn,HI-12090,101,Harbour View King,2026-10-14,2026-09-27,Airbnb,134.52,False,False
Harbour Inn,HI-12090,101,Harbour View King,2026-10-15,2026-09-27,Airbnb,134.52,False,False
Harbour Inn,HI-11497,202,Loft Suite,2026-04-17,2026-04-15,Booking.com,313.36,False,False
Harbour Inn,HI-11497,202,Loft Suite,2026-04-18,2026-04-15,Booking.com,313.36,False,False
Harbour Inn,HI-11218,104,Garden Queen,2025-11-29,2025-11-25,Direct,109.68,False,False
Harbour Inn,HI-12059,103,Harbour View King,2026-10-01,2026-09-27,Airbnb,195.1,False,False
Harbour Inn,HI-10968,103,Harbour View King,2025-09-01,2025-07-31,Booking.com,143.28,False,False
Harbour Inn,HI-10968,103,Harbour View King,2025-09-02,2025-07-31,Booking.com,143.28,False,False
Harbour Inn,HI-10968,103,Harbour View King,2025-09-03,2025-07-31,Booking.com,143.28,False,False
Harbour Inn,HI-10968,103,Harbour View King,2025-09-04,2025-07-31,Booking.com,143.28,False,False
Harbour Inn,HI-10968,103,Harbour View King,2025-09-05,2025-07-31,Booking.com,143.28,False,False
Harbour Inn,HI-11156,101,Harbour View King,2025-11-01,2025-10-26,Direct,181.23,False,False
Harbour Inn,HI-10044,101,Harbour View King,2024-10-16,2024-06-05,Expedia,130.34,False,False
Harbour Inn,HI-10044,101,Harbour View King,2024-10-17,2024-06-05,Expedia,130.34,False,False
Harbour Inn,HI-10044,101,Harbour View King,2024-10-18,2024-06-05,Expedia,130.34,False,False
Harbour Inn,HI-11008,103,Harbour View King,2025-09-14,2025-08-31,Booking.com,154.59,False,False
Harbour Inn,HI-11008,103,Harbour View King,2025-09-15,2025-08-31,Booking.com,154.59,False,False
Harbour Inn,HI-10479,101,Harbour View King,2025-04-23,2025-04-09,Booking.com,160.87,False,False
Harbour Inn,HI-10479,101,Harbour View King,2025-04-24,2025-04-09,Booking.com,160.87,False,False
Harbour Inn,HI-10587,105,Garden Queen,2025-05-26,2025-05-01,Direct,121.04,False,False
Harbour Inn,HI-12082,105,Garden Queen,2026-10-09,2026-10-01,Booking.com,182.42,False,False
Harbour Inn,HI-12082,105,Garden Queen,2026-10-10,2026-10-01,Booking.com,182.42,False,False
Harbour Inn,HI-12082,105,Garden Queen,2026-10-11,2026-10-01,Booking.com,182.42,False,False
Harbour Inn,HI-12082,105,Garden Queen,2026-10-12,2026-10-01,Booking.com,182.42,False,False
Harbour Inn,HI-12082,105,Garden Queen,2026-10-13,2026-10-01,Booking.com,182.42,False,False
Harbour Inn,HI-11411,103,Harbour View King,2026-03-04,2026-03-02,Airbnb,80.98,False,False
Harbour Inn,HI-11411,103,Harbour View King,2026-03-05,2026-03-02,Airbnb,80.98,False,False
Harbour Inn,HI-10462,106,Garden Queen,2025-04-17,2025-03-27,Airbnb,162.91,False,False
Harbour Inn,HI-10462,106,Garden Queen,2025-04-18,2025-03-27,Airbnb,162.91,False,False
Harbour Inn,HI-10462,106,Garden Queen,2025-04-19,2025-03-27,Airbnb,162.91,False,False
Harbour Inn,HI-11082,102,Harbour View King,2025-10-07,2025-09-27,Booking.com,143.92,False,False
Harbour Inn,HI-11557,202,Loft Suite,2026-05-09,2026-05-03,Expedia,239.07,False,False
Harbour Inn,HI-10433,105,Garden Queen,2025-04-08,2025-03-26,Direct,109.68,False,False
Harbour Inn,HI-10433,105,Garden Queen,2025-04-09,2025-03-26,Direct,109.68,False,False
Harbour Inn,HI-10584,102,Harbour View King,2025-05-26,2025-01-17,Airbnb,137.15,False,False
Harbour Inn,HI-10584,102,Harbour View King,2025-05-27,2025-01-17,Airbnb,137.15,False,False
Harbour Inn,HI-11744,106,Garden Queen,2026-07-01,2026-06-10,Booking.com,180.45,False,False
Harbour Inn,HI-11744,106,Garden Queen,2026-07-02,2026-06-10,Booking.com,180.45,False,False
Harbour Inn,HI-11744,106,Garden Queen,2026-07-03,2026-06-10,Booking.com,180.45,False,False
Harbour Inn,HI-10940,104,Garden Queen,2025-08-24,2025-06-29,Expedia,164.21,False,False
Harbour Inn,HI-10940,104,Garden Queen,2025-08-25,2025-06-29,Expedia,164.21,False,False
Harbour Inn,HI-11334,101,Harbour View King,2026-01-24,2025-10-12,Booking.com,155.67,False,False
Harbour Inn,HI-11334,101,Harbour View King,2026-01-25,2025-10-12,Booking.com,155.67,False,False
Harbour Inn,HI-11540,104,Garden Queen,2026-05-03,2026-04-29,Direct,120.11,False,False
Harbour Inn,HI-11540,104,Garden Queen,2026-05-04,2026-04-29,Direct,120.11,False,False
Harbour Inn,HI-11540,104,Garden Queen,2026-05-05,2026-04-29,Direct,120.11,False,False
Harbour Inn,HI-10533,101,Harbour View King,2025-05-11,2025-04-11,Direct,151.57,False,False
Harbour Inn,HI-10533,101,Harbour View King,2025-05-12,2025-04-11,Direct,151.57,False,False
Harbour Inn,HI-10533,101,Harbour View King,2025-05-13,2025-04-11,Direct,151.57,False,False
Harbour Inn,HI-10235,105,Garden Queen,2025-01-04,2024-10-04,Airbnb,133.27,False,False
Harbour Inn,HI-10235,105,Garden Queen,2025-01-05,2024-10-04,Airbnb,133.27,False,False
Harbour Inn,HI-10235,105,Garden Queen,2025-01-06,2024-10-04,Airbnb,133.27,False,False
Harbour Inn,HI-10979,105,Garden Queen,2025-09-04,2025-07-04,Booking.com,145.7,False,False
Harbour Inn,HI-10979,105,Garden Queen,2025-09-05,2025-07-04,Booking.com,145.7,False,False
Harbour Inn,HI-10979,105,Garden Queen,2025-09-06,2025-07-04,Booking.com,145.7,False,False
Harbour Inn,HI-11534,106,Garden Queen,2026-05-01,2026-03-17,Airbnb,204.42,False,False
Harbour Inn,HI-11534,106,Garden Queen,2026-05-02,2026-03-17,Airbnb,204.42,False,False
Harbour Inn,HI-11537,102,Harbour View King,2026-05-02,2026-04-22,Direct,230.65,False,False
Harbour Inn,HI-11537,102,Harbour View King,2026-05-03,2026-04-22,Direct,230.65,False,False
Harbour Inn,HI-11537,102,Harbour View King,2026-05-04,2026-04-22,Direct,230.65,False,False
Harbour Inn,HI-11027,103,Harbour View King,2025-09-20,2025-09-23,Booking.com,211.78,False,True
Harbour Inn,HI-10309,201,Loft Suite,2025-02-08,2025-02-05,Direct,137.29,False,False
Harbour Inn,HI-10023,202,Loft Suite,2024-10-06,2024-09-26,Airbnb,163.42,False,False
Harbour Inn,HI-10589,201,Loft Suite,2025-05-26,2025-05-13,Booking.com,174.02,False,False
Harbour Inn,HI-10589,201,Loft Suite,2025-05-27,2025-05-13,Booking.com,174.02,False,False
Harbour Inn,HI-10589,201,Loft Suite,2025-05-28,2025-05-13,Booking.com,174.02,False,False
Harbour Inn,HI-10589,201,Loft Suite,2025-05-29,2025-05-13,Booking.com,174.02,False,False
Harbour Inn,HI-10589,201,Loft Suite,2025-05-30,2025-05-13,Booking.com,174.02,False,False
Harbour Inn,HI-11317,105,Garden Queen,2026-01-13,2025-07-18,Booking.com,83.33,False,False
Harbour Inn,HI-11317,105,Garden Queen,2026-01-14,2025-07-18,Booking.com,83.33,False,False
Harbour Inn,HI-11929,102,Harbour View King,2026-08-20,2026-08-05,Direct,264.28,False,False
Harbour Inn,HI-11854,101,Harbour View King,2026-07-31,2026-04-12,Booking.com,326.41,False,False
Harbour Inn,HI-11854,101,Harbour View King,2026-08-01,2026-04-12,Booking.com,326.41,False,False
Harbour Inn,HI-11854,101,Harbour View King,2026-08-02,2026-04-12,Booking.com,326.41,False,False
Harbour Inn,HI-10494,101,Harbour View King,2025-04-28,2025-04-24,Booking.com,134.2,False,False
Harbour Inn,HI-10494,101,Harbour View King,2025-04-29,2025-04-24,Booking.com,134.2,False,False
Harbour Inn,HI-10042,105,Garden Queen,2024-10-15,2024-10-14,Direct,113.29,False,False
Harbour Inn,HI-10042,105,Garden Queen,2024-10-16,2024-10-14,Direct,113.29,False,False
Harbour Inn,HI-10042,105,Garden Queen,2024-10-17,2024-10-14,Direct,113.29,False,False
Harbour Inn,HI-10603,201,Loft Suite,2025-05-31,2025-04-29,Booking.com,289.78,False,False
Harbour Inn,HI-10603,201,Loft Suite,2025-06-01,2025-04-29,Booking.com,289.78,False,False
Harbour Inn,HI-10603,201,Loft Suite,2025-06-02,2025-04-29,Booking.com,289.78,False,False
Harbour Inn,HI-11686,102,Harbour View King,2026-06-16,2026-05-12,Expedia,132.18,False,False
Harbour Inn,HI-11686,102,Harbour View King,2026-06-17,2026-05-12,Expedia,132.18,False,False
Harbour Inn,HI-11686,102,Harbour View King,2026-06-18,2026-05-12,Expedia,132.18,False,False
Harbour Inn,HI-11686,102,Harbour View King,2026-06-19,2026-05-12,Expedia,132.18,False,False
Harbour Inn,HI-11039,102,Harbour View King,2025-09-23,2025-09-20,Booking.com,151.24,False,False
Harbour Inn,HI-11039,102,Harbour View King,2025-09-24,2025-09-20,Booking.com,151.24,False,False
Harbour Inn,HI-12065,104,Garden Queen,2026-10-03,2026-09-26,Booking.com,156.98,False,False
Harbour Inn,HI-12065,104,Garden Queen,2026-10-04,2026-09-26,Booking.com,156.98,False,False
Harbour Inn,HI-10531,104,Garden Queen,2025-05-10,2025-05-01,Booking.com,170.24,False,False
Harbour Inn,HI-10531,104,Garden Queen,2025-05-11,2025-05-01,Booking.com,170.24,False,False
Harbour Inn,HI-10554,202,Loft Suite,2025-05-16,2025-05-02,Airbnb,245.11,False,False
Harbour Inn,HI-10230,101,Harbour View King,2025-01-03,2024-08-09,Booking.com,170.87,False,False
Harbour Inn,HI-10230,101,Harbour View King,2025-01-04,2024-08-09,Booking.com,170.87,False,False
Harbour Inn,HI-10539,105,Garden Queen,2025-05-13,2025-04-27,Booking.com,123.03,False,False
Harbour Inn,HI-10539,105,Garden Queen,2025-05-14,2025-04-27,Booking.com,123.03,False,False
Harbour Inn,HI-10539,105,Garden Queen,2025-05-15,2025-04-27,Booking.com,123.03,False,False
Harbour Inn,HI-10733,105,Garden Queen,2025-07-03,2025-04-18,Airbnb,218.14,False,False
Harbour Inn,HI-10733,105,Garden Queen,2025-07-04,2025-04-18,Airbnb,218.14,False,False
Harbour Inn,HI-11447,103,Harbour View King,2026-03-31,2026-03-13,Booking.com,107.92,False,False
Harbour Inn,HI-11447,103,Harbour View King,2026-04-01,2026-03-13,Booking.com,107.92,False,False
Harbour Inn,HI-10202,104,Garden Queen,2024-12-20,2024-12-14,Booking.com,158.73,False,False
Harbour Inn,HI-10202,104,Garden Queen,2024-12-21,2024-12-14,Booking.com,158.73,False,False
Harbour Inn,HI-10833,102,Harbour View King,2025-07-29,2025-06-29,Booking.com,219.08,False,False
Harbour Inn,HI-10833,102,Harbour View King,2025-07-30,2025-06-29,Booking.com,219.08,False,False
Harbour Inn,HI-10692,202,Loft Suite,2025-06-19,2025-05-20,Airbnb,331.87,False,False
Harbour Inn,HI-10692,202,Loft Suite,2025-06-20,2025-05-20,Airbnb,331.87,False,False
Harbour Inn,HI-10300,105,Garden Queen,2025-02-05,2025-02-03,Direct,71.59,False,False
Harbour Inn,HI-10300,105,Garden Queen,2025-02-06,2025-02-03,Direct,71.59,False,False
Harbour Inn,HI-10300,105,Garden Queen,2025-02-07,2025-02-03,Direct,71.59,False,False
Harbour Inn,HI-12011,102,Harbour View King,2026-09-15,2026-09-08,Direct,120.04,False,False
Harbour Inn,HI-12011,102,Harbour View King,2026-09-16,2026-09-08,Direct,120.04,False,False
Harbour Inn,HI-10291,101,Harbour View King,2025-02-01,2025-01-29,Booking.com,120.29,False,False
Harbour Inn,HI-10291,101,Harbour View King,2025-02-02,2025-01-29,Booking.com,120.29,False,False
Harbour Inn,HI-10291,101,Harbour View King,2025-02-03,2025-01-29,Booking.com,120.29,False,False
Harbour Inn,HI-10291,101,Harbour View King,2025-02-04,2025-01-29,Booking.com,120.29,False,False
Harbour Inn,HI-10710,102,Harbour View King,2025-06-26,2025-05-03,Airbnb,203.2,False,False
Harbour Inn,HI-10710,102,Harbour View King,2025-06-27,2025-05-03,Airbnb,203.2,False,False
Harbour Inn,HI-10710,102,Harbour View King,2025-06-28,2025-05-03,Airbnb,203.2,False,False
Harbour Inn,HI-11179,102,Harbour View King,2025-11-11,2025-08-13,Booking.com,87.29,False,False
Harbour Inn,HI-11179,102,Harbour View King,2025-11-12,2025-08-13,Booking.com,87.29,False,False
Harbour Inn,HI-11908,106,Garden Queen,2026-08-14,2026-07-25,Airbnb,226.6,False,False
Harbour Inn,HI-11908,106,Garden Queen,2026-08-15,2026-07-25,Airbnb,226.6,False,False
Harbour Inn,HI-10841,104,Garden Queen,2025-07-31,2025-05-13,Expedia,189.94,False,False
Harbour Inn,HI-10841,104,Garden Queen,2025-08-01,2025-05-13,Expedia,189.94,False,False
Harbour Inn,HI-10010,202,Loft Suite,2024-10-03,2024-05-07,Airbnb,207.41,False,False
Harbour Inn,HI-11101,106,Garden Queen,2025-10-13,2025-10-10,Direct,129.32,False,False
Harbour Inn,HI-11101,106,Garden Queen,2025-10-14,2025-10-10,Direct,129.32,False,False
Harbour Inn,HI-11194,202,Loft Suite,2025-11-17,2025-11-07,Booking.com,125.69,False,False
Harbour Inn,HI-10287,201,Loft Suite,2025-01-30,2025-01-21,Expedia,156.64,False,False
Harbour Inn,HI-10287,201,Loft Suite,2025-01-31,2025-01-21,Expedia,156.64,False,False
Harbour Inn,HI-10405,106,Garden Queen,2025-03-29,2025-03-14,Direct,128.18,False,False
Harbour Inn,HI-10405,106,Garden Queen,2025-03-30,2025-03-14,Direct,128.18,False,False
Harbour Inn,HI-10405,106,Garden Queen,2025-03-31,2025-03-14,Direct,128.18,False,False
Harbour Inn,HI-11469,101,Harbour View King,2026-04-10,2026-03-09,Airbnb,230.74,False,False
Harbour Inn,HI-11469,101,Harbour View King,2026-04-11,2026-03-09,Airbnb,230.74,False,False
Harbour Inn,HI-10620,201,Loft Suite,2025-06-03,2025-05-16,Airbnb,203.02,False,False
Harbour Inn,HI-10620,201,Loft Suite,2025-06-04,2025-05-16,Airbnb,203.02,False,False
Harbour Inn,HI-11066,201,Loft Suite,2025-10-01,2025-09-17,Direct,171.74,False,False
Harbour Inn,HI-11066,201,Loft Suite,2025-10-02,2025-09-17,Direct,171.74,False,False
Harbour Inn,HI-10337,105,Garden Queen,2025-02-19,2024-10-25,Booking.com,89.44,True,False
Harbour Inn,HI-10337,105,Garden Queen,2025-02-20,2024-10-25,Booking.com,89.44,True,False
Harbour Inn,HI-10337,105,Garden Queen,2025-02-21,2024-10-25,Booking.com,89.44,True,False
Harbour Inn,HI-10606,103,Harbour View King,2025-06-01,2025-05-23,Direct,231.99,False,False
Harbour Inn,HI-10606,103,Harbour View King,2025-06-02,2025-05-23,Direct,231.99,False,False
Harbour Inn,HI-11493,103,Harbour View King,2026-04-16,2026-04-12,Booking.com,162.73,False,False
Harbour Inn,HI-11105,105,Garden Queen,2025-10-14,2025-05-16,Direct,111.64,False,False
Harbour Inn,HI-10958,104,Garden Queen,2025-08-30,2025-07-24,Direct,246.63,False,False
Harbour Inn,HI-10302,103,Harbour View King,2025-02-07,2024-11-21,Direct,163.73,False,False
Harbour Inn,HI-10302,103,Harbour View King,2025-02-08,2024-11-21,Direct,163.73,False,False
Harbour Inn,HI-11071,102,Harbour View King,2025-10-03,2025-09-25,Booking.com,219.43,False,False
Harbour Inn,HI-11071,102,Harbour View King,2025-10-04,2025-09-25,Booking.com,219.43,False,False
Harbour Inn,HI-11071,102,Harbour View King,2025-10-05,2025-09-25,Booking.com,219.43,False,False
Harbour Inn,HI-11205,201,Loft Suite,2025-11-22,2025-11-17,Direct,160.49,False,False
Harbour Inn,HI-11205,201,Loft Suite,2025-11-23,2025-11-17,Direct,160.49,False,False
Harbour Inn,HI-11205,201,Loft Suite,2025-11-24,2025-11-17,Direct,160.49,False,False
Harbour Inn,HI-10668,106,Garden Queen,2025-06-14,2025-05-30,Direct,285.27,False,False
Harbour Inn,HI-10668,106,Garden Queen,2025-06-15,2025-05-30,Direct,285.27,False,False
Harbour Inn,HI-10668,106,Garden Queen,2025-06-16,2025-05-30,Direct,285.27,False,False
Harbour Inn,HI-11558,102,Harbour View King,2026-05-10,2026-04-24,Direct,143.42,False,False
Harbour Inn,HI-11558,102,Harbour View King,2026-05-11,2026-04-24,Direct,143.42,False,False
Harbour Inn,HI-10576,103,Harbour View King,2025-05-24,2025-05-19,Direct,222.09,False,False
Harbour Inn,HI-10576,103,Harbour View King,2025-05-25,2025-05-19,Direct,222.09,False,False
Harbour Inn,HI-10576,103,Harbour View King,2025-05-26,2025-05-19,Direct,222.09,False,False
Harbour Inn,HI-10576,103,Harbour View King,2025-05-27,2025-05-19,Direct,222.09,False,False
Harbour Inn,HI-10576,103,Harbour View King,2025-05-28,2025-05-19,Direct,222.09,False,False
Harbour Inn,HI-11190,104,Garden Queen,2025-11-16,2025-10-15,Booking.com,98.54,False,False
Harbour Inn,HI-11726,101,Harbour View King,2026-06-27,2026-04-18,Expedia,247.77,False,False
Harbour Inn,HI-11726,101,Harbour View King,2026-06-28,2026-04-18,Expedia,247.77,False,False
Harbour Inn,HI-11726,101,Harbour View King,2026-06-29,2026-04-18,Expedia,247.77,False,False
Harbour Inn,HI-10310,101,Harbour View King,2025-02-09,2025-02-07,Booking.com,77.95,False,False
Harbour Inn,HI-11711,202,Loft Suite,2026-06-22,2026-05-19,Airbnb,232.6,False,False
Harbour Inn,HI-11711,202,Loft Suite,2026-06-23,2026-05-19,Airbnb,232.6,False,False
Harbour Inn,HI-11711,202,Loft Suite,2026-06-24,2026-05-19,Airbnb,232.6,False,False
Harbour Inn,HI-11979,106,Garden Queen,2026-09-02,2026-08-28,Booking.com,101.26,False,False
Harbour Inn,HI-11979,106,Garden Queen,2026-09-03,2026-08-28,Booking.com,101.26,False,False
Harbour Inn,HI-11863,104,Garden Queen,2026-08-02,2026-07-18,Booking.com,170.47,False,False
Harbour Inn,HI-11863,104,Garden Queen,2026-08-03,2026-07-18,Booking.com,170.47,False,False
Harbour Inn,HI-11728,104,Garden Queen,2026-06-27,2026-06-16,Booking.com,252.57,False,False
Harbour Inn,HI-11728,104,Garden Queen,2026-06-28,2026-06-16,Booking.com,252.57,False,False
Harbour Inn,HI-11728,104,Garden Queen,2026-06-29,2026-06-16,Booking.com,252.57,False,False
Harbour Inn,HI-10651,201,Loft Suite,2025-06-10,2025-02-05,Airbnb,227.46,False,False
Harbour Inn,HI-10651,201,Loft Suite,2025-06-11,2025-02-05,Airbnb,227.46,False,False
Harbour Inn,HI-10971,104,Garden Queen,2025-09-02,2025-08-05,Direct,117.87,False,False
Harbour Inn,HI-10971,104,Garden Queen,2025-09-03,2025-08-05,Direct,117.87,False,False
Harbour Inn,HI-10971,104,Garden Queen,2025-09-04,2025-08-05,Direct,117.87,False,False
Harbour Inn,HI-10301,106,Garden Queen,2025-02-06,2025-02-01,Direct,126.05,False,False
Harbour Inn,HI-10301,106,Garden Queen,2025-02-07,2025-02-01,Direct,126.05,False,False
Harbour Inn,HI-10301,106,Garden Queen,2025-02-08,2025-02-01,Direct,126.05,False,False
Harbour Inn,HI-11718,105,Garden Queen,2026-06-24,2026-06-23,Booking.com,172.91,False,False
Harbour Inn,HI-11718,105,Garden Queen,2026-06-25,2026-06-23,Booking.com,172.91,False,False
Harbour Inn,HI-11280,101,Harbour View King,2025-12-27,2025-12-26,Booking.com,145.42,False,False
Harbour Inn,HI-11280,101,Harbour View King,2025-12-28,2025-12-26,Booking.com,145.42,False,False
Harbour Inn,HI-11280,101,Harbour View King,2025-12-29,2025-12-26,Booking.com,145.42,False,False
Harbour Inn,HI-10453,106,Garden Queen,2025-04-14,2025-04-10,Booking.com,115.78,False,False
Harbour Inn,HI-10453,106,Garden Queen,2025-04-15,2025-04-10,Booking.com,115.78,False,False
Harbour Inn,HI-10453,106,Garden Queen,2025-04-16,2025-04-10,Booking.com,115.78,False,False
Harbour Inn,HI-11060,202,Loft Suite,2025-09-29,2025-09-19,Booking.com,174.43,False,False
Harbour Inn,HI-11060,202,Loft Suite,2025-09-30,2025-09-19,Booking.com,174.43,False,False
Harbour Inn,HI-11060,202,Loft Suite,2025-10-01,2025-09-19,Booking.com,174.43,False,False
Harbour Inn,HI-11467,105,Garden Queen,2026-04-09,2026-04-03,Direct,144.08,False,False
Harbour Inn,HI-10916,106,Garden Queen,2025-08-18,2025-07-29,Booking.com,144.94,False,False
Harbour Inn,HI-10916,106,Garden Queen,2025-08-19,2025-07-29,Booking.com,144.94,False,False
Harbour Inn,HI-10916,106,Garden Queen,2025-08-20,2025-07-29,Booking.com,144.94,False,False
Harbour Inn,HI-10916,106,Garden Queen,2025-08-21,2025-07-29,Booking.com,144.94,False,False
Harbour Inn,HI-10916,106,Garden Queen,2025-08-22,2025-07-29,Booking.com,144.94,False,False
Harbour Inn,HI-11988,104,Garden Queen,2026-09-05,2026-09-02,Direct,185.12,False,False
Harbour Inn,HI-11988,104,Garden Queen,2026-09-06,2026-09-02,Direct,185.12,False,False
Harbour Inn,HI-11988,104,Garden Queen,2026-09-07,2026-09-02,Direct,185.12,False,False
Harbour Inn,HI-11988,104,Garden Queen,2026-09-08,2026-09-02,Direct,185.12,False,False
Harbour Inn,HI-10521,105,Garden Queen,2025-05-06,2025-04-20,Booking.com,107.31,False,False
Harbour Inn,HI-10521,105,Garden Queen,2025-05-07,2025-04-20,Booking.com,107.31,False,False
Harbour Inn,HI-10521,105,Garden Queen,2025-05-08,2025-04-20,Booking.com,107.31,False,False
Harbour Inn,HI-10400,201,Loft Suite,2025-03-27,2025-03-23,Direct,128.95,False,False
Harbour Inn,HI-10400,201,Loft Suite,2025-03-28,2025-03-23,Direct,128.95,False,False
Harbour Inn,HI-11111,106,Garden Queen,2025-10-16,2025-09-19,Direct,152.59,False,False
Harbour Inn,HI-11111,106,Garden Queen,2025-10-17,2025-09-19,Direct,152.59,False,False
Harbour Inn,HI-11111,106,Garden Queen,2025-10-18,2025-09-19,Direct,152.59,False,False
Harbour Inn,HI-11840,102,Harbour View King,2026-07-27,2026-07-10,Expedia,151.02,False,False
Harbour Inn,HI-11840,102,Harbour View King,2026-07-28,2026-07-10,Expedia,151.02,False,False
Harbour Inn,HI-11840,102,Harbour View King,2026-07-29,2026-07-10,Expedia,151.02,False,False
Harbour Inn,HI-11574,103,Harbour View King,2026-05-15,2026-04-12,Airbnb,207.72,False,False
Harbour Inn,HI-11574,103,Harbour View King,2026-05-16,2026-04-12,Airbnb,207.72,False,False
Harbour Inn,HI-11574,103,Harbour View King,2026-05-17,2026-04-12,Airbnb,207.72,False,False
Harbour Inn,HI-10059,103,Harbour View King,2024-10-20,2024-09-17,Direct,162.66,False,False
Harbour Inn,HI-11565,103,Harbour View King,2026-05-13,2026-05-01,Direct,137.24,False,False
Harbour Inn,HI-11565,103,Harbour View King,2026-05-14,2026-05-01,Direct,137.24,False,False
Harbour Inn,HI-10772,106,Garden Queen,2025-07-12,2025-05-16,Direct,243.1,False,False
Harbour Inn,HI-10772,106,Garden Queen,2025-07-13,2025-05-16,Direct,243.1,False,False
Harbour Inn,HI-10772,106,Garden Queen,2025-07-14,2025-05-16,Direct,243.1,False,False
Harbour Inn,HI-10772,106,Garden Queen,2025-07-15,2025-05-16,Direct,243.1,False,False
Harbour Inn,HI-10324,202,Loft Suite,2025-02-12,2025-02-06,Direct,119.49,False,False
Harbour Inn,HI-10324,202,Loft Suite,2025-02-13,2025-02-06,Direct,119.49,False,False
Harbour Inn,HI-10324,202,Loft Suite,2025-02-14,2025-02-06,Direct,119.49,False,False
Harbour Inn,HI-10324,202,Loft Suite,2025-02-15,2025-02-06,Direct,119.49,False,False
Harbour Inn,HI-11904,102,Harbour View King,2026-08-14,2026-06-08,Booking.com,295.9,False,False
Harbour Inn,HI-11904,102,Harbour View King,2026-08-15,2026-06-08,Booking.com,295.9,False,False
Harbour Inn,HI-11155,202,Loft Suite,2025-10-31,2025-10-26,Booking.com,275.37,False,False
Harbour Inn,HI-11155,202,Loft Suite,2025-11-01,2025-10-26,Booking.com,275.37,False,False
Harbour Inn,HI-11322,104,Garden Queen,2026-01-17,2026-01-10,Booking.com,137.83,False,False
Harbour Inn,HI-11708,104,Garden Queen,2026-06-22,2026-06-21,Booking.com,153.1,False,False
Harbour Inn,HI-11303,105,Garden Queen,2026-01-04,2025-12-29,Airbnb,90.45,False,False
Harbour Inn,HI-11303,105,Garden Queen,2026-01-05,2025-12-29,Airbnb,90.45,False,False
Harbour Inn,HI-11303,105,Garden Queen,2026-01-06,2025-12-29,Airbnb,90.45,False,False
Harbour Inn,HI-11932,101,Harbour View King,2026-08-21,2026-04-18,Expedia,242.64,False,False
Harbour Inn,HI-11932,101,Harbour View King,2026-08-22,2026-04-18,Expedia,242.64,False,False
Harbour Inn,HI-11932,101,Harbour View King,2026-08-23,2026-04-18,Expedia,242.64,False,False
Harbour Inn,HI-11014,202,Loft Suite,2025-09-15,2025-09-11,Booking.com,155.52,False,False
Harbour Inn,HI-11014,202,Loft Suite,2025-09-16,2025-09-11,Booking.com,155.52,False,False
Harbour Inn,HI-11014,202,Loft Suite,2025-09-17,2025-09-11,Booking.com,155.52,False,False
Harbour Inn,HI-11667,103,Harbour View King,2026-06-11,2026-04-26,Booking.com,241.66,False,False
Harbour Inn,HI-10712,106,Garden Queen,2025-06-26,2025-05-16,Direct,217.67,False,False
Harbour Inn,HI-10712,106,Garden Queen,2025-06-27,2025-05-16,Direct,217.67,False,False
Harbour Inn,HI-10840,102,Harbour View King,2025-07-31,2025-07-01,Booking.com,204.74,False,False
Harbour Inn,HI-10840,102,Harbour View King,2025-08-01,2025-07-01,Booking.com,204.74,False,False
Harbour Inn,HI-10840,102,Harbour View King,2025-08-02,2025-07-01,Booking.com,204.74,False,False
Harbour Inn,HI-11515,202,Loft Suite,2026-04-23,2026-03-29,Direct,213.85,False,False
Harbour Inn,HI-11515,202,Loft Suite,2026-04-24,2026-03-29,Direct,213.85,False,False
Harbour Inn,HI-11515,202,Loft Suite,2026-04-25,2026-03-29,Direct,213.85,False,False
Harbour Inn,HI-11804,201,Loft Suite,2026-07-17,2026-05-23,Direct,389.87,False,False
Harbour Inn,HI-11804,201,Loft Suite,2026-07-18,2026-05-23,Direct,389.87,False,False
Harbour Inn,HI-10394,103,Harbour View King,2025-03-22,2025-03-15,Booking.com,169.87,False,False
Harbour Inn,HI-10394,103,Harbour View King,2025-03-23,2025-03-15,Booking.com,169.87,False,False
Harbour Inn,HI-10394,103,Harbour View King,2025-03-24,2025-03-15,Booking.com,169.87,False,False
Harbour Inn,HI-10394,103,Harbour View King,2025-03-25,2025-03-15,Booking.com,169.87,False,False
Harbour Inn,HI-11503,103,Harbour View King,2026-04-20,2026-04-18,Booking.com,143.32,False,False
Harbour Inn,HI-11503,103,Harbour View King,2026-04-21,2026-04-18,Booking.com,143.32,False,False
Harbour Inn,HI-11503,103,Harbour View King,2026-04-22,2026-04-18,Booking.com,143.32,False,False
Harbour Inn,HI-10496,106,Garden Queen,2025-04-29,2024-12-30,Direct,122.02,False,False
Harbour Inn,HI-10496,106,Garden Queen,2025-04-30,2024-12-30,Direct,122.02,False,False
Harbour Inn,HI-10496,106,Garden Queen,2025-05-01,2024-12-30,Direct,122.02,False,False
Harbour Inn,HI-10496,106,Garden Queen,2025-05-02,2024-12-30,Direct,122.02,False,False
Harbour Inn,HI-11604,201,Loft Suite,2026-05-23,2026-05-21,Direct,254.02,False,False
Harbour Inn,HI-11604,201,Loft Suite,2026-05-24,2026-05-21,Direct,254.02,False,False
Harbour Inn,HI-11529,102,Harbour View King,2026-04-29,2026-04-06,Airbnb,123.7,False,False
Harbour Inn,HI-11529,102,Harbour View King,2026-04-30,2026-04-06,Airbnb,123.7,False,False
Harbour Inn,HI-11906,104,Garden Queen,2026-08-14,2026-08-03,Direct,244.03,False,False
Harbour Inn,HI-11906,104,Garden Queen,2026-08-15,2026-08-03,Direct,244.03,False,False
Harbour Inn,HI-11906,104,Garden Queen,2026-08-16,2026-08-03,Direct,244.03,False,False
Harbour Inn,HI-10193,104,Garden Queen,2024-12-15,2024-12-07,Direct,84.78,False,False
Harbour Inn,HI-10193,104,Garden Queen,2024-12-16,2024-12-07,Direct,84.78,False,False
Harbour Inn,HI-10193,104,Garden Queen,2024-12-17,2024-12-07,Direct,84.78,False,False
Harbour Inn,HI-10193,104,Garden Queen,2024-12-18,2024-12-07,Direct,84.78,False,False
Harbour Inn,HI-11876,103,Harbour View King,2026-08-06,2026-05-30,Direct,245.34,False,False
Harbour Inn,HI-10514,202,Loft Suite,2025-05-03,2025-03-26,Booking.com,269.07,False,False
Harbour Inn,HI-10514,202,Loft Suite,2025-05-04,2025-03-26,Booking.com,269.07,False,False
Harbour Inn,HI-10514,202,Loft Suite,2025-05-05,2025-03-26,Booking.com,269.07,False,False
Harbour Inn,HI-10261,102,Harbour View King,2025-01-18,2025-01-09,Direct,186.31,False,False
Harbour Inn,HI-10261,102,Harbour View King,2025-01-19,2025-01-09,Direct,186.31,False,False
Harbour Inn,HI-10261,102,Harbour View King,2025-01-20,2025-01-09,Direct,186.31,False,False
Harbour Inn,HI-10261,102,Harbour View King,2025-01-21,2025-01-09,Direct,186.31,False,False
Harbour Inn,HI-10344,105,Garden Queen,2025-02-23,2025-02-16,Direct,90.81,False,False
Harbour Inn,HI-10344,105,Garden Queen,2025-02-24,2025-02-16,Direct,90.81,False,False
Harbour Inn,HI-11347,102,Harbour View King,2026-01-31,2026-01-25,Booking.com,132.47,False,False
Harbour Inn,HI-11347,102,Harbour View King,2026-02-01,2026-01-25,Booking.com,132.47,False,False
Harbour Inn,HI-11347,102,Harbour View King,2026-02-02,2026-01-25,Booking.com,132.47,False,False
Harbour Inn,HI-12012,104,Garden Queen,2026-09-15,2026-08-31,Direct,101.7,False,False
Harbour Inn,HI-12012,104,Garden Queen,2026-09-16,2026-08-31,Direct,101.7,False,False
Harbour Inn,HI-12012,104,Garden Queen,2026-09-17,2026-08-31,Direct,101.7,False,False
Harbour Inn,HI-11121,104,Garden Queen,2025-10-19,2025-10-11,Booking.com,134.85,False,False
Harbour Inn,HI-11121,104,Garden Queen,2025-10-20,2025-10-11,Booking.com,134.85,False,False
Harbour Inn,HI-10111,102,Harbour View King,2024-11-08,2024-08-18,Direct,166.61,False,False
Harbour Inn,HI-10111,102,Harbour View King,2024-11-09,2024-08-18,Direct,166.61,False,False
Harbour Inn,HI-11538,105,Garden Queen,2026-05-02,2026-04-17,Direct,193.25,False,False
Harbour Inn,HI-11538,105,Garden Queen,2026-05-03,2026-04-17,Direct,193.25,False,False
Harbour Inn,HI-11538,105,Garden Queen,2026-05-04,2026-04-17,Direct,193.25,False,False
Harbour Inn,HI-11422,103,Harbour View King,2026-03-08,2026-03-04,Direct,93.0,False,False
Harbour Inn,HI-11422,103,Harbour View King,2026-03-09,2026-03-04,Direct,93.0,False,False
Harbour Inn,HI-11422,103,Harbour View King,2026-03-10,2026-03-04,Direct,93.0,False,False
Harbour Inn,HI-11422,103,Harbour View King,2026-03-11,2026-03-04,Direct,93.0,False,False
Harbour Inn,HI-12101,105,Garden Queen,2026-10-19,2026-09-13,Booking.com,118.75,False,False
Harbour Inn,HI-12101,105,Garden Queen,2026-10-20,2026-09-13,Booking.com,118.75,False,False
Harbour Inn,HI-12101,105,Garden Queen,2026-10-21,2026-09-13,Booking.com,118.75,False,False
Harbour Inn,HI-10729,201,Loft Suite,2025-07-01,2025-05-24,Direct,229.14,False,False
Harbour Inn,HI-10729,201,Loft Suite,2025-07-02,2025-05-24,Direct,229.14,False,False
Harbour Inn,HI-10292,102,Harbour View King,2025-02-01,2025-01-29,Booking.com,111.73,False,False
Harbour Inn,HI-10292,102,Harbour View King,2025-02-02,2025-01-29,Booking.com,111.73,False,False
Harbour Inn,HI-11700,106,Garden Queen,2026-06-19,2026-05-10,Airbnb,248.64,False,False
Harbour Inn,HI-11700,106,Garden Queen,2026-06-20,2026-05-10,Airbnb,248.64,False,False
Harbour Inn,HI-11700,106,Garden Queen,2026-06-21,2026-05-10,Airbnb,248.64,False,False
Harbour Inn,HI-10725,102,Harbour View King,2025-07-01,2025-06-26,Booking.com,183.5,False,False
Harbour Inn,HI-10725,102,Harbour View King,2025-07-02,2025-06-26,Booking.com,183.5,False,False
Harbour Inn,HI-11741,101,Harbour View King,2026-07-01,2026-06-22,Expedia,182.36,False,False
Harbour Inn,HI-11741,101,Harbour View King,2026-07-02,2026-06-22,Expedia,182.36,False,False
Harbour Inn,HI-10058,102,Harbour View King,2024-10-20,2024-10-11,Booking.com,155.53,False,False
Harbour Inn,HI-10058,102,Harbour View King,2024-10-21,2024-10-11,Booking.com,155.53,False,False
Harbour Inn,HI-10058,102,Harbour View King,2024-10-22,2024-10-11,Booking.com,155.53,False,False
Harbour Inn,HI-11323,105,Garden Queen,2026-01-17,2026-01-15,Booking.com,106.5,False,False
Harbour Inn,HI-11323,105,Garden Queen,2026-01-18,2026-01-15,Booking.com,106.5,False,False
Harbour Inn,HI-10032,201,Loft Suite,2024-10-09,2024-10-03,Booking.com,217.13,False,False
Harbour Inn,HI-10032,201,Loft Suite,2024-10-10,2024-10-03,Booking.com,217.13,False,False
Harbour Inn,HI-10778,101,Harbour View King,2025-07-14,2025-05-19,Expedia,181.12,False,False
Harbour Inn,HI-11484,101,Harbour View King,2026-04-13,2026-04-05,Booking.com,114.27,False,False
Harbour Inn,HI-11484,101,Harbour View King,2026-04-14,2026-04-05,Booking.com,114.27,False,False
Harbour Inn,HI-11484,101,Harbour View King,2026-04-15,2026-04-05,Booking.com,114.27,False,False
Harbour Inn,HI-11857,202,Loft Suite,2026-07-31,2026-02-02,Airbnb,385.11,False,False
Harbour Inn,HI-11857,202,Loft Suite,2026-08-01,2026-02-02,Airbnb,385.11,False,False
Harbour Inn,HI-11857,202,Loft Suite,2026-08-02,2026-02-02,Airbnb,385.11,False,False
Harbour Inn,HI-10927,201,Loft Suite,2025-08-21,2025-07-22,Direct,299.31,False,False
Harbour Inn,HI-10927,201,Loft Suite,2025-08-22,2025-07-22,Direct,299.31,False,False
Harbour Inn,HI-11276,102,Harbour View King,2025-12-26,2025-08-06,Direct,184.51,False,False
Harbour Inn,HI-11276,102,Harbour View King,2025-12-27,2025-08-06,Direct,184.51,False,False
Harbour Inn,HI-12128,102,Harbour View King,2026-12-10,2026-08-02,Booking.com,138.0,False,False
Harbour Inn,HI-12128,102,Harbour View King,2026-12-11,2026-08-02,Booking.com,138.0,False,False
Harbour Inn,HI-11440,201,Loft Suite,2026-03-21,2026-03-25,Booking.com,195.24,False,True
Harbour Inn,HI-11440,201,Loft Suite,2026-03-22,2026-03-25,Booking.com,195.24,False,True
Harbour Inn,HI-10965,202,Loft Suite,2025-08-31,2025-06-26,Expedia,269.77,False,False
Harbour Inn,HI-10965,202,Loft Suite,2025-09-01,2025-06-26,Expedia,269.77,False,False
Harbour Inn,HI-10295,202,Loft Suite,2025-02-02,2024-08-08,Direct,123.03,False,False
Harbour Inn,HI-10295,202,Loft Suite,2025-02-03,2024-08-08,Direct,123.03,False,False
Harbour Inn,HI-10295,202,Loft Suite,2025-02-04,2024-08-08,Direct,123.03,False,False
Harbour Inn,HI-10295,202,Loft Suite,2025-02-05,2024-08-08,Direct,123.03,False,False
Harbour Inn,HI-10295,202,Loft Suite,2025-02-06,2024-08-08,Direct,123.03,False,False
Harbour Inn,HI-10580,102,Harbour View King,2025-05-25,2025-05-17,Direct,122.54,False,False
Harbour Inn,HI-11838,202,Loft Suite,2026-07-26,2026-03-12,Booking.com,273.0,False,False
Harbour Inn,HI-12108,101,Harbour View King,2026-10-23,2026-09-08,Airbnb,248.63,False,False
Harbour Inn,HI-12108,101,Harbour View King,2026-10-24,2026-09-08,Airbnb,248.63,False,False
Harbour Inn,HI-11464,104,Garden Queen,2026-04-07,2026-03-31,Direct,120.3,False,False
Harbour Inn,HI-11464,104,Garden Queen,2026-04-08,2026-03-31,Direct,120.3,False,False
Harbour Inn,HI-11292,103,Harbour View King,2025-12-31,2025-12-23,Direct,96.56,False,False
Harbour Inn,HI-10719,105,Garden Queen,2025-06-29,2025-06-25,Airbnb,189.98,False,False
Harbour Inn,HI-10213,104,Garden Queen,2024-12-25,2024-12-17,Expedia,84.95,False,False
Harbour Inn,HI-10286,106,Garden Queen,2025-01-30,2025-01-28,Airbnb,94.04,False,False
Harbour Inn,HI-10286,106,Garden Queen,2025-01-31,2025-01-28,Airbnb,94.04,False,False
Harbour Inn,HI-10286,106,Garden Queen,2025-02-01,2025-01-28,Airbnb,94.04,False,False
Harbour Inn,HI-10286,106,Garden Queen,2025-02-02,2025-01-28,Airbnb,94.04,False,False
Harbour Inn,HI-10789,106,Garden Queen,2025-07-16,2025-06-27,Airbnb,179.73,False,False
Harbour Inn,HI-10789,106,Garden Queen,2025-07-17,2025-06-27,Airbnb,179.73,False,False
Harbour Inn,HI-10789,106,Garden Queen,2025-07-18,2025-06-27,Airbnb,179.73,False,False
Harbour Inn,HI-11058,102,Harbour View King,2025-09-29,2025-09-19,Direct,131.07,False,False
Harbour Inn,HI-11994,201,Loft Suite,2026-09-07,2026-08-11,Booking.com,154.1,False,False
Harbour Inn,HI-11994,201,Loft Suite,2026-09-08,2026-08-11,Booking.com,154.1,False,False
Harbour Inn,HI-10170,201,Loft Suite,2024-12-06,2024-11-29,Airbnb,199.24,False,False
Harbour Inn,HI-10173,201,Loft Suite,2024-12-08,2024-12-04,Booking.com,114.48,False,False
Harbour Inn,HI-10173,201,Loft Suite,2024-12-09,2024-12-04,Booking.com,114.48,False,False
Harbour Inn,HI-11436,202,Loft Suite,2026-03-16,2026-03-10,Booking.com,123.46,False,False
Harbour Inn,HI-11436,202,Loft Suite,2026-03-17,2026-03-10,Booking.com,123.46,False,False
Harbour Inn,HI-11436,202,Loft Suite,2026-03-18,2026-03-10,Booking.com,123.46,False,False
Harbour Inn,HI-11436,202,Loft Suite,2026-03-19,2026-03-10,Booking.com,123.46,False,False
Harbour Inn,HI-11335,105,Garden Queen,2026-01-24,2026-01-21,Booking.com,128.6,False,False
Harbour Inn,HI-11289,101,Harbour View King,2025-12-30,2025-12-24,Booking.com,100.77,False,False
Harbour Inn,HI-11289,101,Harbour View King,2025-12-31,2025-12-24,Booking.com,100.77,False,False
Harbour Inn,HI-11289,101,Harbour View King,2026-01-01,2025-12-24,Booking.com,100.77,False,False
Harbour Inn,HI-11289,101,Harbour View King,2026-01-02,2025-12-24,Booking.com,100.77,False,False
Harbour Inn,HI-12034,201,Loft Suite,2026-09-23,2026-05-18,Expedia,140.82,False,False
Harbour Inn,HI-12034,201,Loft Suite,2026-09-24,2026-05-18,Expedia,140.82,False,False
Harbour Inn,HI-12034,201,Loft Suite,2026-09-25,2026-05-18,Expedia,140.82,False,False
Harbour Inn,HI-11409,101,Harbour View King,2026-03-03,2026-03-01,Booking.com,83.62,False,False
Harbour Inn,HI-11409,101,Harbour View King,2026-03-04,2026-03-01,Booking.com,83.62,False,False
Harbour Inn,HI-10316,103,Harbour View King,2025-02-10,2025-01-31,Direct,104.32,False,False
Harbour Inn,HI-10316,103,Harbour View King,2025-02-11,2025-01-31,Direct,104.32,False,False
Harbour Inn,HI-10316,103,Harbour View King,2025-02-12,2025-01-31,Direct,104.32,False,False
Harbour Inn,HI-10316,103,Harbour View King,2025-02-13,2025-01-31,Direct,104.32,False,False
Harbour Inn,HI-11849,103,Harbour View King,2026-07-30,2026-07-17,Booking.com,256.52,False,False
Harbour Inn,HI-10963,104,Garden Queen,2025-08-31,2025-08-26,Expedia,154.73,False,False
Harbour Inn,HI-11109,103,Harbour View King,2025-10-16,2025-09-19,Airbnb,167.67,False,False
Harbour Inn,HI-11109,103,Harbour View King,2025-10-17,2025-09-19,Airbnb,167.67,False,False
Harbour Inn,HI-11109,103,Harbour View King,2025-10-18,2025-09-19,Airbnb,167.67,False,False
Harbour Inn,HI-10991,103,Harbour View King,2025-09-10,2025-08-30,Direct,136.54,False,False
Harbour Inn,HI-10991,103,Harbour View King,2025-09-11,2025-08-30,Direct,136.54,False,False
Harbour Inn,HI-11742,102,Harbour View King,2026-07-01,2026-04-15,Expedia,155.01,False,False
Harbour Inn,HI-11742,102,Harbour View King,2026-07-02,2026-04-15,Expedia,155.01,False,False
Harbour Inn,HI-11742,102,Harbour View King,2026-07-03,2026-04-15,Expedia,155.01,False,False
Harbour Inn,HI-11742,102,Harbour View King,2026-07-04,2026-04-15,Expedia,155.01,False,False
Harbour Inn,HI-11617,202,Loft Suite,2026-05-27,2026-03-22,Expedia,149.23,False,False
Harbour Inn,HI-11617,202,Loft Suite,2026-05-28,2026-03-22,Expedia,149.23,False,False
Harbour Inn,HI-11657,106,Garden Queen,2026-06-08,2026-01-16,Booking.com,145.76,False,False
Harbour Inn,HI-11657,106,Garden Queen,2026-06-09,2026-01-16,Booking.com,145.76,False,False
Harbour Inn,HI-11669,106,Garden Queen,2026-06-11,2026-03-04,Direct,189.56,False,False
Harbour Inn,HI-11154,201,Loft Suite,2025-10-31,2025-10-14,Direct,287.79,False,False
Harbour Inn,HI-11154,201,Loft Suite,2025-11-01,2025-10-14,Direct,287.79,False,False
Harbour Inn,HI-10664,201,Loft Suite,2025-06-13,2025-03-01,Airbnb,347.22,False,False
Harbour Inn,HI-10664,201,Loft Suite,2025-06-14,2025-03-01,Airbnb,347.22,False,False
Harbour Inn,HI-10664,201,Loft Suite,2025-06-15,2025-03-01,Airbnb,347.22,False,False
Harbour Inn,HI-10523,104,Garden Queen,2025-05-08,2025-04-15,Direct,146.04,False,False
Harbour Inn,HI-10523,104,Garden Queen,2025-05-09,2025-04-15,Direct,146.04,False,False
Harbour Inn,HI-10025,106,Garden Queen,2024-10-07,2024-10-04,Booking.com,120.06,False,False
Harbour Inn,HI-10025,106,Garden Queen,2024-10-08,2024-10-04,Booking.com,120.06,False,False
Harbour Inn,HI-10025,106,Garden Queen,2024-10-09,2024-10-04,Booking.com,120.06,False,False
Harbour Inn,HI-10806,103,Harbour View King,2025-07-21,2025-07-15,Direct,187.22,False,False
Harbour Inn,HI-10806,103,Harbour View King,2025-07-22,2025-07-15,Direct,187.22,False,False
Harbour Inn,HI-10976,106,Garden Queen,2025-09-03,2025-08-28,Booking.com,114.81,False,False
Harbour Inn,HI-10976,106,Garden Queen,2025-09-04,2025-08-28,Booking.com,114.81,False,False
Harbour Inn,HI-10652,202,Loft Suite,2025-06-10,2025-03-10,Booking.com,235.83,False,False
Harbour Inn,HI-10652,202,Loft Suite,2025-06-11,2025-03-10,Booking.com,235.83,False,False
Harbour Inn,HI-10652,202,Loft Suite,2025-06-12,2025-03-10,Booking.com,235.83,False,False
Harbour Inn,HI-10381,202,Loft Suite,2025-03-17,2025-03-11,Airbnb,126.12,False,False
Harbour Inn,HI-10381,202,Loft Suite,2025-03-18,2025-03-11,Airbnb,126.12,False,False
Harbour Inn,HI-10381,202,Loft Suite,2025-03-19,2025-03-11,Airbnb,126.12,False,False
Harbour Inn,HI-11181,202,Loft Suite,2025-11-11,2025-07-11,Direct,109.59,False,False
Harbour Inn,HI-11181,202,Loft Suite,2025-11-12,2025-07-11,Direct,109.59,False,False
Harbour Inn,HI-11181,202,Loft Suite,2025-11-13,2025-07-11,Direct,109.59,False,False
Harbour Inn,HI-11281,103,Harbour View King,2025-12-27,2025-09-05,Direct,140.45,False,False
Harbour Inn,HI-10182,103,Harbour View King,2024-12-12,2024-12-07,Airbnb,145.35,False,False
Harbour Inn,HI-10182,103,Harbour View King,2024-12-13,2024-12-07,Airbnb,145.35,False,False
Harbour Inn,HI-11443,102,Harbour View King,2026-03-25,2026-03-21,Direct,81.42,False,False
Harbour Inn,HI-11443,102,Harbour View King,2026-03-26,2026-03-21,Direct,81.42,False,False
Harbour Inn,HI-11443,102,Harbour View King,2026-03-27,2026-03-21,Direct,81.42,False,False
Harbour Inn,HI-11887,105,Garden Queen,2026-08-08,2026-03-13,Booking.com,247.9,False,False
Harbour Inn,HI-11887,105,Garden Queen,2026-08-09,2026-03-13,Booking.com,247.9,False,False
Harbour Inn,HI-10655,106,Garden Queen,2025-06-11,2025-06-08,Direct,142.83,False,False
Harbour Inn,HI-10655,106,Garden Queen,2025-06-12,2025-06-08,Direct,142.83,False,False
Harbour Inn,HI-10655,106,Garden Queen,2025-06-13,2025-06-08,Direct,142.83,False,False
Harbour Inn,HI-11930,104,Garden Queen,2026-08-20,2026-07-18,Direct,185.36,False,False
Harbour Inn,HI-11930,104,Garden Queen,2026-08-21,2026-07-18,Direct,185.36,False,False
Harbour Inn,HI-11930,104,Garden Queen,2026-08-22,2026-07-18,Direct,185.36,False,False
Harbour Inn,HI-11930,104,Garden Queen,2026-08-23,2026-07-18,Direct,185.36,False,False
Harbour Inn,HI-11735,103,Harbour View King,2026-06-29,2026-04-14,Direct,176.84,False,False
Harbour Inn,HI-11735,103,Harbour View King,2026-06-30,2026-04-14,Direct,176.84,False,False
Harbour Inn,HI-11519,101,Harbour View King,2026-04-25,2026-04-21,Booking.com,218.01,False,False
Harbour Inn,HI-11519,101,Harbour View King,2026-04-26,2026-04-21,Booking.com,218.01,False,False
Harbour Inn,HI-11519,101,Harbour View King,2026-04-27,2026-04-21,Booking.com,218.01,False,False
Harbour Inn,HI-10518,106,Garden Queen,2025-05-04,2025-04-24,Booking.com,133.31,False,False
Harbour Inn,HI-10518,106,Garden Queen,2025-05-05,2025-04-24,Booking.com,133.31,False,False
Harbour Inn,HI-11412,105,Garden Queen,2026-03-04,2026-02-25,Direct,86.99,False,False
Harbour Inn,HI-11412,105,Garden Queen,2026-03-05,2026-02-25,Direct,86.99,False,False
Harbour Inn,HI-11412,105,Garden Queen,2026-03-06,2026-02-25,Direct,86.99,False,False
Harbour Inn,HI-10795,103,Harbour View King,2025-07-18,2025-07-25,Airbnb,318.91,False,True
Harbour Inn,HI-10795,103,Harbour View King,2025-07-19,2025-07-25,Airbnb,318.91,False,True
Harbour Inn,HI-10795,103,Harbour View King,2025-07-20,2025-07-25,Airbnb,318.91,False,True
Harbour Inn,HI-11811,201,Loft Suite,2026-07-19,2026-07-09,Airbnb,255.51,False,False
Harbour Inn,HI-11266,104,Garden Queen,2025-12-21,2025-12-02,Direct,80.8,False,False
Harbour Inn,HI-11266,104,Garden Queen,2025-12-22,2025-12-02,Direct,80.8,False,False
Harbour Inn,HI-11266,104,Garden Queen,2025-12-23,2025-12-02,Direct,80.8,False,False
Harbour Inn,HI-11266,104,Garden Queen,2025-12-24,2025-12-02,Direct,80.8,False,False
Harbour Inn,HI-11429,101,Harbour View King,2026-03-13,2026-03-04,Expedia,161.62,False,False
Harbour Inn,HI-11429,101,Harbour View King,2026-03-14,2026-03-04,Expedia,161.62,False,False
Harbour Inn,HI-11429,101,Harbour View King,2026-03-15,2026-03-04,Expedia,161.62,False,False
Harbour Inn,HI-11331,106,Garden Queen,2026-01-22,2025-12-31,Expedia,93.23,False,False
Harbour Inn,HI-11836,106,Garden Queen,2026-07-26,2026-07-16,Direct,178.68,False,False
Harbour Inn,HI-10353,105,Garden Queen,2025-02-28,2025-02-18,Booking.com,151.03,False,False
Harbour Inn,HI-10353,105,Garden Queen,2025-03-01,2025-02-18,Booking.com,151.03,False,False
Harbour Inn,HI-10353,105,Garden Queen,2025-03-02,2025-02-18,Booking.com,151.03,False,False
Harbour Inn,HI-11925,103,Harbour View King,2026-08-18,2026-07-26,Direct,162.61,False,False
Harbour Inn,HI-11925,103,Harbour View King,2026-08-19,2026-07-26,Direct,162.61,False,False
Harbour Inn,HI-11925,103,Harbour View King,2026-08-20,2026-07-26,Direct,162.61,False,False
Harbour Inn,HI-11925,103,Harbour View King,2026-08-21,2026-07-26,Direct,162.61,False,False
Harbour Inn,HI-11513,106,Garden Queen,2026-04-23,2026-04-21,Booking.com,136.34,False,False
Harbour Inn,HI-11513,106,Garden Queen,2026-04-24,2026-04-21,Booking.com,136.34,False,False
Harbour Inn,HI-11513,106,Garden Queen,2026-04-25,2026-04-21,Booking.com,136.34,False,False
Harbour Inn,HI-11136,102,Harbour View King,2025-10-26,2025-08-01,Airbnb,155.52,False,False
Harbour Inn,HI-11136,102,Harbour View King,2025-10-27,2025-08-01,Airbnb,155.52,False,False
Harbour Inn,HI-11368,105,Garden Queen,2026-02-12,2026-02-02,Airbnb,105.31,False,False
Harbour Inn,HI-11368,105,Garden Queen,2026-02-13,2026-02-02,Airbnb,105.31,False,False
Harbour Inn,HI-11019,105,Garden Queen,2025-09-17,2025-05-13,Expedia,115.0,False,False
Harbour Inn,HI-11019,105,Garden Queen,2025-09-18,2025-05-13,Expedia,115.0,False,False
Harbour Inn,HI-10899,105,Garden Queen,2025-08-15,2025-02-27,Booking.com,292.47,False,False
Harbour Inn,HI-10899,105,Garden Queen,2025-08-16,2025-02-27,Booking.com,292.47,False,False
Harbour Inn,HI-10559,101,Harbour View King,2025-05-19,2025-05-10,Booking.com,128.67,False,False
Harbour Inn,HI-10559,101,Harbour View King,2025-05-20,2025-05-10,Booking.com,128.67,False,False
Harbour Inn,HI-10290,202,Loft Suite,2025-01-31,2025-01-19,Direct,208.03,False,False
Harbour Inn,HI-10290,202,Loft Suite,2025-02-01,2025-01-19,Direct,208.03,False,False
Harbour Inn,HI-10312,104,Garden Queen,2025-02-09,2024-09-28,Direct,100.49,False,False
Harbour Inn,HI-11476,105,Garden Queen,2026-04-11,2026-03-29,Expedia,129.39,False,False
Harbour Inn,HI-11758,104,Garden Queen,2026-07-06,2026-03-20,Direct,146.5,False,False
Harbour Inn,HI-11758,104,Garden Queen,2026-07-07,2026-03-20,Direct,146.5,False,False
Harbour Inn,HI-11758,104,Garden Queen,2026-07-08,2026-03-20,Direct,146.5,False,False
Harbour Inn,HI-10417,101,Harbour View King,2025-04-03,2024-11-07,Direct,177.67,False,False
Harbour Inn,HI-11666,102,Harbour View King,2026-06-11,2026-05-07,Expedia,225.23,False,False
Harbour Inn,HI-11666,102,Harbour View King,2026-06-12,2026-05-07,Expedia,225.23,False,False
Harbour Inn,HI-11666,102,Harbour View King,2026-06-13,2026-05-07,Expedia,225.23,False,False
Harbour Inn,HI-11666,102,Harbour View King,2026-06-14,2026-05-07,Expedia,225.23,False,False
Harbour Inn,HI-11421,104,Garden Queen,2026-03-07,2026-03-05,Airbnb,89.27,False,False
Harbour Inn,HI-11421,104,Garden Queen,2026-03-08,2026-03-05,Airbnb,89.27,False,False
Harbour Inn,HI-11421,104,Garden Queen,2026-03-09,2026-03-05,Airbnb,89.27,False,False
Harbour Inn,HI-10212,202,Loft Suite,2024-12-24,2024-12-18,Booking.com,106.11,False,False
Harbour Inn,HI-10043,201,Loft Suite,2024-10-15,2024-09-29,Direct,144.02,False,False
Harbour Inn,HI-10043,201,Loft Suite,2024-10-16,2024-09-29,Direct,144.02,False,False
Harbour Inn,HI-11704,201,Loft Suite,2026-06-20,2026-06-07,Expedia,301.84,False,False
Harbour Inn,HI-11704,201,Loft Suite,2026-06-21,2026-06-07,Expedia,301.84,False,False
Harbour Inn,HI-10977,101,Harbour View King,2025-09-04,2025-09-02,Booking.com,190.03,False,False
Harbour Inn,HI-10977,101,Harbour View King,2025-09-05,2025-09-02,Booking.com,190.03,False,False
Harbour Inn,HI-10977,101,Harbour View King,2025-09-06,2025-09-02,Booking.com,190.03,False,False
Harbour Inn,HI-11346,101,Harbour View King,2026-01-31,2026-01-25,Direct,192.53,False,False
Harbour Inn,HI-10390,201,Loft Suite,2025-03-20,2024-12-07,Booking.com,148.27,False,False
Harbour Inn,HI-10390,201,Loft Suite,2025-03-21,2024-12-07,Booking.com,148.27,False,False
Harbour Inn,HI-10600,106,Garden Queen,2025-05-29,2025-05-12,Expedia,161.48,False,False
Harbour Inn,HI-10600,106,Garden Queen,2025-05-30,2025-05-12,Expedia,161.48,False,False
Harbour Inn,HI-10600,106,Garden Queen,2025-05-31,2025-05-12,Expedia,161.48,False,False
Harbour Inn,HI-11295,105,Garden Queen,2026-01-01,2025-12-24,Expedia,104.45,False,False
Harbour Inn,HI-11295,105,Garden Queen,2026-01-02,2025-12-24,Expedia,104.45,False,False
Harbour Inn,HI-11295,105,Garden Queen,2026-01-03,2025-12-24,Expedia,104.45,False,False
Harbour Inn,HI-10117,105,Garden Queen,2024-11-13,2024-10-27,Airbnb,90.29,False,False
Harbour Inn,HI-10117,105,Garden Queen,2024-11-14,2024-10-27,Airbnb,90.29,False,False
Harbour Inn,HI-10117,105,Garden Queen,2024-11-15,2024-10-27,Airbnb,90.29,False,False
Harbour Inn,HI-11041,104,Garden Queen,2025-09-24,2025-09-13,Direct,111.93,False,False
Harbour Inn,HI-10923,102,Harbour View King,2025-08-21,2025-06-29,Direct,227.33,False,False
Harbour Inn,HI-10165,202,Loft Suite,2024-12-03,2024-12-03,Booking.com,94.37,False,False
Harbour Inn,HI-10165,202,Loft Suite,2024-12-04,2024-12-03,Booking.com,94.37,False,False
Harbour Inn,HI-11524,202,Loft Suite,2026-04-27,2026-04-12,Direct,177.21,False,False
Harbour Inn,HI-11524,202,Loft Suite,2026-04-28,2026-04-12,Direct,177.21,False,False
Harbour Inn,HI-10670,202,Loft Suite,2025-06-14,2025-06-11,Booking.com,343.33,False,False
Harbour Inn,HI-10670,202,Loft Suite,2025-06-15,2025-06-11,Booking.com,343.33,False,False
Harbour Inn,HI-10670,202,Loft Suite,2025-06-16,2025-06-11,Booking.com,343.33,False,False
Harbour Inn,HI-11128,201,Loft Suite,2025-10-22,2025-06-24,Expedia,199.15,False,False
Harbour Inn,HI-12113,102,Harbour View King,2026-10-26,2026-09-27,Airbnb,140.38,False,False
Harbour Inn,HI-12113,102,Harbour View King,2026-10-27,2026-09-27,Airbnb,140.38,False,False
Harbour Inn,HI-11733,103,Harbour View King,2026-06-28,2026-06-14,Booking.com,202.8,False,False
Harbour Inn,HI-11131,101,Harbour View King,2025-10-24,2025-10-05,Airbnb,248.19,False,False
Harbour Inn,HI-11131,101,Harbour View King,2025-10-25,2025-10-05,Airbnb,248.19,False,False
Harbour Inn,HI-10792,104,Garden Queen,2025-07-17,2025-07-17,Expedia,213.87,False,False
Harbour Inn,HI-10792,104,Garden Queen,2025-07-18,2025-07-17,Expedia,213.87,False,False
Harbour Inn,HI-10792,104,Garden Queen,2025-07-19,2025-07-17,Expedia,213.87,False,False
Harbour Inn,HI-11507,106,Garden Queen,2026-04-21,2025-10-31,Booking.com,139.34,False,False
Harbour Inn,HI-11507,106,Garden Queen,2026-04-22,2025-10-31,Booking.com,139.34,False,False
Harbour Inn,HI-10642,202,Loft Suite,2025-06-08,2025-05-31,Airbnb,286.94,False,False
Harbour Inn,HI-10642,202,Loft Suite,2025-06-09,2025-05-31,Airbnb,286.94,False,False
Harbour Inn,HI-10375,106,Garden Queen,2025-03-12,2025-02-28,Direct,84.15,False,False
Harbour Inn,HI-10375,106,Garden Queen,2025-03-13,2025-02-28,Direct,84.15,False,False
Harbour Inn,HI-10375,106,Garden Queen,2025-03-14,2025-02-28,Direct,84.15,False,False
Harbour Inn,HI-11329,105,Garden Queen,2026-01-20,2025-08-03,Airbnb,79.95,False,False
Harbour Inn,HI-11329,105,Garden Queen,2026-01-21,2025-08-03,Airbnb,79.95,False,False
Harbour Inn,HI-10004,201,Loft Suite,2024-10-02,2024-09-07,Airbnb,160.39,False,False
Harbour Inn,HI-10004,201,Loft Suite,2024-10-03,2024-09-07,Airbnb,160.39,False,False
Harbour Inn,HI-11426,106,Garden Queen,2026-03-12,2026-03-08,Direct,76.27,False,False
Harbour Inn,HI-11426,106,Garden Queen,2026-03-13,2026-03-08,Direct,76.27,False,False
Harbour Inn,HI-11426,106,Garden Queen,2026-03-14,2026-03-08,Direct,76.27,False,False
Harbour Inn,HI-11752,101,Harbour View King,2026-07-04,2026-04-06,Airbnb,260.16,False,False
Harbour Inn,HI-10534,102,Harbour View King,2025-05-11,2025-03-01,Airbnb,152.15,False,False
Harbour Inn,HI-10534,102,Harbour View King,2025-05-12,2025-03-01,Airbnb,152.15,False,False
Harbour Inn,HI-10534,102,Harbour View King,2025-05-13,2025-03-01,Airbnb,152.15,False,False
Harbour Inn,HI-10572,101,Harbour View King,2025-05-23,2025-05-11,Direct,241.22,False,False
Harbour Inn,HI-10572,101,Harbour View King,2025-05-24,2025-05-11,Direct,241.22,False,False
Harbour Inn,HI-10572,101,Harbour View King,2025-05-25,2025-05-11,Direct,241.22,False,False
Harbour Inn,HI-10163,103,Harbour View King,2024-12-02,2024-11-26,Booking.com,91.17,False,False
Harbour Inn,HI-11413,101,Harbour View King,2026-03-05,2026-02-18,Booking.com,133.62,False,False
Harbour Inn,HI-11413,101,Harbour View King,2026-03-06,2026-02-18,Booking.com,133.62,False,False
Harbour Inn,HI-11425,103,Harbour View King,2026-03-12,2026-03-08,Booking.com,93.82,False,False
Harbour Inn,HI-11425,103,Harbour View King,2026-03-13,2026-03-08,Booking.com,93.82,False,False
Harbour Inn,HI-11528,101,Harbour View King,2026-04-29,2025-12-10,Airbnb,137.83,False,False
Harbour Inn,HI-10892,102,Harbour View King,2025-08-14,2025-08-01,Direct,237.84,False,False
Harbour Inn,HI-10892,102,Harbour View King,2025-08-15,2025-08-01,Direct,237.84,False,False
Harbour Inn,HI-10892,102,Harbour View King,2025-08-16,2025-08-01,Direct,237.84,False,False
Harbour Inn,HI-10892,102,Harbour View King,2025-08-17,2025-08-01,Direct,237.84,False,False
Harbour Inn,HI-10053,103,Harbour View King,2024-10-18,2024-10-14,Airbnb,261.59,False,False
Harbour Inn,HI-11135,101,Harbour View King,2025-10-26,2025-08-16,Expedia,128.29,False,False
Harbour Inn,HI-11135,101,Harbour View King,2025-10-27,2025-08-16,Expedia,128.29,False,False
Harbour Inn,HI-10352,102,Harbour View King,2025-02-28,2025-02-22,Expedia,144.64,False,False
Harbour Inn,HI-10352,102,Harbour View King,2025-03-01,2025-02-22,Expedia,144.64,False,False
Harbour Inn,HI-10352,102,Harbour View King,2025-03-02,2025-02-22,Expedia,144.64,False,False
Harbour Inn,HI-10421,101,Harbour View King,2025-04-05,2024-11-28,Airbnb,238.23,False,False
Harbour Inn,HI-10421,101,Harbour View King,2025-04-06,2024-11-28,Airbnb,238.23,False,False
Harbour Inn,HI-10421,101,Harbour View King,2025-04-07,2024-11-28,Airbnb,238.23,False,False
Harbour Inn,HI-10421,101,Harbour View King,2025-04-08,2024-11-28,Airbnb,238.23,False,False
Harbour Inn,HI-10858,106,Garden Queen,2025-08-03,2025-07-11,Booking.com,180.46,False,False
Harbour Inn,HI-10858,106,Garden Queen,2025-08-04,2025-07-11,Booking.com,180.46,False,False
Harbour Inn,HI-10858,106,Garden Queen,2025-08-05,2025-07-11,Booking.com,180.46,False,False
Harbour Inn,HI-11520,103,Harbour View King,2026-04-25,2026-04-23,Booking.com,220.09,False,False
Harbour Inn,HI-11520,103,Harbour View King,2026-04-26,2026-04-23,Booking.com,220.09,False,False
Harbour Inn,HI-11748,201,Loft Suite,2026-07-02,2026-06-28,Airbnb,281.45,False,False
Harbour Inn,HI-11325,103,Harbour View King,2026-01-18,2026-01-08,Booking.com,92.95,False,False
Harbour Inn,HI-11325,103,Harbour View King,2026-01-19,2026-01-08,Booking.com,92.95,False,False
Harbour Inn,HI-10964,201,Loft Suite,2025-08-31,2025-08-08,Booking.com,261.35,False,False
Harbour Inn,HI-10964,201,Loft Suite,2025-09-01,2025-08-08,Booking.com,261.35,False,False
Harbour Inn,HI-12079,103,Harbour View King,2026-10-08,2026-07-08,Booking.com,178.51,False,False
Harbour Inn,HI-12079,103,Harbour View King,2026-10-09,2026-07-08,Booking.com,178.51,False,False
Harbour Inn,HI-12079,103,Harbour View King,2026-10-10,2026-07-08,Booking.com,178.51,False,False
Harbour Inn,HI-10278,104,Garden Queen,2025-01-27,2025-01-13,Direct,82.41,False,False
Harbour Inn,HI-10278,104,Garden Queen,2025-01-28,2025-01-13,Direct,82.41,False,False
Harbour Inn,HI-10119,101,Harbour View King,2024-11-15,2024-11-09,Direct,187.83,False,False
Harbour Inn,HI-10742,103,Harbour View King,2025-07-05,2025-06-24,Booking.com,341.49,False,False
Harbour Inn,HI-10742,103,Harbour View King,2025-07-06,2025-06-24,Booking.com,341.49,False,False
Harbour Inn,HI-10742,103,Harbour View King,2025-07-07,2025-06-24,Booking.com,341.49,False,False
Harbour Inn,HI-12073,103,Harbour View King,2026-10-05,2026-08-04,Booking.com,123.9,False,False
Harbour Inn,HI-12073,103,Harbour View King,2026-10-06,2026-08-04,Booking.com,123.9,False,False
Harbour Inn,HI-10303,104,Garden Queen,2025-02-07,2025-01-29,Expedia,112.36,False,False
Harbour Inn,HI-10303,104,Garden Queen,2025-02-08,2025-01-29,Expedia,112.36,False,False
Harbour Inn,HI-11985,201,Loft Suite,2026-09-04,2026-07-12,Booking.com,230.05,False,False
Harbour Inn,HI-11985,201,Loft Suite,2026-09-05,2026-07-12,Booking.com,230.05,False,False
Harbour Inn,HI-11532,202,Loft Suite,2026-04-30,2026-04-17,Booking.com,209.11,False,False
Harbour Inn,HI-11532,202,Loft Suite,2026-05-01,2026-04-17,Booking.com,209.11,False,False
Harbour Inn,HI-10758,105,Garden Queen,2025-07-09,2025-06-03,Booking.com,165.31,False,False
Harbour Inn,HI-10150,201,Loft Suite,2024-11-26,2024-11-23,Booking.com,104.2,False,False
Harbour Inn,HI-10150,201,Loft Suite,2024-11-27,2024-11-23,Booking.com,104.2,False,False
Harbour Inn,HI-11793,105,Garden Queen,2026-07-15,2026-05-21,Booking.com,170.75,False,False
Harbour Inn,HI-10125,202,Loft Suite,2024-11-15,2024-11-15,Airbnb,164.78,False,False
Harbour Inn,HI-11818,201,Loft Suite,2026-07-21,2026-01-29,Direct,207.05,True,False
Harbour Inn,HI-10008,106,Garden Queen,2024-10-03,2024-09-12,Direct,132.24,False,False
Harbour Inn,HI-10370,104,Garden Queen,2025-03-09,2025-03-07,Expedia,68.97,False,False
Harbour Inn,HI-10370,104,Garden Queen,2025-03-10,2025-03-07,Expedia,68.97,False,False
Harbour Inn,HI-10370,104,Garden Queen,2025-03-11,2025-03-07,Expedia,68.97,False,False
Harbour Inn,HI-10186,202,Loft Suite,2024-12-13,2024-12-06,Expedia,166.53,False,False
Harbour Inn,HI-10186,202,Loft Suite,2024-12-14,2024-12-06,Expedia,166.53,False,False
Harbour Inn,HI-10186,202,Loft Suite,2024-12-15,2024-12-06,Expedia,166.53,False,False
Harbour Inn,HI-10186,202,Loft Suite,2024-12-16,2024-12-06,Expedia,166.53,False,False
Harbour Inn,HI-10885,105,Garden Queen,2025-08-11,2025-07-13,Booking.com,152.99,False,False
Harbour Inn,HI-10885,105,Garden Queen,2025-08-12,2025-07-13,Booking.com,152.99,False,False
Harbour Inn,HI-11358,106,Garden Queen,2026-02-08,2025-12-08,Booking.com,100.47,False,False
Harbour Inn,HI-11358,106,Garden Queen,2026-02-09,2025-12-08,Booking.com,100.47,False,False
Harbour Inn,HI-11495,105,Garden Queen,2026-04-16,2026-04-01,Booking.com,136.94,False,False
Harbour Inn,HI-11495,105,Garden Queen,2026-04-17,2026-04-01,Booking.com,136.94,False,False
Harbour Inn,HI-11391,103,Harbour View King,2026-02-23,2026-02-12,Direct,79.83,False,False
Harbour Inn,HI-11391,103,Harbour View King,2026-02-24,2026-02-12,Direct,79.83,False,False
Harbour Inn,HI-11391,103,Harbour View King,2026-02-25,2026-02-12,Direct,79.83,False,False
Harbour Inn,HI-11391,103,Harbour View King,2026-02-26,2026-02-12,Direct,79.83,False,False
Harbour Inn,HI-11391,103,Harbour View King,2026-02-27,2026-02-12,Direct,79.83,False,False
Harbour Inn,HI-11637,102,Harbour View King,2026-06-03,2026-05-02,Direct,200.64,False,False
Harbour Inn,HI-11637,102,Harbour View King,2026-06-04,2026-05-02,Direct,200.64,False,False
Harbour Inn,HI-10474,102,Harbour View King,2025-04-22,2025-04-15,Booking.com,125.07,False,False
Harbour Inn,HI-10474,102,Harbour View King,2025-04-23,2025-04-15,Booking.com,125.07,False,False
Harbour Inn,HI-10857,105,Garden Queen,2025-08-03,2025-04-09,Direct,191.6,False,False
Harbour Inn,HI-10857,105,Garden Queen,2025-08-04,2025-04-09,Direct,191.6,False,False
Harbour Inn,HI-10459,202,Loft Suite,2025-04-15,2024-11-29,Booking.com,171.62,False,False
Harbour Inn,HI-11243,104,Garden Queen,2025-12-12,2025-11-25,Airbnb,133.97,False,False
Harbour Inn,HI-11243,104,Garden Queen,2025-12-13,2025-11-25,Airbnb,133.97,False,False
Harbour Inn,HI-11012,105,Garden Queen,2025-09-15,2025-08-27,Direct,111.63,False,False
Harbour Inn,HI-11012,105,Garden Queen,2025-09-16,2025-08-27,Direct,111.63,False,False
Harbour Inn,HI-11372,105,Garden Queen,2026-02-14,2026-02-01,Expedia,129.4,False,False
Harbour Inn,HI-11372,105,Garden Queen,2026-02-15,2026-02-01,Expedia,129.4,False,False
Harbour Inn,HI-11237,102,Harbour View King,2025-12-10,2025-12-03,Airbnb,123.97,False,False
Harbour Inn,HI-11237,102,Harbour View King,2025-12-11,2025-12-03,Airbnb,123.97,False,False
Harbour Inn,HI-11237,102,Harbour View King,2025-12-12,2025-12-03,Airbnb,123.97,False,False
Harbour Inn,HI-11237,102,Harbour View King,2025-12-13,2025-12-03,Airbnb,123.97,False,False
Harbour Inn,HI-10391,202,Loft Suite,2025-03-20,2024-12-08,Airbnb,157.68,False,False
Harbour Inn,HI-10391,202,Loft Suite,2025-03-21,2024-12-08,Airbnb,157.68,False,False
Harbour Inn,HI-10391,202,Loft Suite,2025-03-22,2024-12-08,Airbnb,157.68,False,False
Harbour Inn,HI-10391,202,Loft Suite,2025-03-23,2024-12-08,Airbnb,157.68,False,False
Harbour Inn,HI-11577,106,Garden Queen,2026-05-15,2026-04-22,Booking.com,179.52,False,False
Harbour Inn,HI-11577,106,Garden Queen,2026-05-16,2026-04-22,Booking.com,179.52,False,False
Harbour Inn,HI-10209,105,Garden Queen,2024-12-24,2024-12-12,Booking.com,102.59,False,False
Harbour Inn,HI-10209,105,Garden Queen,2024-12-25,2024-12-12,Booking.com,102.59,False,False
Harbour Inn,HI-10209,105,Garden Queen,2024-12-26,2024-12-12,Booking.com,102.59,False,False
Harbour Inn,HI-10209,105,Garden Queen,2024-12-27,2024-12-12,Booking.com,102.59,False,False
Harbour Inn,HI-10160,102,Harbour View King,2024-12-01,2024-11-20,Airbnb,114.93,False,False
Harbour Inn,HI-10037,101,Harbour View King,2024-10-12,2024-09-22,Booking.com,237.11,False,False
Harbour Inn,HI-10037,101,Harbour View King,2024-10-13,2024-09-22,Booking.com,237.11,False,False
Harbour Inn,HI-10037,101,Harbour View King,2024-10-14,2024-09-22,Booking.com,237.11,False,False
Harbour Inn,HI-11064,103,Harbour View King,2025-10-01,2025-09-15,Booking.com,156.5,False,False
Harbour Inn,HI-11064,103,Harbour View King,2025-10-02,2025-09-15,Booking.com,156.5,False,False
Harbour Inn,HI-11441,104,Garden Queen,2026-03-22,2026-03-14,Airbnb,86.82,False,False
Harbour Inn,HI-11441,104,Garden Queen,2026-03-23,2026-03-14,Airbnb,86.82,False,False
Harbour Inn,HI-11441,104,Garden Queen,2026-03-24,2026-03-14,Airbnb,86.82,False,False
Harbour Inn,HI-10702,105,Garden Queen,2025-06-22,2025-06-12,Airbnb,197.05,False,False
Harbour Inn,HI-10702,105,Garden Queen,2025-06-23,2025-06-12,Airbnb,197.05,False,False
Harbour Inn,HI-10702,105,Garden Queen,2025-06-24,2025-06-12,Airbnb,197.05,False,False
Harbour Inn,HI-10635,201,Loft Suite,2025-06-06,2025-04-09,Expedia,386.63,False,False
Harbour Inn,HI-10635,201,Loft Suite,2025-06-07,2025-04-09,Expedia,386.63,False,False
Harbour Inn,HI-10635,201,Loft Suite,2025-06-08,2025-04-09,Expedia,386.63,False,False
Harbour Inn,HI-10635,201,Loft Suite,2025-06-09,2025-04-09,Expedia,386.63,False,False
Harbour Inn,HI-10164,201,Loft Suite,2024-12-03,2024-12-03,Booking.com,97.04,False,False
Harbour Inn,HI-11527,201,Loft Suite,2026-04-28,2026-03-10,Booking.com,168.98,False,False
Harbour Inn,HI-11527,201,Loft Suite,2026-04-29,2026-03-10,Booking.com,168.98,False,False
Harbour Inn,HI-11527,201,Loft Suite,2026-04-30,2026-03-10,Booking.com,168.98,False,False
Harbour Inn,HI-10820,201,Loft Suite,2025-07-24,2025-07-09,Direct,275.52,False,False
Harbour Inn,HI-10820,201,Loft Suite,2025-07-25,2025-07-09,Direct,275.52,False,False
Harbour Inn,HI-10820,201,Loft Suite,2025-07-26,2025-07-09,Direct,275.52,False,False
Harbour Inn,HI-10820,201,Loft Suite,2025-07-27,2025-07-09,Direct,275.52,False,False
Harbour Inn,HI-11947,104,Garden Queen,2026-08-25,2026-08-20,Direct,160.8,False,False
Harbour Inn,HI-11487,105,Garden Queen,2026-04-14,2026-02-10,Direct,117.69,False,False
Harbour Inn,HI-11516,104,Garden Queen,2026-04-24,2026-04-12,Booking.com,214.35,False,False
Harbour Inn,HI-11516,104,Garden Queen,2026-04-25,2026-04-12,Booking.com,214.35,False,False
Harbour Inn,HI-10203,106,Garden Queen,2024-12-20,2024-12-10,Direct,138.08,False,False
Harbour Inn,HI-10279,106,Garden Queen,2025-01-27,2025-01-24,Booking.com,71.68,False,False
Harbour Inn,HI-10279,106,Garden Queen,2025-01-28,2025-01-24,Booking.com,71.68,False,False
Harbour Inn,HI-10279,106,Garden Queen,2025-01-29,2025-01-24,Booking.com,71.68,False,False
Harbour Inn,HI-10341,104,Garden Queen,2025-02-20,2025-02-15,Direct,104.64,False,False
Harbour Inn,HI-10341,104,Garden Queen,2025-02-21,2025-02-15,Direct,104.64,False,False
Harbour Inn,HI-10397,104,Garden Queen,2025-03-24,2025-03-14,Booking.com,85.77,False,False
Harbour Inn,HI-10397,104,Garden Queen,2025-03-25,2025-03-14,Booking.com,85.77,False,False
Harbour Inn,HI-10218,202,Loft Suite,2024-12-27,2024-09-21,Direct,225.45,False,False
Harbour Inn,HI-10218,202,Loft Suite,2024-12-28,2024-09-21,Direct,225.45,False,False
Harbour Inn,HI-11483,202,Loft Suite,2026-04-12,2026-04-01,Direct,174.69,False,False
Harbour Inn,HI-11483,202,Loft Suite,2026-04-13,2026-04-01,Direct,174.69,False,False
Harbour Inn,HI-11483,202,Loft Suite,2026-04-14,2026-04-01,Direct,174.69,False,False
Harbour Inn,HI-10999,104,Garden Queen,2025-09-12,2025-09-02,Booking.com,167.1,False,False
Harbour Inn,HI-10999,104,Garden Queen,2025-09-13,2025-09-02,Booking.com,167.1,False,False
Harbour Inn,HI-10999,104,Garden Queen,2025-09-14,2025-09-02,Booking.com,167.1,False,False
Harbour Inn,HI-10999,104,Garden Queen,2025-09-15,2025-09-02,Booking.com,167.1,False,False
Harbour Inn,HI-11801,101,Harbour View King,2026-07-17,2026-07-05,Direct,318.92,False,False
Harbour Inn,HI-10419,104,Garden Queen,2025-04-04,2024-12-20,Expedia,197.47,False,False
Harbour Inn,HI-10419,104,Garden Queen,2025-04-05,2024-12-20,Expedia,197.47,False,False
Harbour Inn,HI-10419,104,Garden Queen,2025-04-06,2024-12-20,Expedia,197.47,False,False
Harbour Inn,HI-11926,201,Loft Suite,2026-08-18,2026-07-26,Booking.com,215.84,False,False
Harbour Inn,HI-11926,201,Loft Suite,2026-08-19,2026-07-26,Booking.com,215.84,False,False
Harbour Inn,HI-11926,201,Loft Suite,2026-08-20,2026-07-26,Booking.com,215.84,False,False
Harbour Inn,HI-11926,201,Loft Suite,2026-08-21,2026-07-26,Booking.com,215.84,False,False
Harbour Inn,HI-10941,103,Harbour View King,2025-08-25,2025-07-07,Airbnb,187.5,False,False
Harbour Inn,HI-10941,103,Harbour View King,2025-08-26,2025-07-07,Airbnb,187.5,False,False
Harbour Inn,HI-10941,103,Harbour View King,2025-08-27,2025-07-07,Airbnb,187.5,False,False
Harbour Inn,HI-10941,103,Harbour View King,2025-08-28,2025-07-07,Airbnb,187.5,False,False
Harbour Inn,HI-10941,103,Harbour View King,2025-08-29,2025-07-07,Airbnb,187.5,False,False
Harbour Inn,HI-11597,101,Harbour View King,2026-05-22,2026-05-18,Direct,239.75,False,False
Harbour Inn,HI-11597,101,Harbour View King,2026-05-23,2026-05-18,Direct,239.75,False,False
Harbour Inn,HI-11827,101,Harbour View King,2026-07-24,2026-07-22,Booking.com,315.26,False,False
Harbour Inn,HI-11827,101,Harbour View King,2026-07-25,2026-07-22,Booking.com,315.26,False,False
Harbour Inn,HI-11827,101,Harbour View King,2026-07-26,2026-07-22,Booking.com,315.26,False,False
Harbour Inn,HI-11319,102,Harbour View King,2026-01-14,2025-10-04,Direct,108.5,False,False
Harbour Inn,HI-11319,102,Harbour View King,2026-01-15,2025-10-04,Direct,108.5,False,False
Harbour Inn,HI-12029,106,Garden Queen,2026-09-22,2026-09-17,Airbnb,113.11,False,False
Harbour Inn,HI-12029,106,Garden Queen,2026-09-23,2026-09-17,Airbnb,113.11,False,False
Harbour Inn,HI-12029,106,Garden Queen,2026-09-24,2026-09-17,Airbnb,113.11,False,False
Harbour Inn,HI-11129,104,Garden Queen,2025-10-23,2025-10-11,Booking.com,141.82,False,False
Harbour Inn,HI-11129,104,Garden Queen,2025-10-24,2025-10-11,Booking.com,141.82,False,False
Harbour Inn,HI-11129,104,Garden Queen,2025-10-25,2025-10-11,Booking.com,141.82,False,False
Harbour Inn,HI-12100,202,Loft Suite,2026-10-17,2026-07-08,Booking.com,304.85,False,False
Harbour Inn,HI-12100,202,Loft Suite,2026-10-18,2026-07-08,Booking.com,304.85,False,False
Harbour Inn,HI-10166,103,Harbour View King,2024-12-05,2024-11-30,Booking.com,128.21,False,False
Harbour Inn,HI-10166,103,Harbour View King,2024-12-06,2024-11-30,Booking.com,128.21,False,False
Harbour Inn,HI-12116,103,Harbour View King,2026-10-30,2026-09-01,Direct,264.92,False,False
Harbour Inn,HI-12116,103,Harbour View King,2026-10-31,2026-09-01,Direct,264.92,False,False
Harbour Inn,HI-10199,103,Harbour View King,2024-12-18,2024-12-15,Booking.com,94.59,False,False
Harbour Inn,HI-10813,106,Garden Queen,2025-07-22,2025-06-14,Direct,173.77,False,False
Harbour Inn,HI-10813,106,Garden Queen,2025-07-23,2025-06-14,Direct,173.77,False,False
Harbour Inn,HI-11831,202,Loft Suite,2026-07-24,2026-07-08,Airbnb,325.25,False,False
Harbour Inn,HI-10797,202,Loft Suite,2025-07-18,2025-06-21,Direct,377.05,False,False
Harbour Inn,HI-10797,202,Loft Suite,2025-07-19,2025-06-21,Direct,377.05,False,False
Harbour Inn,HI-11163,106,Garden Queen,2025-11-05,2025-11-03,Booking.com,71.77,False,False
Harbour Inn,HI-11163,106,Garden Queen,2025-11-06,2025-11-03,Booking.com,71.77,False,False
Harbour Inn,HI-11163,106,Garden Queen,2025-11-07,2025-11-03,Booking.com,71.77,False,False
Harbour Inn,HI-11139,106,Garden Queen,2025-10-26,2025-10-31,Airbnb,121.68,False,True
Harbour Inn,HI-11139,106,Garden Queen,2025-10-27,2025-10-31,Airbnb,121.68,False,True
Harbour Inn,HI-11139,106,Garden Queen,2025-10-28,2025-10-31,Airbnb,121.68,False,True
Harbour Inn,HI-10396,102,Harbour View King,2025-03-24,2025-03-12,Booking.com,96.14,False,False
Harbour Inn,HI-10396,102,Harbour View King,2025-03-25,2025-03-12,Booking.com,96.14,False,False
Harbour Inn,HI-11104,102,Harbour View King,2025-10-14,2025-10-08,Direct,144.0,False,False
Harbour Inn,HI-11104,102,Harbour View King,2025-10-15,2025-10-08,Direct,144.0,False,False
Harbour Inn,HI-11468,201,Loft Suite,2026-04-09,2026-03-03,Booking.com,210.59,False,False
Harbour Inn,HI-11468,201,Loft Suite,2026-04-10,2026-03-03,Booking.com,210.59,False,False
Harbour Inn,HI-11468,201,Loft Suite,2026-04-11,2026-03-03,Booking.com,210.59,False,False
Harbour Inn,HI-11468,201,Loft Suite,2026-04-12,2026-03-03,Booking.com,210.59,False,False
Harbour Inn,HI-11468,201,Loft Suite,2026-04-13,2026-03-03,Booking.com,210.59,False,False
Harbour Inn,HI-11905,103,Harbour View King,2026-08-14,2026-07-10,Direct,350.99,False,False
Harbour Inn,HI-11905,103,Harbour View King,2026-08-15,2026-07-10,Direct,350.99,False,False
Harbour Inn,HI-11858,102,Harbour View King,2026-08-01,2026-05-26,Airbnb,291.21,False,False
Harbour Inn,HI-11858,102,Harbour View King,2026-08-02,2026-05-26,Airbnb,291.21,False,False
Harbour Inn,HI-12049,104,Garden Queen,2026-09-28,2026-09-27,Booking.com,120.43,False,False
Harbour Inn,HI-12049,104,Garden Queen,2026-09-29,2026-09-27,Booking.com,120.43,False,False
Harbour Inn,HI-12085,102,Harbour View King,2026-10-10,2026-09-14,Booking.com,195.34,False,False
Harbour Inn,HI-11917,105,Garden Queen,2026-08-16,2026-05-26,Direct,154.26,False,False
Harbour Inn,HI-11917,105,Garden Queen,2026-08-17,2026-05-26,Direct,154.26,False,False
Harbour Inn,HI-10690,106,Garden Queen,2025-06-19,2025-05-04,Airbnb,217.13,False,False
Harbour Inn,HI-10690,106,Garden Queen,2025-06-20,2025-05-04,Airbnb,217.13,False,False
Harbour Inn,HI-10690,106,Garden Queen,2025-06-21,2025-05-04,Airbnb,217.13,False,False
Harbour Inn,HI-10952,104,Garden Queen,2025-08-28,2025-05-02,Direct,196.66,False,False
Harbour Inn,HI-10889,103,Harbour View King,2025-08-12,2025-05-07,Booking.com,208.89,False,False
Harbour Inn,HI-11599,105,Garden Queen,2026-05-22,2026-05-14,Booking.com,207.77,False,False
Harbour Inn,HI-11599,105,Garden Queen,2026-05-23,2026-05-14,Booking.com,207.77,False,False
Harbour Inn,HI-11599,105,Garden Queen,2026-05-24,2026-05-14,Booking.com,207.77,False,False
Harbour Inn,HI-11599,105,Garden Queen,2026-05-25,2026-05-14,Booking.com,207.77,False,False
Harbour Inn,HI-11201,103,Harbour View King,2025-11-21,2025-11-10,Direct,168.29,False,False
Harbour Inn,HI-11201,103,Harbour View King,2025-11-22,2025-11-10,Direct,168.29,False,False
Harbour Inn,HI-11201,103,Harbour View King,2025-11-23,2025-11-10,Direct,168.29,False,False
Harbour Inn,HI-10112,201,Loft Suite,2024-11-08,2024-10-23,Direct,211.34,False,False
Harbour Inn,HI-10112,201,Loft Suite,2024-11-09,2024-10-23,Direct,211.34,False,False
Harbour Inn,HI-10112,201,Loft Suite,2024-11-10,2024-10-23,Direct,211.34,False,False
Harbour Inn,HI-10832,202,Loft Suite,2025-07-28,2025-07-08,Airbnb,219.77,False,False
Harbour Inn,HI-10832,202,Loft Suite,2025-07-29,2025-07-08,Airbnb,219.77,False,False
Harbour Inn,HI-11081,105,Garden Queen,2025-10-06,2025-08-02,Airbnb,120.22,False,False
Harbour Inn,HI-11090,201,Loft Suite,2025-10-10,2025-07-28,Booking.com,232.21,False,False
Harbour Inn,HI-11782,102,Harbour View King,2026-07-12,2026-06-10,Booking.com,215.27,False,False
Harbour Inn,HI-10762,103,Harbour View King,2025-07-10,2025-07-03,Direct,266.94,True,False
Harbour Inn,HI-10762,103,Harbour View King,2025-07-11,2025-07-03,Direct,266.94,True,False
Harbour Inn,HI-10762,103,Harbour View King,2025-07-12,2025-07-03,Direct,266.94,True,False
Harbour Inn,HI-10281,202,Loft Suite,2025-01-28,2024-08-19,Airbnb,109.4,False,False
Harbour Inn,HI-10281,202,Loft Suite,2025-01-29,2024-08-19,Airbnb,109.4,False,False
Harbour Inn,HI-12133,102,Harbour View King,2026-12-17,2026-08-10,Booking.com,112.84,False,False
Harbour Inn,HI-12133,102,Harbour View King,2026-12-18,2026-08-10,Booking.com,112.84,False,False
Harbour Inn,HI-11971,201,Loft Suite,2026-08-31,2026-07-08,Airbnb,254.62,False,False
Harbour Inn,HI-11971,201,Loft Suite,2026-09-01,2026-07-08,Airbnb,254.62,False,False
Harbour Inn,HI-11767,201,Loft Suite,2026-07-08,2026-06-23,Direct,214.03,False,False
Harbour Inn,HI-11767,201,Loft Suite,2026-07-09,2026-06-23,Direct,214.03,False,False
Harbour Inn,HI-11767,201,Loft Suite,2026-07-10,2026-06-23,Direct,214.03,False,False
Harbour Inn,HI-10472,102,Harbour View King,2025-04-20,2025-04-08,Booking.com,136.72,False,False
Harbour Inn,HI-10472,102,Harbour View King,2025-04-21,2025-04-08,Booking.com,136.72,False,False
Harbour Inn,HI-10028,103,Harbour View King,2024-10-08,2024-10-02,Airbnb,119.38,False,False
Harbour Inn,HI-11083,104,Garden Queen,2025-10-07,2025-09-22,Expedia,116.44,False,False
Harbour Inn,HI-10822,101,Harbour View King,2025-07-25,2025-06-19,Booking.com,277.81,False,False
Harbour Inn,HI-10822,101,Harbour View King,2025-07-26,2025-06-19,Booking.com,277.81,False,False
Harbour Inn,HI-10822,101,Harbour View King,2025-07-27,2025-06-19,Booking.com,277.81,False,False
Harbour Inn,HI-10798,101,Harbour View King,2025-07-19,2025-04-03,Airbnb,382.87,False,False
Harbour Inn,HI-10798,101,Harbour View King,2025-07-20,2025-04-03,Airbnb,382.87,False,False
Harbour Inn,HI-10798,101,Harbour View King,2025-07-21,2025-04-03,Airbnb,382.87,False,False
Harbour Inn,HI-10196,201,Loft Suite,2024-12-16,2024-12-01,Booking.com,129.85,False,False
Harbour Inn,HI-10196,201,Loft Suite,2024-12-17,2024-12-01,Booking.com,129.85,False,False
Harbour Inn,HI-10196,201,Loft Suite,2024-12-18,2024-12-01,Booking.com,129.85,False,False
Harbour Inn,HI-11942,101,Harbour View King,2026-08-24,2026-04-18,Booking.com,177.6,False,False
Harbour Inn,HI-11915,101,Harbour View King,2026-08-16,2026-04-20,Airbnb,193.42,False,False
Harbour Inn,HI-11915,101,Harbour View King,2026-08-17,2026-04-20,Airbnb,193.42,False,False
Harbour Inn,HI-11915,101,Harbour View King,2026-08-18,2026-04-20,Airbnb,193.42,False,False
Harbour Inn,HI-11328,103,Harbour View King,2026-01-20,2026-01-14,Booking.com,103.28,False,False
Harbour Inn,HI-10544,104,Garden Queen,2025-05-14,2025-05-09,Booking.com,97.28,False,False
Harbour Inn,HI-10544,104,Garden Queen,2025-05-15,2025-05-09,Booking.com,97.28,False,False
Harbour Inn,HI-12003,103,Harbour View King,2026-09-11,2026-08-30,Direct,242.79,False,False
Harbour Inn,HI-12003,103,Harbour View King,2026-09-12,2026-08-30,Direct,242.79,False,False
Harbour Inn,HI-12003,103,Harbour View King,2026-09-13,2026-08-30,Direct,242.79,False,False
Harbour Inn,HI-10939,102,Harbour View King,2025-08-24,2025-07-10,Airbnb,228.23,False,False
Harbour Inn,HI-11860,105,Garden Queen,2026-08-01,2026-07-09,Direct,210.58,False,False
Harbour Inn,HI-11860,105,Garden Queen,2026-08-02,2026-07-09,Direct,210.58,False,False
Harbour Inn,HI-10451,103,Harbour View King,2025-04-14,2025-03-13,Direct,124.13,False,False
Harbour Inn,HI-11099,101,Harbour View King,2025-10-13,2025-10-03,Booking.com,115.39,False,False
Harbour Inn,HI-11099,101,Harbour View King,2025-10-14,2025-10-03,Booking.com,115.39,False,False
Harbour Inn,HI-11777,106,Garden Queen,2026-07-10,2026-06-08,Booking.com,302.13,False,False
Harbour Inn,HI-10760,201,Loft Suite,2025-07-09,2025-07-05,Airbnb,222.48,False,False
Harbour Inn,HI-10437,101,Harbour View King,2025-04-10,2025-04-08,Direct,152.6,False,False
Harbour Inn,HI-10437,101,Harbour View King,2025-04-11,2025-04-08,Direct,152.6,False,False
Harbour Inn,HI-10437,101,Harbour View King,2025-04-12,2025-04-08,Direct,152.6,False,False
Harbour Inn,HI-10616,101,Harbour View King,2025-06-03,2025-05-21,Booking.com,148.83,False,False
Harbour Inn,HI-10616,101,Harbour View King,2025-06-04,2025-05-21,Booking.com,148.83,False,False
Harbour Inn,HI-10785,201,Loft Suite,2025-07-15,2025-06-22,Direct,223.15,False,False
Harbour Inn,HI-10785,201,Loft Suite,2025-07-16,2025-06-22,Direct,223.15,False,False
Harbour Inn,HI-11180,104,Garden Queen,2025-11-11,2025-08-25,Direct,93.79,False,False
Harbour Inn,HI-11180,104,Garden Queen,2025-11-12,2025-08-25,Direct,93.79,False,False
Harbour Inn,HI-11180,104,Garden Queen,2025-11-13,2025-08-25,Direct,93.79,False,False
Harbour Inn,HI-11180,104,Garden Queen,2025-11-14,2025-08-25,Direct,93.79,False,False
Harbour Inn,HI-11180,104,Garden Queen,2025-11-15,2025-08-25,Direct,93.79,False,False
Harbour Inn,HI-10404,101,Harbour View King,2025-03-29,2025-03-23,Booking.com,153.79,False,False
Harbour Inn,HI-10404,101,Harbour View King,2025-03-30,2025-03-23,Booking.com,153.79,False,False
Harbour Inn,HI-10404,101,Harbour View King,2025-03-31,2025-03-23,Booking.com,153.79,False,False
Harbour Inn,HI-11327,102,Harbour View King,2026-01-19,2025-09-29,Direct,122.17,False,False
Harbour Inn,HI-11327,102,Harbour View King,2026-01-20,2025-09-29,Direct,122.17,False,False
Harbour Inn,HI-11086,106,Garden Queen,2025-10-08,2025-10-03,Expedia,120.01,False,False
Harbour Inn,HI-10435,104,Garden Queen,2025-04-09,2025-04-01,Expedia,121.55,False,False
Harbour Inn,HI-10435,104,Garden Queen,2025-04-10,2025-04-01,Expedia,121.55,False,False
Harbour Inn,HI-10435,104,Garden Queen,2025-04-11,2025-04-01,Expedia,121.55,False,False
Harbour Inn,HI-10277,103,Harbour View King,2025-01-27,2025-01-23,Booking.com,75.65,False,False
Harbour Inn,HI-10277,103,Harbour View King,2025-01-28,2025-01-23,Booking.com,75.65,False,False
Harbour Inn,HI-10277,103,Harbour View King,2025-01-29,2025-01-23,Booking.com,75.65,False,False
Harbour Inn,HI-10277,103,Harbour View King,2025-01-30,2025-01-23,Booking.com,75.65,False,False
Harbour Inn,HI-11874,101,Harbour View King,2026-08-06,2026-08-01,Booking.com,264.34,False,False
Harbour Inn,HI-11755,103,Harbour View King,2026-07-05,2026-05-21,Expedia,185.66,False,False
Harbour Inn,HI-11270,105,Garden Queen,2025-12-22,2025-09-13,Direct,82.15,False,False
Harbour Inn,HI-11270,105,Garden Queen,2025-12-23,2025-09-13,Direct,82.15,False,False
Harbour Inn,HI-11270,105,Garden Queen,2025-12-24,2025-09-13,Direct,82.15,False,False
Harbour Inn,HI-11270,105,Garden Queen,2025-12-25,2025-09-13,Direct,82.15,False,False
Harbour Inn,HI-11270,105,Garden Queen,2025-12-26,2025-09-13,Direct,82.15,False,False
Harbour Inn,HI-11273,202,Loft Suite,2025-12-24,2025-12-19,Direct,126.12,False,False
Harbour Inn,HI-10994,201,Loft Suite,2025-09-10,2025-08-24,Booking.com,151.24,False,False
Harbour Inn,HI-10994,201,Loft Suite,2025-09-11,2025-08-24,Booking.com,151.24,False,False
Harbour Inn,HI-11176,202,Loft Suite,2025-11-09,2025-06-27,Booking.com,108.9,False,False
Harbour Inn,HI-10629,201,Loft Suite,2025-06-05,2025-05-08,Expedia,278.98,True,False
Harbour Inn,HI-10509,104,Garden Queen,2025-05-02,2025-04-22,Booking.com,209.14,False,False
Harbour Inn,HI-10509,104,Garden Queen,2025-05-03,2025-04-22,Booking.com,209.14,False,False
Harbour Inn,HI-10509,104,Garden Queen,2025-05-04,2025-04-22,Booking.com,209.14,False,False
Harbour Inn,HI-11435,102,Harbour View King,2026-03-16,2026-02-16,Booking.com,116.43,False,False
Harbour Inn,HI-11435,102,Harbour View King,2026-03-17,2026-02-16,Booking.com,116.43,False,False
Harbour Inn,HI-11724,105,Garden Queen,2026-06-26,2026-06-01,Direct,316.63,False,False
Harbour Inn,HI-11724,105,Garden Queen,2026-06-27,2026-06-01,Direct,316.63,False,False
Harbour Inn,HI-11724,105,Garden Queen,2026-06-28,2026-06-01,Direct,316.63,False,False
Harbour Inn,HI-11853,201,Loft Suite,2026-07-30,2026-07-20,Booking.com,295.88,False,False
Harbour Inn,HI-11853,201,Loft Suite,2026-07-31,2026-07-20,Booking.com,295.88,False,False
Harbour Inn,HI-11853,201,Loft Suite,2026-08-01,2026-07-20,Booking.com,295.88,False,False
Harbour Inn,HI-11559,103,Harbour View King,2026-05-10,2026-04-28,Booking.com,150.72,False,False
Harbour Inn,HI-11559,103,Harbour View King,2026-05-11,2026-04-28,Booking.com,150.72,False,False
Harbour Inn,HI-11559,103,Harbour View King,2026-05-12,2026-04-28,Booking.com,150.72,False,False
Harbour Inn,HI-10674,104,Garden Queen,2025-06-15,2025-05-09,Direct,167.76,False,False
Harbour Inn,HI-10674,104,Garden Queen,2025-06-16,2025-05-09,Direct,167.76,False,False
Harbour Inn,HI-10674,104,Garden Queen,2025-06-17,2025-05-09,Direct,167.76,False,False
Harbour Inn,HI-10674,104,Garden Queen,2025-06-18,2025-05-09,Direct,167.76,False,False
Harbour Inn,HI-11750,103,Harbour View King,2026-07-03,2026-06-12,Booking.com,284.93,False,False
Harbour Inn,HI-11224,201,Loft Suite,2025-12-03,2025-09-27,Airbnb,124.55,False,False
Harbour Inn,HI-11224,201,Loft Suite,2025-12-04,2025-09-27,Airbnb,124.55,False,False
Harbour Inn,HI-11036,104,Garden Queen,2025-09-22,2025-06-16,Booking.com,122.58,False,False
Harbour Inn,HI-10510,105,Garden Queen,2025-05-02,2025-04-30,Booking.com,161.2,False,False
Harbour Inn,HI-11944,103,Harbour View King,2026-08-24,2026-08-06,Direct,232.05,False,False
Harbour Inn,HI-11944,103,Harbour View King,2026-08-25,2026-08-06,Direct,232.05,False,False
Harbour Inn,HI-10836,103,Harbour View King,2025-07-30,2025-06-26,Airbnb,194.26,False,False
Harbour Inn,HI-10836,103,Harbour View King,2025-07-31,2025-06-26,Airbnb,194.26,False,False
Harbour Inn,HI-11885,202,Loft Suite,2026-08-07,2026-08-01,Expedia,324.92,False,False
Harbour Inn,HI-11885,202,Loft Suite,2026-08-08,2026-08-01,Expedia,324.92,False,False
Harbour Inn,HI-11885,202,Loft Suite,2026-08-09,2026-08-01,Expedia,324.92,False,False
Harbour Inn,HI-10860,104,Garden Queen,2025-08-04,2025-07-25,Airbnb,143.06,False,False
Harbour Inn,HI-10860,104,Garden Queen,2025-08-05,2025-07-25,Airbnb,143.06,False,False
Harbour Inn,HI-10006,104,Garden Queen,2024-10-03,2024-10-01,Airbnb,138.8,False,False
Harbour Inn,HI-10006,104,Garden Queen,2024-10-04,2024-10-01,Airbnb,138.8,False,False
Harbour Inn,HI-10006,104,Garden Queen,2024-10-05,2024-10-01,Airbnb,138.8,False,False
Harbour Inn,HI-10766,104,Garden Queen,2025-07-11,2025-06-29,Airbnb,278.56,False,False
Harbour Inn,HI-10678,101,Harbour View King,2025-06-17,2025-03-31,Direct,230.37,False,False
Harbour Inn,HI-10678,101,Harbour View King,2025-06-18,2025-03-31,Direct,230.37,False,False
Harbour Inn,HI-10678,101,Harbour View King,2025-06-19,2025-03-31,Direct,230.37,False,False
Harbour Inn,HI-11198,106,Garden Queen,2025-11-20,2025-06-18,Booking.com,118.33,False,False
Harbour Inn,HI-11198,106,Garden Queen,2025-11-21,2025-06-18,Booking.com,118.33,False,False
Harbour Inn,HI-11198,106,Garden Queen,2025-11-22,2025-06-18,Booking.com,118.33,False,False
Harbour Inn,HI-11770,103,Harbour View King,2026-07-09,2026-05-16,Airbnb,240.72,False,False
Harbour Inn,HI-11770,103,Harbour View King,2026-07-10,2026-05-16,Airbnb,240.72,False,False
Harbour Inn,HI-11770,103,Harbour View King,2026-07-11,2026-05-16,Airbnb,240.72,False,False
Harbour Inn,HI-11770,103,Harbour View King,2026-07-12,2026-05-16,Airbnb,240.72,False,False
Harbour Inn,HI-11770,103,Harbour View King,2026-07-13,2026-05-16,Airbnb,240.72,False,False
Harbour Inn,HI-12067,202,Loft Suite,2026-10-03,2026-09-16,Airbnb,294.75,False,False
Harbour Inn,HI-12067,202,Loft Suite,2026-10-04,2026-09-16,Airbnb,294.75,False,False
Harbour Inn,HI-11001,106,Garden Queen,2025-09-12,2025-09-10,Expedia,217.92,False,False
Harbour Inn,HI-11001,106,Garden Queen,2025-09-13,2025-09-10,Expedia,217.92,False,False
Harbour Inn,HI-11001,106,Garden Queen,2025-09-14,2025-09-10,Expedia,217.92,False,False
Harbour Inn,HI-10617,102,Harbour View King,2025-06-03,2025-05-30,Booking.com,187.36,False,False
Harbour Inn,HI-10282,101,Harbour View King,2025-01-29,2025-01-20,Booking.com,95.05,False,False
Harbour Inn,HI-10282,101,Harbour View King,2025-01-30,2025-01-20,Booking.com,95.05,False,False
Harbour Inn,HI-10282,101,Harbour View King,2025-01-31,2025-01-20,Booking.com,95.05,False,False
Harbour Inn,HI-10379,102,Harbour View King,2025-03-15,2025-03-02,Booking.com,145.49,False,False
Harbour Inn,HI-10379,102,Harbour View King,2025-03-16,2025-03-02,Booking.com,145.49,False,False
Harbour Inn,HI-10379,102,Harbour View King,2025-03-17,2025-03-02,Booking.com,145.49,False,False
Harbour Inn,HI-10379,102,Harbour View King,2025-03-18,2025-03-02,Booking.com,145.49,False,False
Harbour Inn,HI-10379,102,Harbour View King,2025-03-19,2025-03-02,Booking.com,145.49,False,False
Harbour Inn,HI-11333,201,Loft Suite,2026-01-23,2025-11-13,Booking.com,210.31,False,False
Harbour Inn,HI-11333,201,Loft Suite,2026-01-24,2025-11-13,Booking.com,210.31,False,False
Harbour Inn,HI-11333,201,Loft Suite,2026-01-25,2025-11-13,Booking.com,210.31,False,False
Harbour Inn,HI-11235,101,Harbour View King,2025-12-09,2025-11-20,Direct,100.12,False,False
Harbour Inn,HI-11235,101,Harbour View King,2025-12-10,2025-11-20,Direct,100.12,False,False
Harbour Inn,HI-11978,104,Garden Queen,2026-09-02,2026-08-23,Booking.com,128.04,False,False
Harbour Inn,HI-11978,104,Garden Queen,2026-09-03,2026-08-23,Booking.com,128.04,False,False
Harbour Inn,HI-11475,103,Harbour View King,2026-04-11,2026-03-27,Expedia,174.46,False,False
Harbour Inn,HI-11475,103,Harbour View King,2026-04-12,2026-03-27,Expedia,174.46,False,False
Harbour Inn,HI-11475,103,Harbour View King,2026-04-13,2026-03-27,Expedia,174.46,False,False
Harbour Inn,HI-11498,101,Harbour View King,2026-04-18,2025-12-09,Booking.com,207.56,False,False
Harbour Inn,HI-11498,101,Harbour View King,2026-04-19,2025-12-09,Booking.com,207.56,False,False
Harbour Inn,HI-11498,101,Harbour View King,2026-04-20,2025-12-09,Booking.com,207.56,False,False
Harbour Inn,HI-11257,201,Loft Suite,2025-12-18,2025-12-14,Direct,112.89,False,False
Harbour Inn,HI-11257,201,Loft Suite,2025-12-19,2025-12-14,Direct,112.89,False,False
Harbour Inn,HI-11257,201,Loft Suite,2025-12-20,2025-12-14,Direct,112.89,False,False
Harbour Inn,HI-10807,104,Garden Queen,2025-07-21,2025-07-10,Direct,156.63,False,False
Harbour Inn,HI-10807,104,Garden Queen,2025-07-22,2025-07-10,Direct,156.63,False,False
Harbour Inn,HI-10807,104,Garden Queen,2025-07-23,2025-07-10,Direct,156.63,False,False
Harbour Inn,HI-11463,103,Harbour View King,2026-04-07,2026-03-08,Booking.com,138.44,False,False
Harbour Inn,HI-11463,103,Harbour View King,2026-04-08,2026-03-08,Booking.com,138.44,False,False
Harbour Inn,HI-11120,102,Harbour View King,2025-10-19,2025-10-03,Direct,155.58,False,False
Harbour Inn,HI-11120,102,Harbour View King,2025-10-20,2025-10-03,Direct,155.58,False,False
Harbour Inn,HI-11120,102,Harbour View King,2025-10-21,2025-10-03,Direct,155.58,False,False
Harbour Inn,HI-10854,101,Harbour View King,2025-08-03,2025-07-12,Booking.com,212.26,False,False
Harbour Inn,HI-10854,101,Harbour View King,2025-08-04,2025-07-12,Booking.com,212.26,False,False
Harbour Inn,HI-10854,101,Harbour View King,2025-08-05,2025-07-12,Booking.com,212.26,False,False
Harbour Inn,HI-10854,101,Harbour View King,2025-08-06,2025-07-12,Booking.com,212.26,False,False
Harbour Inn,HI-10373,101,Harbour View King,2025-03-11,2024-10-20,Airbnb,98.13,False,False
Harbour Inn,HI-10373,101,Harbour View King,2025-03-12,2024-10-20,Airbnb,98.13,False,False
Harbour Inn,HI-10095,202,Loft Suite,2024-10-31,2024-10-25,Expedia,207.02,False,False
Harbour Inn,HI-10095,202,Loft Suite,2024-11-01,2024-10-25,Expedia,207.02,False,False
Harbour Inn,HI-10626,101,Harbour View King,2025-06-05,2025-05-11,Direct,216.44,False,False
Harbour Inn,HI-10626,101,Harbour View King,2025-06-06,2025-05-11,Direct,216.44,False,False
Harbour Inn,HI-10091,102,Harbour View King,2024-10-29,2024-10-24,Airbnb,136.51,False,False
Harbour Inn,HI-10091,102,Harbour View King,2024-10-30,2024-10-24,Airbnb,136.51,False,False
Harbour Inn,HI-10091,102,Harbour View King,2024-10-31,2024-10-24,Airbnb,136.51,False,False
Harbour Inn,HI-11348,201,Loft Suite,2026-01-31,2026-01-30,Airbnb,173.21,False,False
Harbour Inn,HI-11348,201,Loft Suite,2026-02-01,2026-01-30,Airbnb,173.21,False,False
Harbour Inn,HI-11348,201,Loft Suite,2026-02-02,2026-01-30,Airbnb,173.21,False,False
Harbour Inn,HI-10910,105,Garden Queen,2025-08-17,2025-08-15,Airbnb,178.3,False,False
Harbour Inn,HI-10910,105,Garden Queen,2025-08-18,2025-08-15,Airbnb,178.3,False,False
Harbour Inn,HI-10910,105,Garden Queen,2025-08-19,2025-08-15,Airbnb,178.3,False,False
Harbour Inn,HI-10946,105,Garden Queen,2025-08-26,2025-07-30,Expedia,167.12,False,False
Harbour Inn,HI-11217,106,Garden Queen,2025-11-28,2025-11-23,Booking.com,134.14,False,False
Harbour Inn,HI-11217,106,Garden Queen,2025-11-29,2025-11-23,Booking.com,134.14,False,False
Harbour Inn,HI-11217,106,Garden Queen,2025-11-30,2025-11-23,Booking.com,134.14,False,False
Harbour Inn,HI-11185,103,Harbour View King,2025-11-14,2025-11-09,Airbnb,182.57,False,False
Harbour Inn,HI-11185,103,Harbour View King,2025-11-15,2025-11-09,Airbnb,182.57,False,False
Harbour Inn,HI-11185,103,Harbour View King,2025-11-16,2025-11-09,Airbnb,182.57,False,False
Harbour Inn,HI-11015,101,Harbour View King,2025-09-16,2025-09-14,Direct,147.53,False,False
Harbour Inn,HI-11015,101,Harbour View King,2025-09-17,2025-09-14,Direct,147.53,False,False
Harbour Inn,HI-11015,101,Harbour View King,2025-09-18,2025-09-14,Direct,147.53,False,False
Harbour Inn,HI-12051,103,Harbour View King,2026-09-29,2026-09-18,Booking.com,144.08,False,False
Harbour Inn,HI-12051,103,Harbour View King,2026-09-30,2026-09-18,Booking.com,144.08,False,False
Harbour Inn,HI-11601,102,Harbour View King,2026-05-23,2026-05-16,Direct,192.43,False,False
Harbour Inn,HI-11601,102,Harbour View King,2026-05-24,2026-05-16,Direct,192.43,False,False
Harbour Inn,HI-11191,106,Garden Queen,2025-11-16,2025-10-28,Airbnb,99.62,False,False
Harbour Inn,HI-11191,106,Garden Queen,2025-11-17,2025-10-28,Airbnb,99.62,False,False
Harbour Inn,HI-11191,106,Garden Queen,2025-11-18,2025-10-28,Airbnb,99.62,False,False
Harbour Inn,HI-10644,105,Garden Queen,2025-06-09,2025-05-21,Airbnb,150.31,False,False
Harbour Inn,HI-10891,201,Loft Suite,2025-08-13,2025-07-29,Direct,246.66,False,False
Harbour Inn,HI-10891,201,Loft Suite,2025-08-14,2025-07-29,Direct,246.66,False,False
Harbour Inn,HI-10416,201,Loft Suite,2025-04-02,2024-10-08,Expedia,161.91,False,False
Harbour Inn,HI-10416,201,Loft Suite,2025-04-03,2024-10-08,Expedia,161.91,False,False
Harbour Inn,HI-10416,201,Loft Suite,2025-04-04,2024-10-08,Expedia,161.91,False,False
Harbour Inn,HI-10416,201,Loft Suite,2025-04-05,2024-10-08,Expedia,161.91,False,False
Harbour Inn,HI-10477,201,Loft Suite,2025-04-22,2025-04-11,Expedia,177.08,False,False
Harbour Inn,HI-10477,201,Loft Suite,2025-04-23,2025-04-11,Expedia,177.08,False,False
Harbour Inn,HI-10477,201,Loft Suite,2025-04-24,2025-04-11,Expedia,177.08,False,False
Harbour Inn,HI-11824,103,Harbour View King,2026-07-23,2026-05-19,Direct,230.42,False,False
Harbour Inn,HI-11824,103,Harbour View King,2026-07-24,2026-05-19,Direct,230.42,False,False
Harbour Inn,HI-10428,103,Harbour View King,2025-04-07,2024-12-13,Direct,140.79,False,False
Harbour Inn,HI-10428,103,Harbour View King,2025-04-08,2024-12-13,Direct,140.79,False,False
Harbour Inn,HI-10060,106,Garden Queen,2024-10-20,2024-09-18,Booking.com,118.44,False,False
Harbour Inn,HI-10060,106,Garden Queen,2024-10-21,2024-09-18,Booking.com,118.44,False,False
Harbour Inn,HI-10060,106,Garden Queen,2024-10-22,2024-09-18,Booking.com,118.44,False,False
Harbour Inn,HI-11051,202,Loft Suite,2025-09-26,2025-09-03,Booking.com,306.06,False,False
Harbour Inn,HI-11051,202,Loft Suite,2025-09-27,2025-09-03,Booking.com,306.06,False,False
Harbour Inn,HI-10051,202,Loft Suite,2024-10-17,2024-10-09,Booking.com,214.01,False,False
Harbour Inn,HI-10051,202,Loft Suite,2024-10-18,2024-10-09,Booking.com,214.01,False,False
Harbour Inn,HI-10062,104,Garden Queen,2024-10-21,2024-10-03,Airbnb,118.07,False,False
Harbour Inn,HI-10062,104,Garden Queen,2024-10-22,2024-10-03,Airbnb,118.07,False,False
Harbour Inn,HI-12119,105,Garden Queen,2026-11-06,2026-06-11,Booking.com,129.66,False,False
Harbour Inn,HI-12119,105,Garden Queen,2026-11-07,2026-06-11,Booking.com,129.66,False,False
Harbour Inn,HI-12119,105,Garden Queen,2026-11-08,2026-06-11,Booking.com,129.66,False,False
Harbour Inn,HI-11658,201,Loft Suite,2026-06-08,2026-05-29,Airbnb,209.63,False,False
Harbour Inn,HI-11658,201,Loft Suite,2026-06-09,2026-05-29,Airbnb,209.63,False,False
Harbour Inn,HI-11658,201,Loft Suite,2026-06-10,2026-05-29,Airbnb,209.63,False,False
Harbour Inn,HI-11585,102,Harbour View King,2026-05-18,2026-05-05,Booking.com,110.99,False,False
Harbour Inn,HI-11585,102,Harbour View King,2026-05-19,2026-05-05,Booking.com,110.99,False,False
Harbour Inn,HI-11585,102,Harbour View King,2026-05-20,2026-05-05,Booking.com,110.99,False,False
Harbour Inn,HI-11321,202,Loft Suite,2026-01-14,2025-11-14,Direct,121.08,False,False
Harbour Inn,HI-10075,104,Garden Queen,2024-10-25,2024-10-14,Booking.com,187.95,False,False
Harbour Inn,HI-10075,104,Garden Queen,2024-10-26,2024-10-14,Booking.com,187.95,False,False
Harbour Inn,HI-11922,106,Garden Queen,2026-08-17,2026-06-13,Booking.com,190.4,False,False
Harbour Inn,HI-11922,106,Garden Queen,2026-08-18,2026-06-13,Booking.com,190.4,False,False
Harbour Inn,HI-11922,106,Garden Queen,2026-08-19,2026-06-13,Booking.com,190.4,False,False
Harbour Inn,HI-11847,106,Garden Queen,2026-07-29,2026-06-26,Airbnb,184.81,False,False
Harbour Inn,HI-11847,106,Garden Queen,2026-07-30,2026-06-26,Airbnb,184.81,False,False
Harbour Inn,HI-11847,106,Garden Queen,2026-07-31,2026-06-26,Airbnb,184.81,False,False
Harbour Inn,HI-10682,202,Loft Suite,2025-06-17,2025-06-02,Direct,199.98,False,False
Harbour Inn,HI-10983,201,Loft Suite,2025-09-05,2025-08-12,Booking.com,254.79,False,False
Harbour Inn,HI-10983,201,Loft Suite,2025-09-06,2025-08-12,Booking.com,254.79,False,False
Harbour Inn,HI-10983,201,Loft Suite,2025-09-07,2025-08-12,Booking.com,254.79,False,False
Harbour Inn,HI-10983,201,Loft Suite,2025-09-08,2025-08-12,Booking.com,254.79,False,False
Harbour Inn,HI-10983,201,Loft Suite,2025-09-09,2025-08-12,Booking.com,254.79,False,False
Harbour Inn,HI-11183,106,Garden Queen,2025-11-13,2025-11-08,Booking.com,110.12,False,False
Harbour Inn,HI-10571,201,Loft Suite,2025-05-22,2025-05-08,Expedia,242.72,False,False
Harbour Inn,HI-10571,201,Loft Suite,2025-05-23,2025-05-08,Expedia,242.72,False,False
Harbour Inn,HI-10571,201,Loft Suite,2025-05-24,2025-05-08,Expedia,242.72,False,False
Harbour Inn,HI-10571,201,Loft Suite,2025-05-25,2025-05-08,Expedia,242.72,False,False
Harbour Inn,HI-10082,101,Harbour View King,2024-10-27,2024-10-23,Booking.com,115.4,False,False
Harbour Inn,HI-10082,101,Harbour View King,2024-10-28,2024-10-23,Booking.com,115.4,False,False
Harbour Inn,HI-11115,201,Loft Suite,2025-10-17,2025-10-15,Booking.com,272.82,False,False
Harbour Inn,HI-11115,201,Loft Suite,2025-10-18,2025-10-15,Booking.com,272.82,False,False
Harbour Inn,HI-11115,201,Loft Suite,2025-10-19,2025-10-15,Booking.com,272.82,False,False
Harbour Inn,HI-11880,201,Loft Suite,2026-08-06,2026-07-21,Booking.com,315.62,False,False
Harbour Inn,HI-11880,201,Loft Suite,2026-08-07,2026-07-21,Booking.com,315.62,False,False
Harbour Inn,HI-11880,201,Loft Suite,2026-08-08,2026-07-21,Booking.com,315.62,False,False
Harbour Inn,HI-11880,201,Loft Suite,2026-08-09,2026-07-21,Booking.com,315.62,False,False
Harbour Inn,HI-11880,201,Loft Suite,2026-08-10,2026-07-21,Booking.com,315.62,False,False
Harbour Inn,HI-10418,202,Loft Suite,2025-04-03,2024-11-30,Airbnb,238.43,False,False
Harbour Inn,HI-10157,201,Loft Suite,2024-11-29,2024-11-27,Airbnb,157.59,False,False
Harbour Inn,HI-10157,201,Loft Suite,2024-11-30,2024-11-27,Airbnb,157.59,False,False
Harbour Inn,HI-10846,101,Harbour View King,2025-08-01,2025-07-15,Expedia,367.84,False,False
Harbour Inn,HI-10846,101,Harbour View King,2025-08-02,2025-07-15,Expedia,367.84,False,False
Harbour Inn,HI-10866,202,Loft Suite,2025-08-05,2025-07-31,Booking.com,243.44,False,False
Harbour Inn,HI-11625,103,Harbour View King,2026-05-30,2026-02-13,Direct,226.69,False,False
Harbour Inn,HI-11625,103,Harbour View King,2026-05-31,2026-02-13,Direct,226.69,False,False
Harbour Inn,HI-11625,103,Harbour View King,2026-06-01,2026-02-13,Direct,226.69,False,False
Harbour Inn,HI-11631,102,Harbour View King,2026-06-01,2026-05-13,Booking.com,169.8,False,False
Harbour Inn,HI-11631,102,Harbour View King,2026-06-02,2026-05-13,Booking.com,169.8,False,False
Harbour Inn,HI-12118,103,Harbour View King,2026-11-03,2026-09-12,Booking.com,89.14,False,False
Harbour Inn,HI-12118,103,Harbour View King,2026-11-04,2026-09-12,Booking.com,89.14,False,False
Harbour Inn,HI-12118,103,Harbour View King,2026-11-05,2026-09-12,Booking.com,89.14,False,False
Harbour Inn,HI-10234,104,Garden Queen,2025-01-04,2024-12-26,Airbnb,132.76,False,False
Harbour Inn,HI-11038,101,Harbour View King,2025-09-23,2025-04-07,Direct,141.27,False,False
Harbour Inn,HI-11038,101,Harbour View King,2025-09-24,2025-04-07,Direct,141.27,False,False
Harbour Inn,HI-11038,101,Harbour View King,2025-09-25,2025-04-07,Direct,141.27,False,False
Harbour Inn,HI-11038,101,Harbour View King,2025-09-26,2025-04-07,Direct,141.27,False,False
Harbour Inn,HI-11352,105,Garden Queen,2026-02-04,2026-02-03,Direct,81.24,False,False
Harbour Inn,HI-11352,105,Garden Queen,2026-02-05,2026-02-03,Direct,81.24,False,False
Harbour Inn,HI-11352,105,Garden Queen,2026-02-06,2026-02-03,Direct,81.24,False,False
Harbour Inn,HI-11352,105,Garden Queen,2026-02-07,2026-02-03,Direct,81.24,False,False
Harbour Inn,HI-11352,105,Garden Queen,2026-02-08,2026-02-03,Direct,81.24,False,False
Harbour Inn,HI-10296,102,Harbour View King,2025-02-03,2025-01-13,Direct,95.8,False,False
Harbour Inn,HI-10296,102,Harbour View King,2025-02-04,2025-01-13,Direct,95.8,False,False
Harbour Inn,HI-10296,102,Harbour View King,2025-02-05,2025-01-13,Direct,95.8,False,False
Harbour Inn,HI-11088,106,Garden Queen,2025-10-09,2025-10-03,Direct,158.18,False,False
Harbour Inn,HI-11088,106,Garden Queen,2025-10-10,2025-10-03,Direct,158.18,False,False
Harbour Inn,HI-11088,106,Garden Queen,2025-10-11,2025-10-03,Direct,158.18,False,False
Harbour Inn,HI-11965,101,Harbour View King,2026-08-30,2026-07-01,Direct,222.26,False,False
Harbour Inn,HI-11965,101,Harbour View King,2026-08-31,2026-07-01,Direct,222.26,False,False
Harbour Inn,HI-11965,101,Harbour View King,2026-09-01,2026-07-01,Direct,222.26,False,False
Harbour Inn,HI-11965,101,Harbour View King,2026-09-02,2026-07-01,Direct,222.26,False,False
Harbour Inn,HI-11965,101,Harbour View King,2026-09-03,2026-07-01,Direct,222.26,False,False
Harbour Inn,HI-10782,202,Loft Suite,2025-07-14,2025-06-14,Airbnb,236.13,False,False
Harbour Inn,HI-10782,202,Loft Suite,2025-07-15,2025-06-14,Airbnb,236.13,False,False
Harbour Inn,HI-10360,102,Harbour View King,2025-03-03,2025-02-20,Airbnb,116.6,False,False
Harbour Inn,HI-10360,102,Harbour View King,2025-03-04,2025-02-20,Airbnb,116.6,False,False
Harbour Inn,HI-10360,102,Harbour View King,2025-03-05,2025-02-20,Airbnb,116.6,False,False
Harbour Inn,HI-10360,102,Harbour View King,2025-03-06,2025-02-20,Airbnb,116.6,False,False
Harbour Inn,HI-11452,102,Harbour View King,2026-04-02,2026-03-01,Direct,221.6,False,False
Harbour Inn,HI-11452,102,Harbour View King,2026-04-03,2026-03-01,Direct,221.6,False,False
Harbour Inn,HI-11452,102,Harbour View King,2026-04-04,2026-03-01,Direct,221.6,False,False
Harbour Inn,HI-12063,201,Loft Suite,2026-10-02,2026-09-27,Booking.com,335.17,False,False
Harbour Inn,HI-12063,201,Loft Suite,2026-10-03,2026-09-27,Booking.com,335.17,False,False
Harbour Inn,HI-10313,202,Loft Suite,2025-02-09,2025-02-02,Expedia,133.57,False,False
Harbour Inn,HI-10313,202,Loft Suite,2025-02-10,2025-02-02,Expedia,133.57,False,False
Harbour Inn,HI-10313,202,Loft Suite,2025-02-11,2025-02-02,Expedia,133.57,False,False
Harbour Inn,HI-10415,105,Garden Queen,2025-04-02,2025-04-01,Direct,118.65,False,False
Harbour Inn,HI-10881,102,Harbour View King,2025-08-10,2025-06-23,Direct,214.54,False,False
Harbour Inn,HI-10881,102,Harbour View King,2025-08-11,2025-06-23,Direct,214.54,False,False
Harbour Inn,HI-10063,101,Harbour View King,2024-10-22,2024-10-17,Expedia,132.61,False,False
Harbour Inn,HI-10063,101,Harbour View King,2024-10-23,2024-10-17,Expedia,132.61,False,False
Harbour Inn,HI-10535,202,Loft Suite,2025-05-11,2025-04-24,Booking.com,183.51,False,False
Harbour Inn,HI-10535,202,Loft Suite,2025-05-12,2025-04-24,Booking.com,183.51,False,False
Harbour Inn,HI-11564,101,Harbour View King,2026-05-13,2025-11-30,Direct,147.39,False,False
Harbour Inn,HI-11564,101,Harbour View King,2026-05-14,2025-11-30,Direct,147.39,False,False
Harbour Inn,HI-11844,101,Harbour View King,2026-07-29,2026-07-12,Booking.com,195.58,False,False
Harbour Inn,HI-11844,101,Harbour View King,2026-07-30,2026-07-12,Booking.com,195.58,False,False
Harbour Inn,HI-11247,201,Loft Suite,2025-12-14,2025-08-26,Airbnb,128.34,False,False
Harbour Inn,HI-11247,201,Loft Suite,2025-12-15,2025-08-26,Airbnb,128.34,False,False
Harbour Inn,HI-11247,201,Loft Suite,2025-12-16,2025-08-26,Airbnb,128.34,False,False
Harbour Inn,HI-10252,104,Garden Queen,2025-01-14,2025-01-04,Direct,92.78,False,False
Harbour Inn,HI-10252,104,Garden Queen,2025-01-15,2025-01-04,Direct,92.78,False,False
Harbour Inn,HI-11192,202,Loft Suite,2025-11-16,2025-11-12,Expedia,119.52,False,False
Harbour Inn,HI-10116,202,Loft Suite,2024-11-12,2024-09-07,Airbnb,120.09,False,False
Harbour Inn,HI-10116,202,Loft Suite,2024-11-13,2024-09-07,Airbnb,120.09,False,False
Harbour Inn,HI-10116,202,Loft Suite,2024-11-14,2024-09-07,Airbnb,120.09,False,False
Harbour Inn,HI-11803,106,Garden Queen,2026-07-17,2026-01-28,Booking.com,272.24,False,False
Harbour Inn,HI-11628,202,Loft Suite,2026-05-30,2026-02-13,Expedia,248.8,False,False
Harbour Inn,HI-11628,202,Loft Suite,2026-05-31,2026-02-13,Expedia,248.8,False,False
Harbour Inn,HI-11628,202,Loft Suite,2026-06-01,2026-02-13,Expedia,248.8,False,False
Harbour Inn,HI-11042,105,Garden Queen,2025-09-24,2025-05-24,Expedia,118.06,False,False
Harbour Inn,HI-11042,105,Garden Queen,2025-09-25,2025-05-24,Expedia,118.06,False,False
Harbour Inn,HI-11042,105,Garden Queen,2025-09-26,2025-05-24,Expedia,118.06,False,False
Harbour Inn,HI-11654,202,Loft Suite,2026-06-07,2026-03-26,Booking.com,247.49,False,False
Harbour Inn,HI-11654,202,Loft Suite,2026-06-08,2026-03-26,Booking.com,247.49,False,False
Harbour Inn,HI-10115,104,Garden Queen,2024-11-12,2024-11-08,Booking.com,66.0,False,False
Harbour Inn,HI-10115,104,Garden Queen,2024-11-13,2024-11-08,Booking.com,66.0,False,False
Harbour Inn,HI-10001,105,Garden Queen,2024-10-01,2024-09-22,Airbnb,121.08,False,False
Harbour Inn,HI-10001,105,Garden Queen,2024-10-02,2024-09-22,Airbnb,121.08,False,False
Harbour Inn,HI-10001,105,Garden Queen,2024-10-03,2024-09-22,Airbnb,121.08,False,False
Harbour Inn,HI-10001,105,Garden Queen,2024-10-04,2024-09-22,Airbnb,121.08,False,False
Harbour Inn,HI-10001,105,Garden Queen,2024-10-05,2024-09-22,Airbnb,121.08,False,False
Harbour Inn,HI-10187,101,Harbour View King,2024-12-14,2024-12-02,Airbnb,152.34,False,False
Harbour Inn,HI-10187,101,Harbour View King,2024-12-15,2024-12-02,Airbnb,152.34,False,False
Harbour Inn,HI-11277,104,Garden Queen,2025-12-26,2025-12-16,Booking.com,119.26,False,False
Harbour Inn,HI-10723,104,Garden Queen,2025-06-30,2025-04-08,Direct,148.24,False,False
Harbour Inn,HI-10723,104,Garden Queen,2025-07-01,2025-04-08,Direct,148.24,False,False
Harbour Inn,HI-10723,104,Garden Queen,2025-07-02,2025-04-08,Direct,148.24,False,False
Harbour Inn,HI-10723,104,Garden Queen,2025-07-03,2025-04-08,Direct,148.24,False,False
Harbour Inn,HI-10723,104,Garden Queen,2025-07-04,2025-04-08,Direct,148.24,False,False
Harbour Inn,HI-11500,201,Loft Suite,2026-04-18,2026-02-19,Booking.com,274.3,False,False
Harbour Inn,HI-11500,201,Loft Suite,2026-04-19,2026-02-19,Booking.com,274.3,False,False
Harbour Inn,HI-11500,201,Loft Suite,2026-04-20,2026-02-19,Booking.com,274.3,False,False
Harbour Inn,HI-10519,104,Garden Queen,2025-05-05,2025-04-15,Booking.com,121.77,False,False
Harbour Inn,HI-11950,105,Garden Queen,2026-08-26,2026-08-14,Airbnb,157.13,False,False
Harbour Inn,HI-11950,105,Garden Queen,2026-08-27,2026-08-14,Airbnb,157.13,False,False
Harbour Inn,HI-10992,104,Garden Queen,2025-09-10,2025-08-21,Booking.com,115.34,False,False
Harbour Inn,HI-10691,201,Loft Suite,2025-06-19,2025-05-31,Airbnb,233.96,False,False
Harbour Inn,HI-10691,201,Loft Suite,2025-06-20,2025-05-31,Airbnb,233.96,False,False
Harbour Inn,HI-10691,201,Loft Suite,2025-06-21,2025-05-31,Airbnb,233.96,False,False
Harbour Inn,HI-10691,201,Loft Suite,2025-06-22,2025-05-31,Airbnb,233.96,False,False
Harbour Inn,HI-10691,201,Loft Suite,2025-06-23,2025-05-31,Airbnb,233.96,False,False
Harbour Inn,HI-11962,104,Garden Queen,2026-08-29,2026-07-23,Booking.com,251.64,False,False
Harbour Inn,HI-11962,104,Garden Queen,2026-08-30,2026-07-23,Booking.com,251.64,False,False
Harbour Inn,HI-11962,104,Garden Queen,2026-08-31,2026-07-23,Booking.com,251.64,False,False
Harbour Inn,HI-11554,101,Harbour View King,2026-05-09,2026-05-01,Airbnb,220.2,False,False
Harbour Inn,HI-11554,101,Harbour View King,2026-05-10,2026-05-01,Airbnb,220.2,False,False
Harbour Inn,HI-11554,101,Harbour View King,2026-05-11,2026-05-01,Airbnb,220.2,False,False
Harbour Inn,HI-11554,101,Harbour View King,2026-05-12,2026-05-01,Airbnb,220.2,False,False
Harbour Inn,HI-12009,103,Harbour View King,2026-09-14,2026-08-05,Booking.com,155.32,False,False
Harbour Inn,HI-12009,103,Harbour View King,2026-09-15,2026-08-05,Booking.com,155.32,False,False
Harbour Inn,HI-12009,103,Harbour View King,2026-09-16,2026-08-05,Booking.com,155.32,False,False
Harbour Inn,HI-11800,202,Loft Suite,2026-07-16,2026-07-13,Airbnb,320.42,False,False
Harbour Inn,HI-11800,202,Loft Suite,2026-07-17,2026-07-13,Airbnb,320.42,False,False
Harbour Inn,HI-11800,202,Loft Suite,2026-07-18,2026-07-13,Airbnb,320.42,False,False
Harbour Inn,HI-11635,104,Garden Queen,2026-06-02,2026-05-25,Booking.com,183.96,False,False
Harbour Inn,HI-11635,104,Garden Queen,2026-06-03,2026-05-25,Booking.com,183.96,False,False
Harbour Inn,HI-11635,104,Garden Queen,2026-06-04,2026-05-25,Booking.com,183.96,False,False
Harbour Inn,HI-11635,104,Garden Queen,2026-06-05,2026-05-25,Booking.com,183.96,False,False
Harbour Inn,HI-11186,105,Garden Queen,2025-11-14,2025-11-11,Direct,100.3,False,False
Harbour Inn,HI-11186,105,Garden Queen,2025-11-15,2025-11-11,Direct,100.3,False,False
Harbour Inn,HI-11632,105,Garden Queen,2026-06-01,2026-01-19,Direct,178.93,False,False
Harbour Inn,HI-11632,105,Garden Queen,2026-06-02,2026-01-19,Direct,178.93,False,False
Harbour Inn,HI-11632,105,Garden Queen,2026-06-03,2026-01-19,Direct,178.93,False,False
Harbour Inn,HI-11999,102,Harbour View King,2026-09-10,2026-09-07,Booking.com,205.92,False,False
Harbour Inn,HI-11999,102,Harbour View King,2026-09-11,2026-09-07,Booking.com,205.92,False,False
Harbour Inn,HI-11999,102,Harbour View King,2026-09-12,2026-09-07,Booking.com,205.92,False,False
Harbour Inn,HI-11142,202,Loft Suite,2025-10-27,2025-10-05,Airbnb,167.45,False,False
Harbour Inn,HI-11142,202,Loft Suite,2025-10-28,2025-10-05,Airbnb,167.45,False,False
Harbour Inn,HI-11142,202,Loft Suite,2025-10-29,2025-10-05,Airbnb,167.45,False,False
Harbour Inn,HI-11641,201,Loft Suite,2026-06-03,2026-05-08,Booking.com,236.4,False,False
Harbour Inn,HI-11641,201,Loft Suite,2026-06-04,2026-05-08,Booking.com,236.4,False,False
Harbour Inn,HI-11641,201,Loft Suite,2026-06-05,2026-05-08,Booking.com,236.4,False,False
Harbour Inn,HI-11551,102,Harbour View King,2026-05-08,2026-04-28,Direct,230.38,False,False
Harbour Inn,HI-11551,102,Harbour View King,2026-05-09,2026-04-28,Direct,230.38,False,False
Harbour Inn,HI-11438,102,Harbour View King,2026-03-18,2026-03-14,Booking.com,76.58,False,False
Harbour Inn,HI-11438,102,Harbour View King,2026-03-19,2026-03-14,Booking.com,76.58,False,False
Harbour Inn,HI-11438,102,Harbour View King,2026-03-20,2026-03-14,Booking.com,76.58,False,False
Harbour Inn,HI-11438,102,Harbour View King,2026-03-21,2026-03-14,Booking.com,76.58,False,False
Harbour Inn,HI-11438,102,Harbour View King,2026-03-22,2026-03-14,Booking.com,76.58,False,False
Harbour Inn,HI-10253,201,Loft Suite,2025-01-14,2025-01-01,Airbnb,120.12,False,False
Harbour Inn,HI-12057,202,Loft Suite,2026-09-30,2026-09-22,Booking.com,174.24,False,False
Harbour Inn,HI-12057,202,Loft Suite,2026-10-01,2026-09-22,Booking.com,174.24,False,False
Harbour Inn,HI-11714,103,Harbour View King,2026-06-23,2026-06-02,Direct,165.43,False,False
Harbour Inn,HI-11675,103,Harbour View King,2026-06-13,2026-05-22,Direct,314.16,False,False
Harbour Inn,HI-11675,103,Harbour View King,2026-06-14,2026-05-22,Direct,314.16,False,False
Harbour Inn,HI-11675,103,Harbour View King,2026-06-15,2026-05-22,Direct,314.16,False,False
Harbour Inn,HI-11026,101,Harbour View King,2025-09-20,2025-08-28,Direct,198.71,False,False
Harbour Inn,HI-11026,101,Harbour View King,2025-09-21,2025-08-28,Direct,198.71,False,False
Harbour Inn,HI-11026,101,Harbour View King,2025-09-22,2025-08-28,Direct,198.71,False,False
Harbour Inn,HI-11207,103,Harbour View King,2025-11-24,2025-11-19,Airbnb,87.48,False,False
Harbour Inn,HI-11207,103,Harbour View King,2025-11-25,2025-11-19,Airbnb,87.48,False,False
Harbour Inn,HI-11207,103,Harbour View King,2025-11-26,2025-11-19,Airbnb,87.48,False,False
Harbour Inn,HI-11659,102,Harbour View King,2026-06-09,2026-02-04,Booking.com,168.91,False,False
Harbour Inn,HI-11659,102,Harbour View King,2026-06-10,2026-02-04,Booking.com,168.91,False,False
Harbour Inn,HI-11398,105,Garden Queen,2026-02-25,2026-02-10,Direct,79.33,False,False
Harbour Inn,HI-11398,105,Garden Queen,2026-02-26,2026-02-10,Direct,79.33,False,False
Harbour Inn,HI-11016,104,Garden Queen,2025-09-16,2025-08-31,Booking.com,124.83,False,False
Harbour Inn,HI-11016,104,Garden Queen,2025-09-17,2025-08-31,Booking.com,124.83,False,False
Harbour Inn,HI-11016,104,Garden Queen,2025-09-18,2025-08-31,Booking.com,124.83,False,False
Harbour Inn,HI-11016,104,Garden Queen,2025-09-19,2025-08-31,Booking.com,124.83,False,False
Harbour Inn,HI-11016,104,Garden Queen,2025-09-20,2025-08-31,Booking.com,124.83,False,False
Harbour Inn,HI-11693,101,Harbour View King,2026-06-18,2026-05-23,Direct,248.39,False,False
Harbour Inn,HI-11693,101,Harbour View King,2026-06-19,2026-05-23,Direct,248.39,False,False
Harbour Inn,HI-11693,101,Harbour View King,2026-06-20,2026-05-23,Direct,248.39,False,False
Harbour Inn,HI-10825,202,Loft Suite,2025-07-25,2025-07-09,Airbnb,349.39,False,False
Harbour Inn,HI-10825,202,Loft Suite,2025-07-26,2025-07-09,Airbnb,349.39,False,False
Harbour Inn,HI-10825,202,Loft Suite,2025-07-27,2025-07-09,Airbnb,349.39,False,False
Harbour Inn,HI-10314,101,Harbour View King,2025-02-10,2024-08-23,Direct,100.94,False,False
Harbour Inn,HI-10627,102,Harbour View King,2025-06-05,2025-05-12,Booking.com,286.18,False,False
Harbour Inn,HI-11945,102,Harbour View King,2026-08-25,2026-08-16,Airbnb,189.31,False,False
Harbour Inn,HI-11945,102,Harbour View King,2026-08-26,2026-08-16,Airbnb,189.31,False,False
Harbour Inn,HI-11945,102,Harbour View King,2026-08-27,2026-08-16,Airbnb,189.31,False,False
Harbour Inn,HI-11945,102,Harbour View King,2026-08-28,2026-08-16,Airbnb,189.31,False,False
Harbour Inn,HI-12054,104,Garden Queen,2026-09-30,2026-05-13,Direct,117.77,False,False
Harbour Inn,HI-10595,105,Garden Queen,2025-05-28,2025-02-09,Booking.com,107.09,False,False
Harbour Inn,HI-10595,105,Garden Queen,2025-05-29,2025-02-09,Booking.com,107.09,False,False
Harbour Inn,HI-10595,105,Garden Queen,2025-05-30,2025-02-09,Booking.com,107.09,False,False
Harbour Inn,HI-10138,201,Loft Suite,2024-11-22,2024-11-12,Direct,198.8,False,False
Harbour Inn,HI-10138,201,Loft Suite,2024-11-23,2024-11-12,Direct,198.8,False,False
Harbour Inn,HI-10138,201,Loft Suite,2024-11-24,2024-11-12,Direct,198.8,False,False
Harbour Inn,HI-10100,102,Harbour View King,2024-11-02,2024-09-04,Airbnb,143.89,False,False
Harbour Inn,HI-10100,102,Harbour View King,2024-11-03,2024-09-04,Airbnb,143.89,False,False
Harbour Inn,HI-10189,105,Garden Queen,2024-12-14,2024-12-03,Direct,129.51,False,False
Harbour Inn,HI-10189,105,Garden Queen,2024-12-15,2024-12-03,Direct,129.51,False,False
Harbour Inn,HI-10403,202,Loft Suite,2025-03-28,2024-10-31,Airbnb,191.05,False,False
Harbour Inn,HI-10403,202,Loft Suite,2025-03-29,2024-10-31,Airbnb,191.05,False,False
Harbour Inn,HI-10403,202,Loft Suite,2025-03-30,2024-10-31,Airbnb,191.05,False,False
Harbour Inn,HI-10403,202,Loft Suite,2025-03-31,2024-10-31,Airbnb,191.05,False,False
Harbour Inn,HI-10250,103,Harbour View King,2025-01-13,2025-01-05,Booking.com,97.39,False,False
Harbour Inn,HI-10250,103,Harbour View King,2025-01-14,2025-01-05,Booking.com,97.39,False,False
Harbour Inn,HI-10250,103,Harbour View King,2025-01-15,2025-01-05,Booking.com,97.39,False,False
Harbour Inn,HI-10250,103,Harbour View King,2025-01-16,2025-01-05,Booking.com,97.39,False,False
Harbour Inn,HI-10107,106,Garden Queen,2024-11-04,2024-10-29,Expedia,81.71,False,False
Harbour Inn,HI-10107,106,Garden Queen,2024-11-05,2024-10-29,Expedia,81.71,False,False
Harbour Inn,HI-10107,106,Garden Queen,2024-11-06,2024-10-29,Expedia,81.71,False,False
Harbour Inn,HI-10107,106,Garden Queen,2024-11-07,2024-10-29,Expedia,81.71,False,False
Harbour Inn,HI-11236,103,Harbour View King,2025-12-09,2025-09-09,Booking.com,90.73,False,False
Harbour Inn,HI-11236,103,Harbour View King,2025-12-10,2025-09-09,Booking.com,90.73,False,False
Harbour Inn,HI-11813,101,Harbour View King,2026-07-20,2026-07-16,Airbnb,196.05,False,False
Harbour Inn,HI-11813,101,Harbour View King,2026-07-21,2026-07-16,Airbnb,196.05,False,False
Harbour Inn,HI-11430,102,Harbour View King,2026-03-13,2026-03-03,Direct,169.02,False,False
Harbour Inn,HI-11430,102,Harbour View King,2026-03-14,2026-03-03,Direct,169.02,False,False
Harbour Inn,HI-11430,102,Harbour View King,2026-03-15,2026-03-03,Direct,169.02,False,False
Harbour Inn,HI-10761,102,Harbour View King,2025-07-10,2025-06-30,Expedia,253.22,False,False
Harbour Inn,HI-10761,102,Harbour View King,2025-07-11,2025-06-30,Expedia,253.22,False,False
Harbour Inn,HI-10068,101,Harbour View King,2024-10-24,2024-10-07,Booking.com,146.97,False,False
Harbour Inn,HI-10068,101,Harbour View King,2024-10-25,2024-10-07,Booking.com,146.97,False,False
Harbour Inn,HI-11719,106,Garden Queen,2026-06-24,2026-03-10,Booking.com,164.27,False,False
Harbour Inn,HI-11719,106,Garden Queen,2026-06-25,2026-03-10,Booking.com,164.27,False,False
Harbour Inn,HI-10035,103,Harbour View King,2024-10-11,2024-09-06,Booking.com,216.16,False,False
Harbour Inn,HI-10035,103,Harbour View King,2024-10-12,2024-09-06,Booking.com,216.16,False,False
Harbour Inn,HI-12010,101,Harbour View King,2026-09-15,2026-04-02,Direct,143.83,False,False
Harbour Inn,HI-12010,101,Harbour View King,2026-09-16,2026-04-02,Direct,143.83,False,False
Harbour Inn,HI-12000,104,Garden Queen,2026-09-10,2026-09-02,Booking.com,131.91,False,False
Harbour Inn,HI-11423,102,Harbour View King,2026-03-10,2026-03-05,Booking.com,101.47,False,False
Harbour Inn,HI-11423,102,Harbour View King,2026-03-11,2026-03-05,Booking.com,101.47,False,False
Harbour Inn,HI-11875,102,Harbour View King,2026-08-06,2026-03-27,Direct,275.22,False,False
Harbour Inn,HI-11246,102,Harbour View King,2025-12-14,2025-12-06,Expedia,93.13,False,False
Harbour Inn,HI-11246,102,Harbour View King,2025-12-15,2025-12-06,Expedia,93.13,False,False
Harbour Inn,HI-11246,102,Harbour View King,2025-12-16,2025-12-06,Expedia,93.13,False,False
Harbour Inn,HI-10871,103,Harbour View King,2025-08-07,2025-07-10,Direct,238.03,False,False
Harbour Inn,HI-10871,103,Harbour View King,2025-08-08,2025-07-10,Direct,238.03,False,False
Harbour Inn,HI-11049,104,Garden Queen,2025-09-26,2025-05-19,Direct,161.47,False,False
Harbour Inn,HI-11049,104,Garden Queen,2025-09-27,2025-05-19,Direct,161.47,False,False
Harbour Inn,HI-11049,104,Garden Queen,2025-09-28,2025-05-19,Direct,161.47,False,False
Harbour Inn,HI-10283,104,Garden Queen,2025-01-29,2024-11-03,Booking.com,92.18,False,False
Harbour Inn,HI-12098,106,Garden Queen,2026-10-16,2026-09-26,Direct,199.81,False,False
Harbour Inn,HI-10568,201,Loft Suite,2025-05-21,2025-05-08,Expedia,148.87,False,False
Harbour Inn,HI-11695,103,Harbour View King,2026-06-18,2026-04-27,Expedia,163.4,False,False
Harbour Inn,HI-11695,103,Harbour View King,2026-06-19,2026-04-27,Expedia,163.4,False,False
Harbour Inn,HI-11489,201,Loft Suite,2026-04-14,2026-03-25,Direct,162.66,False,False
Harbour Inn,HI-11489,201,Loft Suite,2026-04-15,2026-03-25,Direct,162.66,False,False
Harbour Inn,HI-11489,201,Loft Suite,2026-04-16,2026-03-25,Direct,162.66,False,False
Harbour Inn,HI-11819,101,Harbour View King,2026-07-22,2026-07-20,Direct,198.55,False,False
Harbour Inn,HI-11819,101,Harbour View King,2026-07-23,2026-07-20,Direct,198.55,False,False
Harbour Inn,HI-10409,103,Harbour View King,2025-03-30,2025-03-19,Booking.com,116.31,False,False
Harbour Inn,HI-11900,102,Harbour View King,2026-08-12,2026-04-13,Booking.com,162.82,False,False
Harbour Inn,HI-10108,202,Loft Suite,2024-11-04,2024-10-27,Booking.com,111.47,False,False
Harbour Inn,HI-10137,102,Harbour View King,2024-11-22,2024-11-22,Airbnb,129.84,False,False
Harbour Inn,HI-10137,102,Harbour View King,2024-11-23,2024-11-22,Airbnb,129.84,False,False
Harbour Inn,HI-11703,105,Garden Queen,2026-06-20,2026-06-04,Booking.com,256.38,False,False
Harbour Inn,HI-11703,105,Garden Queen,2026-06-21,2026-06-04,Booking.com,256.38,False,False
Harbour Inn,HI-10146,105,Garden Queen,2024-11-25,2024-11-22,Direct,65.24,False,False
Harbour Inn,HI-11318,101,Harbour View King,2026-01-14,2026-01-02,Booking.com,105.65,False,False
Harbour Inn,HI-11318,101,Harbour View King,2026-01-15,2026-01-02,Booking.com,105.65,False,False
Harbour Inn,HI-11318,101,Harbour View King,2026-01-16,2026-01-02,Booking.com,105.65,False,False
Harbour Inn,HI-11454,105,Garden Queen,2026-04-02,2026-03-16,Airbnb,135.08,False,False
Harbour Inn,HI-11454,105,Garden Queen,2026-04-03,2026-03-16,Airbnb,135.08,False,False
Harbour Inn,HI-11454,105,Garden Queen,2026-04-04,2026-03-16,Airbnb,135.08,False,False
Harbour Inn,HI-11454,105,Garden Queen,2026-04-05,2026-03-16,Airbnb,135.08,False,False
Harbour Inn,HI-11330,102,Harbour View King,2026-01-22,2025-08-12,Direct,138.37,False,False
Harbour Inn,HI-11330,102,Harbour View King,2026-01-23,2025-08-12,Direct,138.37,False,False
Harbour Inn,HI-10959,105,Garden Queen,2025-08-30,2025-07-12,Booking.com,252.5,False,False
Harbour Inn,HI-10959,105,Garden Queen,2025-08-31,2025-07-12,Booking.com,252.5,False,False
Harbour Inn,HI-10475,103,Harbour View King,2025-04-22,2025-02-26,Booking.com,99.38,False,False
Harbour Inn,HI-10475,103,Harbour View King,2025-04-23,2025-02-26,Booking.com,99.38,False,False
Harbour Inn,HI-10475,103,Harbour View King,2025-04-24,2025-02-26,Booking.com,99.38,False,False
Harbour Inn,HI-10323,105,Garden Queen,2025-02-12,2024-12-28,Booking.com,74.71,False,False
Harbour Inn,HI-10323,105,Garden Queen,2025-02-13,2024-12-28,Booking.com,74.71,False,False
Harbour Inn,HI-10323,105,Garden Queen,2025-02-14,2024-12-28,Booking.com,74.71,False,False
Harbour Inn,HI-12066,106,Garden Queen,2026-10-03,2026-09-17,Booking.com,186.48,False,False
Harbour Inn,HI-12066,106,Garden Queen,2026-10-04,2026-09-17,Booking.com,186.48,False,False
Harbour Inn,HI-10440,202,Loft Suite,2025-04-10,2025-03-10,Booking.com,206.17,False,False
Harbour Inn,HI-10440,202,Loft Suite,2025-04-11,2025-03-10,Booking.com,206.17,False,False
Harbour Inn,HI-10903,103,Harbour View King,2025-08-16,2025-08-09,Airbnb,302.93,False,False
Harbour Inn,HI-10903,103,Harbour View King,2025-08-17,2025-08-09,Airbnb,302.93,False,False
Harbour Inn,HI-10903,103,Harbour View King,2025-08-18,2025-08-09,Airbnb,302.93,False,False
Harbour Inn,HI-10903,103,Harbour View King,2025-08-19,2025-08-09,Airbnb,302.93,False,False
Harbour Inn,HI-10903,103,Harbour View King,2025-08-20,2025-08-09,Airbnb,302.93,False,False
Harbour Inn,HI-11161,201,Loft Suite,2025-11-04,2025-10-30,Direct,132.18,False,False
Harbour Inn,HI-11161,201,Loft Suite,2025-11-05,2025-10-30,Direct,132.18,False,False
Harbour Inn,HI-11964,201,Loft Suite,2026-08-29,2026-08-21,Booking.com,338.14,False,False
Harbour Inn,HI-11964,201,Loft Suite,2026-08-30,2026-08-21,Booking.com,338.14,False,False
Harbour Inn,HI-11909,201,Loft Suite,2026-08-14,2026-08-11,Booking.com,454.07,False,False
Harbour Inn,HI-11909,201,Loft Suite,2026-08-15,2026-08-11,Booking.com,454.07,False,False
Harbour Inn,HI-11909,201,Loft Suite,2026-08-16,2026-08-11,Booking.com,454.07,False,False
Harbour Inn,HI-11783,105,Garden Queen,2026-07-12,2026-07-04,Direct,144.75,False,False
Harbour Inn,HI-11783,105,Garden Queen,2026-07-13,2026-07-04,Direct,144.75,False,False
Harbour Inn,HI-10783,103,Harbour View King,2025-07-15,2025-07-13,Direct,187.99,False,False
Harbour Inn,HI-10783,103,Harbour View King,2025-07-16,2025-07-13,Direct,187.99,False,False
Harbour Inn,HI-10558,201,Loft Suite,2025-05-18,2025-05-11,Booking.com,194.69,False,False
Harbour Inn,HI-10558,201,Loft Suite,2025-05-19,2025-05-11,Booking.com,194.69,False,False
Harbour Inn,HI-10558,201,Loft Suite,2025-05-20,2025-05-11,Booking.com,194.69,False,False
Harbour Inn,HI-11238,104,Garden Queen,2025-12-10,2025-09-12,Booking.com,89.06,False,False
Harbour Inn,HI-11378,104,Garden Queen,2026-02-17,2025-10-14,Booking.com,85.61,False,False
Harbour Inn,HI-11378,104,Garden Queen,2026-02-18,2025-10-14,Booking.com,85.61,False,False
Harbour Inn,HI-11378,104,Garden Queen,2026-02-19,2025-10-14,Booking.com,85.61,False,False
Harbour Inn,HI-11378,104,Garden Queen,2026-02-20,2025-10-14,Booking.com,85.61,False,False
Harbour Inn,HI-10387,106,Garden Queen,2025-03-19,2025-03-16,Airbnb,67.64,False,False
Harbour Inn,HI-10922,101,Harbour View King,2025-08-21,2025-05-13,Airbnb,229.06,False,False
Harbour Inn,HI-10922,101,Harbour View King,2025-08-22,2025-05-13,Airbnb,229.06,False,False
Harbour Inn,HI-10922,101,Harbour View King,2025-08-23,2025-05-13,Airbnb,229.06,False,False
Harbour Inn,HI-10922,101,Harbour View King,2025-08-24,2025-05-13,Airbnb,229.06,False,False
Harbour Inn,HI-12095,201,Loft Suite,2026-10-15,2026-09-04,Booking.com,179.05,False,False
Harbour Inn,HI-12095,201,Loft Suite,2026-10-16,2026-09-04,Booking.com,179.05,False,False
Harbour Inn,HI-10198,105,Garden Queen,2024-12-17,2024-06-28,Direct,67.49,False,False
Harbour Inn,HI-10198,105,Garden Queen,2024-12-18,2024-06-28,Direct,67.49,False,False
Harbour Inn,HI-10198,105,Garden Queen,2024-12-19,2024-06-28,Direct,67.49,False,False
Harbour Inn,HI-10275,102,Harbour View King,2025-01-26,2024-11-29,Booking.com,115.29,False,False
Harbour Inn,HI-10275,102,Harbour View King,2025-01-27,2024-11-29,Booking.com,115.29,False,False
Harbour Inn,HI-11356,201,Loft Suite,2026-02-06,2026-01-21,Booking.com,247.76,False,False
Harbour Inn,HI-11356,201,Loft Suite,2026-02-07,2026-01-21,Booking.com,247.76,False,False
Harbour Inn,HI-11356,201,Loft Suite,2026-02-08,2026-01-21,Booking.com,247.76,False,False
Harbour Inn,HI-10333,101,Harbour View King,2025-02-18,2025-02-14,Booking.com,78.29,False,False
Harbour Inn,HI-10333,101,Harbour View King,2025-02-19,2025-02-14,Booking.com,78.29,False,False
Harbour Inn,HI-10593,102,Harbour View King,2025-05-28,2025-05-17,Expedia,126.21,False,False
Harbour Inn,HI-10593,102,Harbour View King,2025-05-29,2025-05-17,Expedia,126.21,False,False
Harbour Inn,HI-10593,102,Harbour View King,2025-05-30,2025-05-17,Expedia,126.21,False,False
Harbour Inn,HI-10486,106,Garden Queen,2025-04-25,2025-02-06,Expedia,179.36,False,False
Harbour Inn,HI-10486,106,Garden Queen,2025-04-26,2025-02-06,Expedia,179.36,False,False
Harbour Inn,HI-10486,106,Garden Queen,2025-04-27,2025-02-06,Expedia,179.36,False,False
Harbour Inn,HI-10856,104,Garden Queen,2025-08-03,2025-06-22,Booking.com,185.7,False,False
Harbour Inn,HI-11417,104,Garden Queen,2026-03-06,2026-03-05,Airbnb,102.44,False,False
Harbour Inn,HI-10215,102,Harbour View King,2024-12-27,2024-12-17,Booking.com,169.14,False,False
Harbour Inn,HI-10215,102,Harbour View King,2024-12-28,2024-12-17,Booking.com,169.14,False,False
Harbour Inn,HI-10880,106,Garden Queen,2025-08-09,2025-07-18,Expedia,258.58,False,False
Harbour Inn,HI-10880,106,Garden Queen,2025-08-10,2025-07-18,Expedia,258.58,False,False
Harbour Inn,HI-10880,106,Garden Queen,2025-08-11,2025-07-18,Expedia,258.58,False,False
Harbour Inn,HI-10880,106,Garden Queen,2025-08-12,2025-07-18,Expedia,258.58,False,False
Harbour Inn,HI-12124,104,Garden Queen,2026-11-25,2026-05-30,Booking.com,94.21,False,False
Harbour Inn,HI-12056,201,Loft Suite,2026-09-30,2026-08-04,Expedia,167.55,False,False
Harbour Inn,HI-12056,201,Loft Suite,2026-10-01,2026-08-04,Expedia,167.55,False,False
Harbour Inn,HI-10648,103,Harbour View King,2025-06-10,2025-05-18,Airbnb,200.68,False,False
Harbour Inn,HI-10648,103,Harbour View King,2025-06-11,2025-05-18,Airbnb,200.68,False,False
Harbour Inn,HI-10648,103,Harbour View King,2025-06-12,2025-05-18,Airbnb,200.68,False,False
Harbour Inn,HI-12132,201,Loft Suite,2026-12-14,2026-06-28,Airbnb,105.6,False,False
Harbour Inn,HI-12132,201,Loft Suite,2026-12-15,2026-06-28,Airbnb,105.6,False,False
Harbour Inn,HI-12132,201,Loft Suite,2026-12-16,2026-06-28,Airbnb,105.6,False,False
Harbour Inn,HI-11070,202,Loft Suite,2025-10-02,2025-09-23,Booking.com,200.79,False,False
Harbour Inn,HI-11070,202,Loft Suite,2025-10-03,2025-09-23,Booking.com,200.79,False,False
Harbour Inn,HI-11879,106,Garden Queen,2026-08-06,2026-07-12,Booking.com,229.57,False,False
Harbour Inn,HI-11879,106,Garden Queen,2026-08-07,2026-07-12,Booking.com,229.57,False,False
Harbour Inn,HI-11879,106,Garden Queen,2026-08-08,2026-07-12,Booking.com,229.57,False,False
Harbour Inn,HI-10630,202,Loft Suite,2025-06-05,2025-05-24,Expedia,306.62,False,False
Harbour Inn,HI-10630,202,Loft Suite,2025-06-06,2025-05-24,Expedia,306.62,False,False
Harbour Inn,HI-10630,202,Loft Suite,2025-06-07,2025-05-24,Expedia,306.62,False,False
Harbour Inn,HI-11337,104,Garden Queen,2026-01-25,2026-01-16,Booking.com,93.13,False,False
Harbour Inn,HI-11337,104,Garden Queen,2026-01-26,2026-01-16,Booking.com,93.13,False,False
Harbour Inn,HI-11961,103,Harbour View King,2026-08-29,2026-07-24,Booking.com,256.89,False,False
Harbour Inn,HI-11892,103,Harbour View King,2026-08-09,2026-06-23,Booking.com,216.07,False,False
Harbour Inn,HI-11304,106,Garden Queen,2026-01-04,2026-01-03,Expedia,72.0,False,False
Harbour Inn,HI-11304,106,Garden Queen,2026-01-05,2026-01-03,Expedia,72.0,False,False
Harbour Inn,HI-11377,106,Garden Queen,2026-02-16,2026-02-15,Airbnb,66.28,False,False
Harbour Inn,HI-11219,105,Garden Queen,2025-11-29,2025-11-25,Expedia,99.59,False,False
Harbour Inn,HI-11219,105,Garden Queen,2025-11-30,2025-11-25,Expedia,99.59,False,False
Harbour Inn,HI-10640,106,Garden Queen,2025-06-07,2025-05-18,Direct,254.98,False,False
Harbour Inn,HI-10640,106,Garden Queen,2025-06-08,2025-05-18,Direct,254.98,False,False
Harbour Inn,HI-10233,103,Harbour View King,2025-01-04,2024-12-19,Direct,145.47,False,False
Harbour Inn,HI-10233,103,Harbour View King,2025-01-05,2024-12-19,Direct,145.47,False,False
Harbour Inn,HI-10233,103,Harbour View King,2025-01-06,2024-12-19,Direct,145.47,False,False
Harbour Inn,HI-12026,202,Loft Suite,2026-09-21,2026-09-18,Expedia,135.96,False,False
Harbour Inn,HI-12026,202,Loft Suite,2026-09-22,2026-09-18,Expedia,135.96,False,False
Harbour Inn,HI-12026,202,Loft Suite,2026-09-23,2026-09-18,Expedia,135.96,False,False
Harbour Inn,HI-11920,102,Harbour View King,2026-08-17,2026-08-10,Expedia,142.4,False,False
Harbour Inn,HI-11920,102,Harbour View King,2026-08-18,2026-08-10,Expedia,142.4,False,False
Harbour Inn,HI-10929,102,Harbour View King,2025-08-22,2025-04-19,Booking.com,272.68,False,False
Harbour Inn,HI-10929,102,Harbour View King,2025-08-23,2025-04-19,Booking.com,272.68,False,False
Harbour Inn,HI-10998,103,Harbour View King,2025-09-12,2025-09-07,Expedia,203.84,False,False
Harbour Inn,HI-10998,103,Harbour View King,2025-09-13,2025-09-07,Expedia,203.84,False,False
Harbour Inn,HI-10258,202,Loft Suite,2025-01-16,2025-01-07,Expedia,181.35,False,False
Harbour Inn,HI-10258,202,Loft Suite,2025-01-17,2025-01-07,Expedia,181.35,False,False
Harbour Inn,HI-10258,202,Loft Suite,2025-01-18,2025-01-07,Expedia,181.35,False,False
Harbour Inn,HI-11989,106,Garden Queen,2026-09-05,2026-08-28,Booking.com,172.52,False,False
Harbour Inn,HI-11989,106,Garden Queen,2026-09-06,2026-08-28,Booking.com,172.52,False,False
Harbour Inn,HI-12060,105,Garden Queen,2026-10-01,2026-09-24,Airbnb,150.13,False,False
Harbour Inn,HI-12060,105,Garden Queen,2026-10-02,2026-09-24,Airbnb,150.13,False,False
Harbour Inn,HI-11032,102,Harbour View King,2025-09-21,2025-05-19,Expedia,166.04,False,False
Harbour Inn,HI-10227,202,Loft Suite,2024-12-31,2024-12-03,Airbnb,108.36,False,False
Harbour Inn,HI-10227,202,Loft Suite,2025-01-01,2024-12-03,Airbnb,108.36,False,False
Harbour Inn,HI-11231,202,Loft Suite,2025-12-06,2025-07-20,Booking.com,184.55,False,False
Harbour Inn,HI-10709,103,Harbour View King,2025-06-25,2025-06-20,Airbnb,193.72,False,False
Harbour Inn,HI-10709,103,Harbour View King,2025-06-26,2025-06-20,Airbnb,193.72,False,False
Harbour Inn,HI-10532,106,Garden Queen,2025-05-10,2025-04-16,Expedia,178.54,False,False
Harbour Inn,HI-10532,106,Garden Queen,2025-05-11,2025-04-16,Expedia,178.54,False,False
Harbour Inn,HI-10532,106,Garden Queen,2025-05-12,2025-04-16,Expedia,178.54,False,False
Harbour Inn,HI-10383,105,Garden Queen,2025-03-18,2025-01-07,Booking.com,71.66,False,False
Harbour Inn,HI-10331,201,Loft Suite,2025-02-15,2025-02-11,Booking.com,159.34,False,False
Harbour Inn,HI-10331,201,Loft Suite,2025-02-16,2025-02-11,Booking.com,159.34,False,False
Harbour Inn,HI-10714,103,Harbour View King,2025-06-27,2025-06-09,Direct,340.1,False,False
Harbour Inn,HI-10714,103,Harbour View King,2025-06-28,2025-06-09,Direct,340.1,False,False
Harbour Inn,HI-11253,102,Harbour View King,2025-12-17,2025-09-09,Booking.com,77.5,False,False
Harbour Inn,HI-11253,102,Harbour View King,2025-12-18,2025-09-09,Booking.com,77.5,False,False
Harbour Inn,HI-11253,102,Harbour View King,2025-12-19,2025-09-09,Booking.com,77.5,False,False
Harbour Inn,HI-11253,102,Harbour View King,2025-12-20,2025-09-09,Booking.com,77.5,False,False
Harbour Inn,HI-11253,102,Harbour View King,2025-12-21,2025-09-09,Booking.com,77.5,False,False
Harbour Inn,HI-12094,105,Garden Queen,2026-10-15,2026-05-31,Direct,129.55,False,False
Harbour Inn,HI-12093,102,Harbour View King,2026-10-15,2026-05-06,Expedia,146.57,False,False
Harbour Inn,HI-12093,102,Harbour View King,2026-10-16,2026-05-06,Expedia,146.57,False,False
Harbour Inn,HI-12093,102,Harbour View King,2026-10-17,2026-05-06,Expedia,146.57,False,False
Harbour Inn,HI-11043,106,Garden Queen,2025-09-24,2025-08-29,Airbnb,124.39,False,False
Harbour Inn,HI-11043,106,Garden Queen,2025-09-25,2025-08-29,Airbnb,124.39,False,False
Harbour Inn,HI-11286,201,Loft Suite,2025-12-28,2025-12-14,Airbnb,140.02,False,False
Harbour Inn,HI-11286,201,Loft Suite,2025-12-29,2025-12-14,Airbnb,140.02,False,False
Harbour Inn,HI-11970,105,Garden Queen,2026-08-31,2026-06-26,Airbnb,146.01,False,False
Harbour Inn,HI-11970,105,Garden Queen,2026-09-01,2026-06-26,Airbnb,146.01,False,False
Harbour Inn,HI-11970,105,Garden Queen,2026-09-02,2026-06-26,Airbnb,146.01,False,False
Harbour Inn,HI-10552,106,Garden Queen,2025-05-16,2025-04-27,Direct,191.02,False,False
Harbour Inn,HI-10552,106,Garden Queen,2025-05-17,2025-04-27,Direct,191.02,False,False
Harbour Inn,HI-10552,106,Garden Queen,2025-05-18,2025-04-27,Direct,191.02,False,False
Harbour Inn,HI-11092,103,Harbour View King,2025-10-11,2025-09-28,Direct,234.19,False,False
Harbour Inn,HI-11092,103,Harbour View King,2025-10-12,2025-09-28,Direct,234.19,False,False
Harbour Inn,HI-11092,103,Harbour View King,2025-10-13,2025-09-28,Direct,234.19,False,False
Harbour Inn,HI-11379,105,Garden Queen,2026-02-17,2025-12-14,Booking.com,89.06,False,False
Harbour Inn,HI-11379,105,Garden Queen,2026-02-18,2025-12-14,Booking.com,89.06,False,False
Harbour Inn,HI-11379,105,Garden Queen,2026-02-19,2025-12-14,Booking.com,89.06,False,False
Harbour Inn,HI-12062,103,Harbour View King,2026-10-02,2026-09-22,Booking.com,253.92,False,False
Harbour Inn,HI-12062,103,Harbour View King,2026-10-03,2026-09-22,Booking.com,253.92,False,False
Harbour Inn,HI-12062,103,Harbour View King,2026-10-04,2026-09-22,Booking.com,253.92,False,False
Harbour Inn,HI-11997,202,Loft Suite,2026-09-09,2026-04-05,Airbnb,196.25,False,False
Harbour Inn,HI-11997,202,Loft Suite,2026-09-10,2026-04-05,Airbnb,196.25,False,False
Harbour Inn,HI-11997,202,Loft Suite,2026-09-11,2026-04-05,Airbnb,196.25,False,False
Harbour Inn,HI-12091,104,Garden Queen,2026-10-13,2026-09-17,Booking.com,80.87,False,False
Harbour Inn,HI-12091,104,Garden Queen,2026-10-14,2026-09-17,Booking.com,80.87,False,False
Harbour Inn,HI-10083,103,Harbour View King,2024-10-27,2024-10-23,Direct,145.96,False,False
Harbour Inn,HI-10083,103,Harbour View King,2024-10-28,2024-10-23,Direct,145.96,False,False
Harbour Inn,HI-10243,101,Harbour View King,2025-01-10,2025-01-10,Booking.com,151.68,False,False
Harbour Inn,HI-10243,101,Harbour View King,2025-01-11,2025-01-10,Booking.com,151.68,False,False
Harbour Inn,HI-10133,104,Garden Queen,2024-11-20,2024-11-12,Airbnb,85.3,True,False
Harbour Inn,HI-11419,101,Harbour View King,2026-03-07,2026-03-03,Airbnb,102.68,False,False
Harbour Inn,HI-10485,103,Harbour View King,2025-04-25,2025-04-17,Direct,226.25,False,False
Harbour Inn,HI-10485,103,Harbour View King,2025-04-26,2025-04-17,Direct,226.25,False,False
Harbour Inn,HI-10485,103,Harbour View King,2025-04-27,2025-04-17,Direct,226.25,False,False
Harbour Inn,HI-10245,105,Garden Queen,2025-01-11,2025-01-03,Direct,120.87,False,False
Harbour Inn,HI-10245,105,Garden Queen,2025-01-12,2025-01-03,Direct,120.87,False,False
Harbour Inn,HI-10367,202,Loft Suite,2025-03-07,2025-02-28,Booking.com,208.24,False,False
Harbour Inn,HI-10367,202,Loft Suite,2025-03-08,2025-02-28,Booking.com,208.24,False,False
Harbour Inn,HI-10367,202,Loft Suite,2025-03-09,2025-02-28,Booking.com,208.24,False,False
Harbour Inn,HI-11048,103,Harbour View King,2025-09-26,2025-09-19,Direct,259.12,False,False
Harbour Inn,HI-11048,103,Harbour View King,2025-09-27,2025-09-19,Direct,259.12,False,False
Harbour Inn,HI-11771,104,Garden Queen,2026-07-09,2026-02-05,Booking.com,181.93,False,False
Harbour Inn,HI-11771,104,Garden Queen,2026-07-10,2026-02-05,Booking.com,181.93,False,False
Harbour Inn,HI-11160,106,Garden Queen,2025-11-02,2025-10-14,Booking.com,97.29,False,False
Harbour Inn,HI-11160,106,Garden Queen,2025-11-03,2025-10-14,Booking.com,97.29,False,False
Harbour Inn,HI-11160,106,Garden Queen,2025-11-04,2025-10-14,Booking.com,97.29,False,False
Harbour Inn,HI-11608,101,Harbour View King,2026-05-25,2026-05-21,Booking.com,138.13,False,False
Harbour Inn,HI-11608,101,Harbour View King,2026-05-26,2026-05-21,Booking.com,138.13,False,False
Harbour Inn,HI-10522,101,Harbour View King,2025-05-08,2025-05-02,Booking.com,150.17,False,False
Harbour Inn,HI-10522,101,Harbour View King,2025-05-09,2025-05-02,Booking.com,150.17,False,False
Harbour Inn,HI-10522,101,Harbour View King,2025-05-10,2025-05-02,Booking.com,150.17,False,False
Harbour Inn,HI-11007,202,Loft Suite,2025-09-13,2025-08-31,Booking.com,251.79,False,False
Harbour Inn,HI-11007,202,Loft Suite,2025-09-14,2025-08-31,Booking.com,251.79,False,False
Harbour Inn,HI-11315,106,Garden Queen,2026-01-10,2025-12-30,Airbnb,155.61,False,False
Harbour Inn,HI-10582,104,Garden Queen,2025-05-25,2025-05-19,Airbnb,136.13,False,False
Harbour Inn,HI-10582,104,Garden Queen,2025-05-26,2025-05-19,Airbnb,136.13,False,False
Harbour Inn,HI-10582,104,Garden Queen,2025-05-27,2025-05-19,Airbnb,136.13,False,False
Harbour Inn,HI-12025,106,Garden Queen,2026-09-20,2026-08-28,Direct,122.79,False,False
Harbour Inn,HI-10945,101,Harbour View King,2025-08-26,2025-08-14,Expedia,192.8,False,False
Harbour Inn,HI-10945,101,Harbour View King,2025-08-27,2025-08-14,Expedia,192.8,False,False
Harbour Inn,HI-10945,101,Harbour View King,2025-08-28,2025-08-14,Expedia,192.8,False,False
Harbour Inn,HI-11481,104,Garden Queen,2026-04-12,2026-03-01,Booking.com,127.3,False,False
Harbour Inn,HI-11481,104,Garden Queen,2026-04-13,2026-03-01,Booking.com,127.3,False,False
Harbour Inn,HI-11230,103,Harbour View King,2025-12-06,2025-11-23,Direct,154.36,False,False
Harbour Inn,HI-11465,102,Harbour View King,2026-04-09,2026-03-19,Direct,171.29,False,False
Harbour Inn,HI-11465,102,Harbour View King,2026-04-10,2026-03-19,Direct,171.29,False,False
Harbour Inn,HI-11465,102,Harbour View King,2026-04-11,2026-03-19,Direct,171.29,False,False
Harbour Inn,HI-11442,201,Loft Suite,2026-03-23,2026-03-18,Booking.com,135.34,False,False
Harbour Inn,HI-11442,201,Loft Suite,2026-03-24,2026-03-18,Booking.com,135.34,False,False
Harbour Inn,HI-11442,201,Loft Suite,2026-03-25,2026-03-18,Booking.com,135.34,False,False
Harbour Inn,HI-11442,201,Loft Suite,2026-03-26,2026-03-18,Booking.com,135.34,False,False
Harbour Inn,HI-11442,201,Loft Suite,2026-03-27,2026-03-18,Booking.com,135.34,False,False
Harbour Inn,HI-11432,103,Harbour View King,2026-03-14,2026-03-14,Booking.com,126.03,False,False
Harbour Inn,HI-11432,103,Harbour View King,2026-03-15,2026-03-14,Booking.com,126.03,False,False
Harbour Inn,HI-11275,202,Loft Suite,2025-12-25,2025-12-24,Direct,131.44,False,False
Harbour Inn,HI-11275,202,Loft Suite,2025-12-26,2025-12-24,Direct,131.44,False,False
Harbour Inn,HI-10770,101,Harbour View King,2025-07-12,2025-06-18,Expedia,300.32,False,False
Harbour Inn,HI-10770,101,Harbour View King,2025-07-13,2025-06-18,Expedia,300.32,False,False
Harbour Inn,HI-11763,105,Garden Queen,2026-07-07,2026-06-30,Airbnb,156.06,False,False
Harbour Inn,HI-11763,105,Garden Queen,2026-07-08,2026-06-30,Airbnb,156.06,False,False
Harbour Inn,HI-11763,105,Garden Queen,2026-07-09,2026-06-30,Airbnb,156.06,False,False
Harbour Inn,HI-11763,105,Garden Queen,2026-07-10,2026-06-30,Airbnb,156.06,False,False
Harbour Inn,HI-10143,202,Loft Suite,2024-11-23,2024-07-04,Expedia,187.8,False,False
Harbour Inn,HI-10143,202,Loft Suite,2024-11-24,2024-07-04,Expedia,187.8,False,False
Harbour Inn,HI-10143,202,Loft Suite,2024-11-25,2024-07-04,Expedia,187.8,False,False
Harbour Inn,HI-10551,105,Garden Queen,2025-05-16,2025-04-28,Booking.com,168.71,False,False
Harbour Inn,HI-10551,105,Garden Queen,2025-05-17,2025-04-28,Booking.com,168.71,False,False
Harbour Inn,HI-10551,105,Garden Queen,2025-05-18,2025-04-28,Booking.com,168.71,False,False
Harbour Inn,HI-10551,105,Garden Queen,2025-05-19,2025-04-28,Booking.com,168.71,False,False
Harbour Inn,HI-10551,105,Garden Queen,2025-05-20,2025-04-28,Booking.com,168.71,False,False
Harbour Inn,HI-11062,105,Garden Queen,2025-09-30,2025-04-05,Booking.com,125.1,False,False
Harbour Inn,HI-11062,105,Garden Queen,2025-10-01,2025-04-05,Booking.com,125.1,False,False
Harbour Inn,HI-11062,105,Garden Queen,2025-10-02,2025-04-05,Booking.com,125.1,False,False
Harbour Inn,HI-11062,105,Garden Queen,2025-10-03,2025-04-05,Booking.com,125.1,False,False
Harbour Inn,HI-11062,105,Garden Queen,2025-10-04,2025-04-05,Booking.com,125.1,False,False
Harbour Inn,HI-10338,101,Harbour View King,2025-02-20,2025-02-19,Airbnb,104.97,False,False
Harbour Inn,HI-10338,101,Harbour View King,2025-02-21,2025-02-19,Airbnb,104.97,False,False
Harbour Inn,HI-10338,101,Harbour View King,2025-02-22,2025-02-19,Airbnb,104.97,False,False
Harbour Inn,HI-10483,105,Garden Queen,2025-04-24,2025-04-14,Booking.com,151.9,False,False
Harbour Inn,HI-10483,105,Garden Queen,2025-04-25,2025-04-14,Booking.com,151.9,False,False
Harbour Inn,HI-10483,105,Garden Queen,2025-04-26,2025-04-14,Booking.com,151.9,False,False
Harbour Inn,HI-10708,104,Garden Queen,2025-06-24,2025-05-27,Expedia,180.82,False,False
Harbour Inn,HI-11627,106,Garden Queen,2026-05-30,2026-05-26,Expedia,141.78,False,False
Harbour Inn,HI-11627,106,Garden Queen,2026-05-31,2026-05-26,Expedia,141.78,False,False
Harbour Inn,HI-10740,101,Harbour View King,2025-07-05,2025-02-11,Booking.com,312.97,False,False
Harbour Inn,HI-10740,101,Harbour View King,2025-07-06,2025-02-11,Booking.com,312.97,False,False
Harbour Inn,HI-10740,101,Harbour View King,2025-07-07,2025-02-11,Booking.com,312.97,False,False
Harbour Inn,HI-11584,101,Harbour View King,2026-05-18,2026-05-08,Booking.com,143.31,False,False
Harbour Inn,HI-11584,101,Harbour View King,2026-05-19,2026-05-08,Booking.com,143.31,False,False
Harbour Inn,HI-11584,101,Harbour View King,2026-05-20,2026-05-08,Booking.com,143.31,False,False
Harbour Inn,HI-11584,101,Harbour View King,2026-05-21,2026-05-08,Booking.com,143.31,False,False
Harbour Inn,HI-10938,201,Loft Suite,2025-08-23,2025-07-28,Direct,312.4,False,False
Harbour Inn,HI-10938,201,Loft Suite,2025-08-24,2025-07-28,Direct,312.4,False,False
Harbour Inn,HI-10875,201,Loft Suite,2025-08-08,2025-07-31,Expedia,349.71,False,False
Harbour Inn,HI-10875,201,Loft Suite,2025-08-09,2025-07-31,Expedia,349.71,False,False
Harbour Inn,HI-10875,201,Loft Suite,2025-08-10,2025-07-31,Expedia,349.71,False,False
Harbour Inn,HI-10877,101,Harbour View King,2025-08-09,2025-07-19,Expedia,305.67,False,False
Harbour Inn,HI-10877,101,Harbour View King,2025-08-10,2025-07-19,Expedia,305.67,False,False
Harbour Inn,HI-10877,101,Harbour View King,2025-08-11,2025-07-19,Expedia,305.67,False,False
Harbour Inn,HI-10877,101,Harbour View King,2025-08-12,2025-07-19,Expedia,305.67,False,False
Harbour Inn,HI-10877,101,Harbour View King,2025-08-13,2025-07-19,Expedia,305.67,False,False
Harbour Inn,HI-11311,103,Harbour View King,2026-01-08,2025-12-21,Direct,129.8,False,False
Harbour Inn,HI-11311,103,Harbour View King,2026-01-09,2025-12-21,Direct,129.8,False,False
Harbour Inn,HI-11450,106,Garden Queen,2026-04-01,2025-12-20,Direct,120.49,False,False
Harbour Inn,HI-11450,106,Garden Queen,2026-04-02,2025-12-20,Direct,120.49,False,False
Harbour Inn,HI-11737,201,Loft Suite,2026-06-29,2026-04-09,Direct,247.45,False,False
Harbour Inn,HI-10754,101,Harbour View King,2025-07-08,2025-06-13,Booking.com,194.98,False,False
Harbour Inn,HI-10754,101,Harbour View King,2025-07-09,2025-06-13,Booking.com,194.98,False,False
Harbour Inn,HI-10754,101,Harbour View King,2025-07-10,2025-06-13,Booking.com,194.98,False,False
Harbour Inn,HI-10754,101,Harbour View King,2025-07-11,2025-06-13,Booking.com,194.98,False,False
Harbour Inn,HI-11578,201,Loft Suite,2026-05-15,2026-05-05,Booking.com,258.71,False,False
Harbour Inn,HI-11578,201,Loft Suite,2026-05-16,2026-05-05,Booking.com,258.71,False,False
Harbour Inn,HI-10077,201,Loft Suite,2024-10-25,2024-10-15,Airbnb,309.8,False,False
Harbour Inn,HI-10077,201,Loft Suite,2024-10-26,2024-10-15,Airbnb,309.8,False,False
Harbour Inn,HI-11583,202,Loft Suite,2026-05-17,2026-05-17,Booking.com,198.04,False,False
Harbour Inn,HI-11211,102,Harbour View King,2025-11-26,2025-11-24,Airbnb,93.29,False,False
Harbour Inn,HI-11211,102,Harbour View King,2025-11-27,2025-11-24,Airbnb,93.29,False,False
Harbour Inn,HI-11211,102,Harbour View King,2025-11-28,2025-11-24,Airbnb,93.29,False,False
Harbour Inn,HI-10240,104,Garden Queen,2025-01-07,2025-01-04,Booking.com,65.48,False,False
Harbour Inn,HI-10240,104,Garden Queen,2025-01-08,2025-01-04,Booking.com,65.48,False,False
Harbour Inn,HI-10442,103,Harbour View King,2025-04-11,2025-03-17,Direct,208.8,False,False
Harbour Inn,HI-10442,103,Harbour View King,2025-04-12,2025-03-17,Direct,208.8,False,False
Harbour Inn,HI-10442,103,Harbour View King,2025-04-13,2025-03-17,Direct,208.8,False,False
Harbour Inn,HI-10178,105,Garden Queen,2024-12-10,2024-12-03,Expedia,81.37,False,False
Harbour Inn,HI-10178,105,Garden Queen,2024-12-11,2024-12-03,Expedia,81.37,False,False
Harbour Inn,HI-10178,105,Garden Queen,2024-12-12,2024-12-03,Expedia,81.37,False,False
Harbour Inn,HI-10679,103,Harbour View King,2025-06-17,2025-04-24,Airbnb,190.59,False,False
Harbour Inn,HI-10679,103,Harbour View King,2025-06-18,2025-04-24,Airbnb,190.59,False,False
Harbour Inn,HI-10679,103,Harbour View King,2025-06-19,2025-04-24,Airbnb,190.59,False,False
Harbour Inn,HI-10810,102,Harbour View King,2025-07-22,2025-05-17,Direct,191.55,False,False
Harbour Inn,HI-10810,102,Harbour View King,2025-07-23,2025-05-17,Direct,191.55,False,False
Harbour Inn,HI-10810,102,Harbour View King,2025-07-24,2025-05-17,Direct,191.55,False,False
Harbour Inn,HI-10369,106,Garden Queen,2025-03-08,2025-03-04,Direct,104.35,False,False
Harbour Inn,HI-10369,106,Garden Queen,2025-03-09,2025-03-04,Direct,104.35,False,False
Harbour Inn,HI-10369,106,Garden Queen,2025-03-10,2025-03-04,Direct,104.35,False,False
Harbour Inn,HI-11815,104,Garden Queen,2026-07-20,2026-02-22,Booking.com,157.95,False,False
Harbour Inn,HI-11815,104,Garden Queen,2026-07-21,2026-02-22,Booking.com,157.95,False,False
Harbour Inn,HI-10853,202,Loft Suite,2025-08-02,2025-07-29,Direct,342.46,False,False
Harbour Inn,HI-11053,102,Harbour View King,2025-09-27,2025-09-23,Booking.com,179.17,False,False
Harbour Inn,HI-10624,104,Garden Queen,2025-06-04,2025-04-20,Airbnb,193.62,False,False
Harbour Inn,HI-10624,104,Garden Queen,2025-06-05,2025-04-20,Airbnb,193.62,False,False
Harbour Inn,HI-10624,104,Garden Queen,2025-06-06,2025-04-20,Airbnb,193.62,False,False
Harbour Inn,HI-11446,202,Loft Suite,2026-03-28,2026-03-26,Booking.com,175.41,False,False
Harbour Inn,HI-11446,202,Loft Suite,2026-03-29,2026-03-26,Booking.com,175.41,False,False
Harbour Inn,HI-11418,106,Garden Queen,2026-03-06,2025-11-07,Booking.com,149.0,False,False
Harbour Inn,HI-11418,106,Garden Queen,2026-03-07,2025-11-07,Booking.com,149.0,False,False
Harbour Inn,HI-11418,106,Garden Queen,2026-03-08,2025-11-07,Booking.com,149.0,False,False
Harbour Inn,HI-11664,202,Loft Suite,2026-06-10,2026-05-05,Booking.com,237.45,False,False
Harbour Inn,HI-12123,101,Harbour View King,2026-11-18,2026-08-16,Booking.com,101.82,False,False
Harbour Inn,HI-10912,201,Loft Suite,2025-08-17,2025-07-24,Booking.com,239.88,False,False
Harbour Inn,HI-10912,201,Loft Suite,2025-08-18,2025-07-24,Booking.com,239.88,False,False
Harbour Inn,HI-10704,102,Harbour View King,2025-06-23,2025-06-04,Booking.com,178.67,False,False
Harbour Inn,HI-10704,102,Harbour View King,2025-06-24,2025-06-04,Booking.com,178.67,False,False
Harbour Inn,HI-10177,104,Garden Queen,2024-12-10,2024-10-01,Booking.com,95.72,False,False
Harbour Inn,HI-10730,202,Loft Suite,2025-07-01,2025-03-13,Direct,225.44,False,False
Harbour Inn,HI-10730,202,Loft Suite,2025-07-02,2025-03-13,Direct,225.44,False,False
Harbour Inn,HI-10730,202,Loft Suite,2025-07-03,2025-03-13,Direct,225.44,False,False
Harbour Inn,HI-10491,202,Loft Suite,2025-04-26,2025-02-07,Booking.com,270.21,False,False
Harbour Inn,HI-10491,202,Loft Suite,2025-04-27,2025-02-07,Booking.com,270.21,False,False
Harbour Inn,HI-10272,106,Garden Queen,2025-01-24,2025-01-12,Booking.com,135.95,False,False
Harbour Inn,HI-10272,106,Garden Queen,2025-01-25,2025-01-12,Booking.com,135.95,False,False
Harbour Inn,HI-10272,106,Garden Queen,2025-01-26,2025-01-12,Booking.com,135.95,False,False
Harbour Inn,HI-11525,103,Harbour View King,2026-04-28,2025-11-09,Booking.com,141.86,False,False
Harbour Inn,HI-11525,103,Harbour View King,2026-04-29,2025-11-09,Booking.com,141.86,False,False
Harbour Inn,HI-11846,105,Garden Queen,2026-07-29,2026-07-12,Direct,171.54,False,False
Harbour Inn,HI-11846,105,Garden Queen,2026-07-30,2026-07-12,Direct,171.54,False,False
Harbour Inn,HI-11846,105,Garden Queen,2026-07-31,2026-07-12,Direct,171.54,False,False
Harbour Inn,HI-10545,201,Loft Suite,2025-05-14,2025-05-06,Booking.com,164.67,False,False
Harbour Inn,HI-10545,201,Loft Suite,2025-05-15,2025-05-06,Booking.com,164.67,False,False
Harbour Inn,HI-11197,202,Loft Suite,2025-11-19,2025-09-28,Airbnb,130.5,False,False
Harbour Inn,HI-11530,104,Garden Queen,2026-04-29,2026-02-26,Direct,112.95,False,False
Harbour Inn,HI-11530,104,Garden Queen,2026-04-30,2026-02-26,Direct,112.95,False,False
Harbour Inn,HI-11530,104,Garden Queen,2026-05-01,2026-02-26,Direct,112.95,False,False
Harbour Inn,HI-11268,103,Harbour View King,2025-12-22,2025-10-24,Direct,107.54,False,False
Harbour Inn,HI-11268,103,Harbour View King,2025-12-23,2025-10-24,Direct,107.54,False,False
Harbour Inn,HI-11061,104,Garden Queen,2025-09-30,2025-09-24,Direct,93.13,False,False
Harbour Inn,HI-11061,104,Garden Queen,2025-10-01,2025-09-24,Direct,93.13,False,False
Harbour Inn,HI-10207,201,Loft Suite,2024-12-21,2024-12-13,Booking.com,205.21,False,False
Harbour Inn,HI-11910,202,Loft Suite,2026-08-14,2026-06-21,Booking.com,358.83,False,False
Harbour Inn,HI-11910,202,Loft Suite,2026-08-15,2026-06-21,Booking.com,358.83,False,False
Harbour Inn,HI-10955,102,Harbour View King,2025-08-29,2025-08-25,Airbnb,355.91,False,False
Harbour Inn,HI-10955,102,Harbour View King,2025-08-30,2025-08-25,Airbnb,355.91,False,False
Harbour Inn,HI-10955,102,Harbour View King,2025-08-31,2025-08-25,Airbnb,355.91,False,False
Harbour Inn,HI-10955,102,Harbour View King,2025-09-01,2025-08-25,Airbnb,355.91,False,False
Harbour Inn,HI-10955,102,Harbour View King,2025-09-02,2025-08-25,Airbnb,355.91,False,False
Harbour Inn,HI-11282,104,Garden Queen,2025-12-27,2025-12-22,Airbnb,131.06,False,False
Harbour Inn,HI-11282,104,Garden Queen,2025-12-28,2025-12-22,Airbnb,131.06,False,False
Harbour Inn,HI-11282,104,Garden Queen,2025-12-29,2025-12-22,Airbnb,131.06,False,False
Harbour Inn,HI-11387,201,Loft Suite,2026-02-20,2026-02-18,Direct,168.56,False,False
Harbour Inn,HI-11387,201,Loft Suite,2026-02-21,2026-02-18,Direct,168.56,False,False
Harbour Inn,HI-11387,201,Loft Suite,2026-02-22,2026-02-18,Direct,168.56,False,False
Harbour Inn,HI-11445,105,Garden Queen,2026-03-28,2026-03-24,Booking.com,115.39,False,False
Harbour Inn,HI-11445,105,Garden Queen,2026-03-29,2026-03-24,Booking.com,115.39,False,False
Harbour Inn,HI-11445,105,Garden Queen,2026-03-30,2026-03-24,Booking.com,115.39,False,False
Harbour Inn,HI-11445,105,Garden Queen,2026-03-31,2026-03-24,Booking.com,115.39,False,False
Harbour Inn,HI-11445,105,Garden Queen,2026-04-01,2026-03-24,Booking.com,115.39,False,False
Harbour Inn,HI-11502,202,Loft Suite,2026-04-19,2026-04-02,Direct,177.02,False,False
Harbour Inn,HI-11502,202,Loft Suite,2026-04-20,2026-04-02,Direct,177.02,False,False
Harbour Inn,HI-11642,202,Loft Suite,2026-06-03,2026-02-28,Direct,225.05,False,False
Harbour Inn,HI-11642,202,Loft Suite,2026-06-04,2026-02-28,Direct,225.05,False,False
Harbour Inn,HI-11642,202,Loft Suite,2026-06-05,2026-02-28,Direct,225.05,False,False
Harbour Inn,HI-10780,103,Harbour View King,2025-07-14,2025-06-28,Booking.com,189.94,False,False
Harbour Inn,HI-10327,103,Harbour View King,2025-02-14,2025-02-07,Direct,170.98,False,False
Harbour Inn,HI-10327,103,Harbour View King,2025-02-15,2025-02-07,Direct,170.98,False,False
Harbour Inn,HI-10327,103,Harbour View King,2025-02-16,2025-02-07,Direct,170.98,False,False
Harbour Inn,HI-10327,103,Harbour View King,2025-02-17,2025-02-07,Direct,170.98,False,False
Harbour Inn,HI-10893,103,Harbour View King,2025-08-14,2025-04-20,Booking.com,239.41,False,False
Harbour Inn,HI-10893,103,Harbour View King,2025-08-15,2025-04-20,Booking.com,239.41,False,False
Harbour Inn,HI-12103,102,Harbour View King,2026-10-21,2026-09-17,Direct,136.28,False,False
Harbour Inn,HI-12103,102,Harbour View King,2026-10-22,2026-09-17,Direct,136.28,False,False
Harbour Inn,HI-12078,201,Loft Suite,2026-10-07,2026-09-27,Direct,154.58,False,False
Harbour Inn,HI-12078,201,Loft Suite,2026-10-08,2026-09-27,Direct,154.58,False,False
Harbour Inn,HI-12078,201,Loft Suite,2026-10-09,2026-09-27,Direct,154.58,False,False
Harbour Inn,HI-12078,201,Loft Suite,2026-10-10,2026-09-27,Direct,154.58,False,False
Harbour Inn,HI-11113,104,Garden Queen,2025-10-17,2025-08-03,Airbnb,187.93,False,False
Harbour Inn,HI-11113,104,Garden Queen,2025-10-18,2025-08-03,Airbnb,187.93,False,False
Harbour Inn,HI-11349,201,Loft Suite,2026-02-03,2026-01-28,Expedia,110.72,False,False
Harbour Inn,HI-11349,201,Loft Suite,2026-02-04,2026-01-28,Expedia,110.72,False,False
Harbour Inn,HI-11349,201,Loft Suite,2026-02-05,2026-01-28,Expedia,110.72,False,False
Harbour Inn,HI-11705,101,Harbour View King,2026-06-21,2026-06-08,Airbnb,225.03,False,False
Harbour Inn,HI-11705,101,Harbour View King,2026-06-22,2026-06-08,Airbnb,225.03,False,False
Harbour Inn,HI-11705,101,Harbour View King,2026-06-23,2026-06-08,Airbnb,225.03,False,False
Harbour Inn,HI-11871,106,Garden Queen,2026-08-04,2026-06-21,Expedia,132.3,False,False
Harbour Inn,HI-11871,106,Garden Queen,2026-08-05,2026-06-21,Expedia,132.3,False,False
Harbour Inn,HI-10838,201,Loft Suite,2025-07-30,2025-03-30,Booking.com,258.8,False,False
Harbour Inn,HI-10838,201,Loft Suite,2025-07-31,2025-03-30,Booking.com,258.8,False,False
Harbour Inn,HI-11921,104,Garden Queen,2026-08-17,2026-07-09,Direct,184.29,False,False
Harbour Inn,HI-11921,104,Garden Queen,2026-08-18,2026-07-09,Direct,184.29,False,False
Harbour Inn,HI-10311,102,Harbour View King,2025-02-09,2025-02-07,Booking.com,94.15,False,False
Harbour Inn,HI-10311,102,Harbour View King,2025-02-10,2025-02-07,Booking.com,94.15,False,False
Harbour Inn,HI-10311,102,Harbour View King,2025-02-11,2025-02-07,Booking.com,94.15,False,False
Harbour Inn,HI-10311,102,Harbour View King,2025-02-12,2025-02-07,Booking.com,94.15,False,False
Harbour Inn,HI-10563,102,Harbour View King,2025-05-20,2025-05-15,Booking.com,115.25,False,False
Harbour Inn,HI-10563,102,Harbour View King,2025-05-21,2025-05-15,Booking.com,115.25,False,False
Harbour Inn,HI-11672,106,Garden Queen,2026-06-12,2025-12-26,Expedia,222.08,False,False
Harbour Inn,HI-11672,106,Garden Queen,2026-06-13,2025-12-26,Expedia,222.08,False,False
Harbour Inn,HI-11359,105,Garden Queen,2026-02-09,2026-02-05,Booking.com,58.95,False,False
Harbour Inn,HI-11359,105,Garden Queen,2026-02-10,2026-02-05,Booking.com,58.95,False,False
Harbour Inn,HI-11821,104,Garden Queen,2026-07-22,2026-07-18,Booking.com,154.18,False,False
Harbour Inn,HI-11821,104,Garden Queen,2026-07-23,2026-07-18,Booking.com,154.18,False,False
Harbour Inn,HI-11821,104,Garden Queen,2026-07-24,2026-07-18,Booking.com,154.18,False,False
Harbour Inn,HI-10033,102,Harbour View King,2024-10-10,2024-10-06,Booking.com,180.74,False,False
Harbour Inn,HI-10033,102,Harbour View King,2024-10-11,2024-10-06,Booking.com,180.74,False,False
Harbour Inn,HI-10447,105,Garden Queen,2025-04-12,2025-03-26,Booking.com,222.14,False,False
Harbour Inn,HI-10447,105,Garden Queen,2025-04-13,2025-03-26,Booking.com,222.14,False,False
Harbour Inn,HI-10012,102,Harbour View King,2024-10-04,2024-09-29,Expedia,215.61,False,False
Harbour Inn,HI-10012,102,Harbour View King,2024-10-05,2024-09-29,Expedia,215.61,False,False
Harbour Inn,HI-10012,102,Harbour View King,2024-10-06,2024-09-29,Expedia,215.61,False,False
Harbour Inn,HI-10012,102,Harbour View King,2024-10-07,2024-09-29,Expedia,215.61,False,False
Harbour Inn,HI-10012,102,Harbour View King,2024-10-08,2024-09-29,Expedia,215.61,False,False
Harbour Inn,HI-11982,105,Garden Queen,2026-09-03,2026-08-17,Airbnb,149.4,False,False
Harbour Inn,HI-11982,105,Garden Queen,2026-09-04,2026-08-17,Airbnb,149.4,False,False
Harbour Inn,HI-11982,105,Garden Queen,2026-09-05,2026-08-17,Airbnb,149.4,False,False
Harbour Inn,HI-11982,105,Garden Queen,2026-09-06,2026-08-17,Airbnb,149.4,False,False
Harbour Inn,HI-11982,105,Garden Queen,2026-09-07,2026-08-17,Airbnb,149.4,False,False
Harbour Inn,HI-10195,106,Garden Queen,2024-12-16,2024-12-16,Booking.com,59.01,False,False
Harbour Inn,HI-10195,106,Garden Queen,2024-12-17,2024-12-16,Booking.com,59.01,False,False
Harbour Inn,HI-10229,106,Garden Queen,2025-01-01,2024-07-14,Booking.com,94.67,False,False
Harbour Inn,HI-10229,106,Garden Queen,2025-01-02,2024-07-14,Booking.com,94.67,False,False
Harbour Inn,HI-10229,106,Garden Queen,2025-01-03,2024-07-14,Booking.com,94.67,False,False
Harbour Inn,HI-10898,104,Garden Queen,2025-08-15,2025-07-19,Expedia,269.45,False,False
Harbour Inn,HI-10898,104,Garden Queen,2025-08-16,2025-07-19,Expedia,269.45,False,False
Harbour Inn,HI-10898,104,Garden Queen,2025-08-17,2025-07-19,Expedia,269.45,False,False
Harbour Inn,HI-11896,102,Harbour View King,2026-08-11,2026-05-09,Airbnb,201.75,False,False
Harbour Inn,HI-10147,106,Garden Queen,2024-11-25,2024-11-19,Expedia,92.54,False,False
Harbour Inn,HI-10147,106,Garden Queen,2024-11-26,2024-11-19,Expedia,92.54,False,False
Harbour Inn,HI-10147,106,Garden Queen,2024-11-27,2024-11-19,Expedia,92.54,False,False
Harbour Inn,HI-10147,106,Garden Queen,2024-11-28,2024-11-19,Expedia,92.54,False,False
Harbour Inn,HI-10147,106,Garden Queen,2024-11-29,2024-11-19,Expedia,92.54,False,False
Harbour Inn,HI-11692,202,Loft Suite,2026-06-17,2025-12-20,Airbnb,248.73,False,False
Harbour Inn,HI-11692,202,Loft Suite,2026-06-18,2025-12-20,Airbnb,248.73,False,False
Harbour Inn,HI-10162,101,Harbour View King,2024-12-02,2024-09-22,Expedia,95.16,False,False
Harbour Inn,HI-11594,102,Harbour View King,2026-05-21,2026-05-07,Booking.com,175.89,True,False
Harbour Inn,HI-11594,102,Harbour View King,2026-05-22,2026-05-07,Booking.com,175.89,True,False
Harbour Inn,HI-10953,201,Loft Suite,2025-08-28,2025-07-31,Airbnb,286.97,False,False
Harbour Inn,HI-10953,201,Loft Suite,2025-08-29,2025-07-31,Airbnb,286.97,False,False
Harbour Inn,HI-10169,104,Garden Queen,2024-12-06,2024-12-05,Direct,110.84,False,False
Harbour Inn,HI-10169,104,Garden Queen,2024-12-07,2024-12-05,Direct,110.84,False,False
Harbour Inn,HI-10169,104,Garden Queen,2024-12-08,2024-12-05,Direct,110.84,False,False
Harbour Inn,HI-11252,202,Loft Suite,2025-12-16,2025-07-01,Direct,99.3,False,False
Harbour Inn,HI-11252,202,Loft Suite,2025-12-17,2025-07-01,Direct,99.3,False,False
Harbour Inn,HI-11252,202,Loft Suite,2025-12-18,2025-07-01,Direct,99.3,False,False
Harbour Inn,HI-11600,106,Garden Queen,2026-05-22,2026-05-15,Booking.com,200.88,False,False
Harbour Inn,HI-11600,106,Garden Queen,2026-05-23,2026-05-15,Booking.com,200.88,False,False
Harbour Inn,HI-10638,104,Garden Queen,2025-06-07,2025-05-09,Booking.com,252.62,False,False
Harbour Inn,HI-10638,104,Garden Queen,2025-06-08,2025-05-09,Booking.com,252.62,False,False
Harbour Inn,HI-10917,202,Loft Suite,2025-08-18,2025-06-19,Expedia,236.42,False,False
Harbour Inn,HI-10917,202,Loft Suite,2025-08-19,2025-06-19,Expedia,236.42,False,False
Harbour Inn,HI-10848,105,Garden Queen,2025-08-01,2025-07-21,Airbnb,238.54,False,False
Harbour Inn,HI-10848,105,Garden Queen,2025-08-02,2025-07-21,Airbnb,238.54,False,False
Harbour Inn,HI-11165,201,Loft Suite,2025-11-06,2025-06-20,Booking.com,154.17,False,False
Harbour Inn,HI-11165,201,Loft Suite,2025-11-07,2025-06-20,Booking.com,154.17,False,False
Harbour Inn,HI-11165,201,Loft Suite,2025-11-08,2025-06-20,Booking.com,154.17,False,False
Harbour Inn,HI-10701,104,Garden Queen,2025-06-22,2025-06-16,Airbnb,155.21,False,False
Harbour Inn,HI-12024,202,Loft Suite,2026-09-19,2026-09-03,Booking.com,247.19,False,False
Harbour Inn,HI-10307,105,Garden Queen,2025-02-08,2025-02-01,Expedia,127.33,False,False
Harbour Inn,HI-11810,106,Garden Queen,2026-07-19,2026-06-01,Booking.com,187.82,False,False
Harbour Inn,HI-11810,106,Garden Queen,2026-07-20,2026-06-01,Booking.com,187.82,False,False
Harbour Inn,HI-11810,106,Garden Queen,2026-07-21,2026-06-01,Booking.com,187.82,False,False
Harbour Inn,HI-11810,106,Garden Queen,2026-07-22,2026-06-01,Booking.com,187.82,False,False
Harbour Inn,HI-11259,105,Garden Queen,2025-12-19,2025-12-08,Airbnb,141.76,False,False
Harbour Inn,HI-11259,105,Garden Queen,2025-12-20,2025-12-08,Airbnb,141.76,False,False
Harbour Inn,HI-11259,105,Garden Queen,2025-12-21,2025-12-08,Airbnb,141.76,False,False
Harbour Inn,HI-10666,103,Harbour View King,2025-06-14,2025-06-08,Airbnb,328.16,False,False
Harbour Inn,HI-10666,103,Harbour View King,2025-06-15,2025-06-08,Airbnb,328.16,False,False
Harbour Inn,HI-11376,101,Harbour View King,2026-02-16,2026-01-31,Expedia,90.35,False,False
Harbour Inn,HI-11376,101,Harbour View King,2026-02-17,2026-01-31,Expedia,90.35,False,False
Harbour Inn,HI-11376,101,Harbour View King,2026-02-18,2026-01-31,Expedia,90.35,False,False
Harbour Inn,HI-11376,101,Harbour View King,2026-02-19,2026-01-31,Expedia,90.35,False,False
Harbour Inn,HI-11376,101,Harbour View King,2026-02-20,2026-01-31,Expedia,90.35,False,False
Harbour Inn,HI-11488,106,Garden Queen,2026-04-14,2026-04-07,Booking.com,112.35,False,False
Harbour Inn,HI-11488,106,Garden Queen,2026-04-15,2026-04-07,Booking.com,112.35,False,False
Harbour Inn,HI-10454,201,Loft Suite,2025-04-14,2025-04-08,Direct,173.54,False,False
Harbour Inn,HI-10454,201,Loft Suite,2025-04-15,2025-04-08,Direct,173.54,False,False
Harbour Inn,HI-10420,105,Garden Queen,2025-04-04,2025-01-21,Booking.com,196.47,False,False
Harbour Inn,HI-10420,105,Garden Queen,2025-04-05,2025-01-21,Booking.com,196.47,False,False
Harbour Inn,HI-10420,105,Garden Queen,2025-04-06,2025-01-21,Booking.com,196.47,False,False
Harbour Inn,HI-10724,105,Garden Queen,2025-06-30,2025-04-09,Booking.com,170.19,False,False
Harbour Inn,HI-10724,105,Garden Queen,2025-07-01,2025-04-09,Booking.com,170.19,False,False
Harbour Inn,HI-10724,105,Garden Queen,2025-07-02,2025-04-09,Booking.com,170.19,False,False
Harbour Inn,HI-10027,101,Harbour View King,2024-10-08,2024-08-17,Expedia,128.59,False,False
Harbour Inn,HI-10434,102,Harbour View King,2025-04-09,2025-03-25,Airbnb,124.28,False,False
Harbour Inn,HI-10434,102,Harbour View King,2025-04-10,2025-03-25,Airbnb,124.28,False,False
Harbour Inn,HI-10434,102,Harbour View King,2025-04-11,2025-03-25,Airbnb,124.28,False,False
Harbour Inn,HI-10089,201,Loft Suite,2024-10-28,2024-10-07,Expedia,169.8,False,False
Harbour Inn,HI-11568,202,Loft Suite,2026-05-13,2026-04-23,Direct,189.55,False,False
Harbour Inn,HI-11568,202,Loft Suite,2026-05-14,2026-04-23,Direct,189.55,False,False
Harbour Inn,HI-11568,202,Loft Suite,2026-05-15,2026-04-23,Direct,189.55,False,False
Harbour Inn,HI-10870,101,Harbour View King,2025-08-07,2025-06-27,Booking.com,211.9,False,False
Harbour Inn,HI-10870,101,Harbour View King,2025-08-08,2025-06-27,Booking.com,211.9,False,False
Harbour Inn,HI-10845,202,Loft Suite,2025-07-31,2025-06-04,Booking.com,291.14,False,False
Harbour Inn,HI-10845,202,Loft Suite,2025-08-01,2025-06-04,Booking.com,291.14,False,False
Harbour Inn,HI-10973,201,Loft Suite,2025-09-02,2025-08-17,Direct,154.08,False,False
Harbour Inn,HI-10973,201,Loft Suite,2025-09-03,2025-08-17,Direct,154.08,False,False
Harbour Inn,HI-10973,201,Loft Suite,2025-09-04,2025-08-17,Direct,154.08,False,False
Harbour Inn,HI-12044,102,Harbour View King,2026-09-27,2026-05-29,Airbnb,158.98,False,False
Harbour Inn,HI-12044,102,Harbour View King,2026-09-28,2026-05-29,Airbnb,158.98,False,False
Harbour Inn,HI-12044,102,Harbour View King,2026-09-29,2026-05-29,Airbnb,158.98,False,False
Harbour Inn,HI-12035,101,Harbour View King,2026-09-24,2026-09-22,Booking.com,140.05,False,False
Harbour Inn,HI-11647,106,Garden Queen,2026-06-05,2026-05-22,Direct,290.29,False,False
Harbour Inn,HI-11928,202,Loft Suite,2026-08-19,2026-07-26,Booking.com,217.04,False,False
Harbour Inn,HI-11928,202,Loft Suite,2026-08-20,2026-07-26,Booking.com,217.04,False,False
Harbour Inn,HI-11928,202,Loft Suite,2026-08-21,2026-07-26,Booking.com,217.04,False,False
Harbour Inn,HI-10103,104,Garden Queen,2024-11-03,2024-10-30,Airbnb,72.48,False,False
Harbour Inn,HI-10103,104,Garden Queen,2024-11-04,2024-10-30,Airbnb,72.48,False,False
Harbour Inn,HI-10103,104,Garden Queen,2024-11-05,2024-10-30,Airbnb,72.48,False,False
Harbour Inn,HI-10103,104,Garden Queen,2024-11-06,2024-10-30,Airbnb,72.48,False,False
Harbour Inn,HI-10767,105,Garden Queen,2025-07-11,2025-07-07,Direct,249.91,False,False
Harbour Inn,HI-10767,105,Garden Queen,2025-07-12,2025-07-07,Direct,249.91,False,False
Harbour Inn,HI-11903,106,Garden Queen,2026-08-13,2026-08-02,Airbnb,192.98,False,False
Harbour Inn,HI-12120,106,Garden Queen,2026-11-06,2026-08-03,Booking.com,124.05,False,False
Harbour Inn,HI-12120,106,Garden Queen,2026-11-07,2026-08-03,Booking.com,124.05,False,False
Harbour Inn,HI-12120,106,Garden Queen,2026-11-08,2026-08-03,Booking.com,124.05,False,False
Harbour Inn,HI-11898,201,Loft Suite,2026-08-11,2026-07-27,Booking.com,214.03,False,False
Harbour Inn,HI-11898,201,Loft Suite,2026-08-12,2026-07-27,Booking.com,214.03,False,False
Harbour Inn,HI-11784,201,Loft Suite,2026-07-12,2026-02-24,Airbnb,242.45,False,False
Harbour Inn,HI-11784,201,Loft Suite,2026-07-13,2026-02-24,Airbnb,242.45,False,False
Harbour Inn,HI-11784,201,Loft Suite,2026-07-14,2026-02-24,Airbnb,242.45,False,False
Harbour Inn,HI-10699,101,Harbour View King,2025-06-22,2025-02-16,Airbnb,212.38,False,False
Harbour Inn,HI-10699,101,Harbour View King,2025-06-23,2025-02-16,Airbnb,212.38,False,False
Harbour Inn,HI-10231,104,Garden Queen,2025-01-03,2024-12-20,Expedia,121.86,False,False
Harbour Inn,HI-11526,105,Garden Queen,2026-04-28,2026-04-26,Booking.com,91.26,False,False
Harbour Inn,HI-10055,201,Loft Suite,2024-10-19,2024-10-01,Direct,276.97,False,False
Harbour Inn,HI-10055,201,Loft Suite,2024-10-20,2024-10-01,Direct,276.97,False,False
Harbour Inn,HI-10055,201,Loft Suite,2024-10-21,2024-10-01,Direct,276.97,False,False
Harbour Inn,HI-10372,105,Garden Queen,2025-03-10,2025-02-26,Booking.com,85.75,False,False
Harbour Inn,HI-10294,201,Loft Suite,2025-02-01,2025-01-09,Booking.com,182.33,False,False
Harbour Inn,HI-11374,102,Harbour View King,2026-02-15,2026-01-30,Direct,112.18,False,False
Harbour Inn,HI-11374,102,Harbour View King,2026-02-16,2026-01-30,Direct,112.18,False,False
Harbour Inn,HI-10886,201,Loft Suite,2025-08-11,2025-07-31,Booking.com,184.1,False,False
Harbour Inn,HI-10886,201,Loft Suite,2025-08-12,2025-07-31,Booking.com,184.1,False,False
Harbour Inn,HI-11285,102,Harbour View King,2025-12-28,2025-12-26,Booking.com,92.39,False,False
Harbour Inn,HI-11285,102,Harbour View King,2025-12-29,2025-12-26,Booking.com,92.39,False,False
Harbour Inn,HI-11342,104,Garden Queen,2026-01-27,2026-01-06,Direct,79.0,False,False
Harbour Inn,HI-11342,104,Garden Queen,2026-01-28,2026-01-06,Direct,79.0,False,False
Harbour Inn,HI-11342,104,Garden Queen,2026-01-29,2026-01-06,Direct,79.0,False,False
Harbour Inn,HI-11342,104,Garden Queen,2026-01-30,2026-01-06,Direct,79.0,False,False
Harbour Inn,HI-10686,105,Garden Queen,2025-06-18,2025-05-21,Direct,172.96,False,False
Harbour Inn,HI-10686,105,Garden Queen,2025-06-19,2025-05-21,Direct,172.96,False,False
Harbour Inn,HI-10686,105,Garden Queen,2025-06-20,2025-05-21,Direct,172.96,False,False
Harbour Inn,HI-10382,101,Harbour View King,2025-03-18,2025-03-17,Booking.com,91.83,False,False
Harbour Inn,HI-10382,101,Harbour View King,2025-03-19,2025-03-17,Booking.com,91.83,False,False
Harbour Inn,HI-10382,101,Harbour View King,2025-03-20,2025-03-17,Booking.com,91.83,False,False
Harbour Inn,HI-10382,101,Harbour View King,2025-03-21,2025-03-17,Booking.com,91.83,False,False
Harbour Inn,HI-10773,202,Loft Suite,2025-07-12,2025-05-21,Airbnb,420.43,False,False
Harbour Inn,HI-10773,202,Loft Suite,2025-07-13,2025-05-21,Airbnb,420.43,False,False
Harbour Inn,HI-11681,104,Garden Queen,2026-06-14,2026-06-01,Booking.com,162.42,False,False
Harbour Inn,HI-11681,104,Garden Queen,2026-06-15,2026-06-01,Booking.com,162.42,False,False
Harbour Inn,HI-11681,104,Garden Queen,2026-06-16,2026-06-01,Booking.com,162.42,False,False
Harbour Inn,HI-11681,104,Garden Queen,2026-06-17,2026-06-01,Booking.com,162.42,False,False
Harbour Inn,HI-10613,106,Garden Queen,2025-06-02,2025-05-15,Direct,148.79,False,False
Harbour Inn,HI-10613,106,Garden Queen,2025-06-03,2025-05-15,Direct,148.79,False,False
Harbour Inn,HI-10613,106,Garden Queen,2025-06-04,2025-05-15,Direct,148.79,False,False
Harbour Inn,HI-10613,106,Garden Queen,2025-06-05,2025-05-15,Direct,148.79,False,False
Harbour Inn,HI-10613,106,Garden Queen,2025-06-06,2025-05-15,Direct,148.79,False,False
Harbour Inn,HI-10528,102,Harbour View King,2025-05-09,2025-05-07,Booking.com,195.97,False,False
Harbour Inn,HI-10528,102,Harbour View King,2025-05-10,2025-05-07,Booking.com,195.97,False,False
Harbour Inn,HI-11451,201,Loft Suite,2026-04-01,2026-03-24,Direct,179.35,False,False
Harbour Inn,HI-11451,201,Loft Suite,2026-04-02,2026-03-24,Direct,179.35,False,False
Harbour Inn,HI-10380,106,Garden Queen,2025-03-15,2024-11-17,Booking.com,128.96,False,False
Harbour Inn,HI-10380,106,Garden Queen,2025-03-16,2024-11-17,Booking.com,128.96,False,False
Harbour Inn,HI-10273,201,Loft Suite,2025-01-24,2024-08-26,Direct,226.01,False,False
Harbour Inn,HI-11873,104,Garden Queen,2026-08-05,2026-07-13,Expedia,151.77,False,False
Harbour Inn,HI-11873,104,Garden Queen,2026-08-06,2026-07-13,Expedia,151.77,False,False
Harbour Inn,HI-11873,104,Garden Queen,2026-08-07,2026-07-13,Expedia,151.77,False,False
Harbour Inn,HI-11274,201,Loft Suite,2025-12-25,2025-10-26,Direct,167.22,False,False
Harbour Inn,HI-11274,201,Loft Suite,2025-12-26,2025-10-26,Direct,167.22,False,False
Harbour Inn,HI-11274,201,Loft Suite,2025-12-27,2025-10-26,Direct,167.22,False,False
Harbour Inn,HI-11980,201,Loft Suite,2026-09-02,2026-08-30,Booking.com,191.03,False,False
Harbour Inn,HI-11980,201,Loft Suite,2026-09-03,2026-08-30,Booking.com,191.03,False,False
Harbour Inn,HI-11385,103,Harbour View King,2026-02-20,2025-09-23,Direct,171.94,False,False
Harbour Inn,HI-11385,103,Harbour View King,2026-02-21,2025-09-23,Direct,171.94,False,False
Harbour Inn,HI-11293,201,Loft Suite,2025-12-31,2025-12-24,Airbnb,126.36,False,False
Harbour Inn,HI-11293,201,Loft Suite,2026-01-01,2025-12-24,Airbnb,126.36,False,False
Harbour Inn,HI-11973,103,Harbour View King,2026-09-01,2026-08-23,Direct,134.47,False,False
Harbour Inn,HI-11973,103,Harbour View King,2026-09-02,2026-08-23,Direct,134.47,False,False
Harbour Inn,HI-11973,103,Harbour View King,2026-09-03,2026-08-23,Direct,134.47,False,False
Harbour Inn,HI-10592,101,Harbour View King,2025-05-28,2025-03-26,Direct,145.29,False,False
Harbour Inn,HI-10592,101,Harbour View King,2025-05-29,2025-03-26,Direct,145.29,False,False
Harbour Inn,HI-11291,102,Harbour View King,2025-12-31,2025-12-26,Booking.com,98.69,False,False
Harbour Inn,HI-11291,102,Harbour View King,2026-01-01,2025-12-26,Booking.com,98.69,False,False
Harbour Inn,HI-10468,105,Garden Queen,2025-04-19,2025-04-14,Direct,174.97,False,False
Harbour Inn,HI-10468,105,Garden Queen,2025-04-20,2025-04-14,Direct,174.97,False,False
Harbour Inn,HI-11096,102,Harbour View King,2025-10-12,2025-10-02,Airbnb,129.73,False,False
Harbour Inn,HI-10256,201,Loft Suite,2025-01-15,2025-01-14,Expedia,107.79,False,False
Harbour Inn,HI-10256,201,Loft Suite,2025-01-16,2025-01-14,Expedia,107.79,False,False
Harbour Inn,HI-10334,102,Harbour View King,2025-02-18,2025-02-04,Direct,100.46,False,False
Harbour Inn,HI-10334,102,Harbour View King,2025-02-19,2025-02-04,Direct,100.46,False,False
Harbour Inn,HI-10334,102,Harbour View King,2025-02-20,2025-02-04,Direct,100.46,False,False
Harbour Inn,HI-10334,102,Harbour View King,2025-02-21,2025-02-04,Direct,100.46,False,False
Harbour Inn,HI-11709,105,Garden Queen,2026-06-22,2026-05-25,Direct,173.01,False,False
Harbour Inn,HI-11709,105,Garden Queen,2026-06-23,2026-05-25,Direct,173.01,False,False
Harbour Inn,HI-10751,106,Garden Queen,2025-07-07,2025-06-10,Booking.com,147.18,False,False
Harbour Inn,HI-10497,201,Loft Suite,2025-04-29,2025-04-27,Direct,169.8,False,False
Harbour Inn,HI-10497,201,Loft Suite,2025-04-30,2025-04-27,Direct,169.8,False,False
Harbour Inn,HI-12125,105,Garden Queen,2026-11-25,2026-07-09,Booking.com,84.27,False,False
Harbour Inn,HI-10070,103,Harbour View King,2024-10-24,2024-10-13,Direct,180.6,False,False
Harbour Inn,HI-10070,103,Harbour View King,2024-10-25,2024-10-13,Direct,180.6,False,False
Harbour Inn,HI-10070,103,Harbour View King,2024-10-26,2024-10-13,Direct,180.6,False,False
Harbour Inn,HI-11309,102,Harbour View King,2026-01-07,2025-12-31,Booking.com,117.93,False,False
Harbour Inn,HI-11309,102,Harbour View King,2026-01-08,2025-12-31,Booking.com,117.93,False,False
Harbour Inn,HI-10114,103,Harbour View King,2024-11-12,2024-08-21,Airbnb,82.24,False,False
Harbour Inn,HI-10114,103,Harbour View King,2024-11-13,2024-08-21,Airbnb,82.24,False,False
Harbour Inn,HI-10114,103,Harbour View King,2024-11-14,2024-08-21,Airbnb,82.24,False,False
Harbour Inn,HI-12004,104,Garden Queen,2026-09-11,2026-06-02,Direct,219.72,False,False
Harbour Inn,HI-12004,104,Garden Queen,2026-09-12,2026-06-02,Direct,219.72,False,False
Harbour Inn,HI-12004,104,Garden Queen,2026-09-13,2026-06-02,Direct,219.72,False,False
Harbour Inn,HI-11820,102,Harbour View King,2026-07-22,2026-05-18,Airbnb,179.52,False,False
Harbour Inn,HI-11820,102,Harbour View King,2026-07-23,2026-05-18,Airbnb,179.52,False,False
Harbour Inn,HI-11820,102,Harbour View King,2026-07-24,2026-05-18,Airbnb,179.52,False,False
Harbour Inn,HI-11820,102,Harbour View King,2026-07-25,2026-05-18,Airbnb,179.52,False,False
Harbour Inn,HI-10045,102,Harbour View King,2024-10-16,2024-07-30,Booking.com,141.05,False,False
Harbour Inn,HI-10045,102,Harbour View King,2024-10-17,2024-07-30,Booking.com,141.05,False,False
Harbour Inn,HI-10045,102,Harbour View King,2024-10-18,2024-07-30,Booking.com,141.05,False,False
Harbour Inn,HI-10045,102,Harbour View King,2024-10-19,2024-07-30,Booking.com,141.05,False,False
Harbour Inn,HI-10503,102,Harbour View King,2025-05-01,2025-04-23,Direct,182.01,False,False
Harbour Inn,HI-10503,102,Harbour View King,2025-05-02,2025-04-23,Direct,182.01,False,False
Harbour Inn,HI-11691,201,Loft Suite,2026-06-17,2026-05-30,Booking.com,218.44,False,False
Harbour Inn,HI-11691,201,Loft Suite,2026-06-18,2026-05-30,Booking.com,218.44,False,False
Harbour Inn,HI-11691,201,Loft Suite,2026-06-19,2026-05-30,Booking.com,218.44,False,False
Harbour Inn,HI-11394,104,Garden Queen,2026-02-24,2026-01-01,Airbnb,94.75,False,False
Harbour Inn,HI-11394,104,Garden Queen,2026-02-25,2026-01-01,Airbnb,94.75,False,False
Harbour Inn,HI-11215,103,Harbour View King,2025-11-28,2025-11-16,Direct,162.57,False,False
Harbour Inn,HI-11215,103,Harbour View King,2025-11-29,2025-11-16,Direct,162.57,False,False
Harbour Inn,HI-12099,103,Harbour View King,2026-10-17,2026-05-09,Booking.com,239.43,False,False
Harbour Inn,HI-12099,103,Harbour View King,2026-10-18,2026-05-09,Booking.com,239.43,False,False
Harbour Inn,HI-11350,101,Harbour View King,2026-02-04,2025-08-17,Booking.com,90.56,False,False
Harbour Inn,HI-11380,201,Loft Suite,2026-02-17,2025-12-25,Expedia,125.13,False,False
Harbour Inn,HI-10986,104,Garden Queen,2025-09-07,2025-08-12,Booking.com,104.9,False,False
Harbour Inn,HI-11508,201,Loft Suite,2026-04-21,2026-04-01,Airbnb,154.59,False,False
Harbour Inn,HI-11508,201,Loft Suite,2026-04-22,2026-04-01,Airbnb,154.59,False,False
Harbour Inn,HI-10895,202,Loft Suite,2025-08-14,2025-03-08,Booking.com,270.8,False,False
Harbour Inn,HI-10895,202,Loft Suite,2025-08-15,2025-03-08,Booking.com,270.8,False,False
Harbour Inn,HI-10036,105,Garden Queen,2024-10-11,2024-09-06,Airbnb,219.05,False,False
Harbour Inn,HI-10036,105,Garden Queen,2024-10-12,2024-09-06,Airbnb,219.05,False,False
Harbour Inn,HI-10036,105,Garden Queen,2024-10-13,2024-09-06,Airbnb,219.05,False,False
Harbour Inn,HI-10036,105,Garden Queen,2024-10-14,2024-09-06,Airbnb,219.05,False,False
Harbour Inn,HI-10732,103,Harbour View King,2025-07-03,2025-06-26,Direct,257.59,False,False
Harbour Inn,HI-10506,201,Loft Suite,2025-05-01,2025-04-22,Airbnb,224.91,False,False
Harbour Inn,HI-10506,201,Loft Suite,2025-05-02,2025-04-22,Airbnb,224.91,False,False
Harbour Inn,HI-11388,101,Harbour View King,2026-02-21,2025-11-03,Direct,134.74,False,False
Harbour Inn,HI-11388,101,Harbour View King,2026-02-22,2025-11-03,Direct,134.74,False,False
Harbour Inn,HI-11388,101,Harbour View King,2026-02-23,2025-11-03,Direct,134.74,False,False
Harbour Inn,HI-11388,101,Harbour View King,2026-02-24,2025-11-03,Direct,134.74,False,False
Harbour Inn,HI-10318,201,Loft Suite,2025-02-10,2025-02-04,Booking.com,127.12,False,False
Harbour Inn,HI-10318,201,Loft Suite,2025-02-11,2025-02-04,Booking.com,127.12,False,False
Harbour Inn,HI-10318,201,Loft Suite,2025-02-12,2025-02-04,Booking.com,127.12,False,False
Harbour Inn,HI-11837,201,Loft Suite,2026-07-26,2026-07-24,Airbnb,257.33,False,False
Harbour Inn,HI-11837,201,Loft Suite,2026-07-27,2026-07-24,Airbnb,257.33,False,False
Harbour Inn,HI-11837,201,Loft Suite,2026-07-28,2026-07-24,Airbnb,257.33,False,False
Harbour Inn,HI-11178,106,Garden Queen,2025-11-10,2025-07-20,Expedia,84.01,False,False
Harbour Inn,HI-12070,105,Garden Queen,2026-10-04,2026-06-13,Airbnb,127.8,False,False
Harbour Inn,HI-12070,105,Garden Queen,2026-10-05,2026-06-13,Airbnb,127.8,False,False
Harbour Inn,HI-11548,103,Harbour View King,2026-05-07,2026-04-20,Airbnb,169.41,False,False
Harbour Inn,HI-11548,103,Harbour View King,2026-05-08,2026-04-20,Airbnb,169.41,False,False
Harbour Inn,HI-10393,102,Harbour View King,2025-03-22,2025-03-05,Direct,128.34,False,False
Harbour Inn,HI-10393,102,Harbour View King,2025-03-23,2025-03-05,Direct,128.34,False,False
Harbour Inn,HI-11996,106,Garden Queen,2026-09-09,2026-09-08,Booking.com,131.09,False,False
Harbour Inn,HI-11996,106,Garden Queen,2026-09-10,2026-09-08,Booking.com,131.09,False,False
Harbour Inn,HI-11996,106,Garden Queen,2026-09-11,2026-09-08,Booking.com,131.09,False,False
Harbour Inn,HI-10452,104,Garden Queen,2025-04-14,2025-04-08,Booking.com,123.38,False,False
Harbour Inn,HI-11085,105,Garden Queen,2025-10-08,2025-09-29,Airbnb,111.82,False,False
Harbour Inn,HI-11085,105,Garden Queen,2025-10-09,2025-09-29,Airbnb,111.82,False,False
Harbour Inn,HI-10541,101,Harbour View King,2025-05-14,2025-04-29,Booking.com,159.65,False,False
Harbour Inn,HI-10541,101,Harbour View King,2025-05-15,2025-04-29,Booking.com,159.65,False,False
Harbour Inn,HI-10541,101,Harbour View King,2025-05-16,2025-04-29,Booking.com,159.65,False,False
Harbour Inn,HI-10541,101,Harbour View King,2025-05-17,2025-04-29,Booking.com,159.65,False,False
Harbour Inn,HI-10739,202,Loft Suite,2025-07-04,2025-06-12,Booking.com,458.63,False,False
Harbour Inn,HI-10739,202,Loft Suite,2025-07-05,2025-06-12,Booking.com,458.63,False,False
Harbour Inn,HI-10739,202,Loft Suite,2025-07-06,2025-06-12,Booking.com,458.63,False,False
Harbour Inn,HI-11258,103,Harbour View King,2025-12-19,2025-12-15,Booking.com,139.17,False,False
Harbour Inn,HI-11305,202,Loft Suite,2026-01-04,2025-10-31,Expedia,122.64,False,False
Harbour Inn,HI-11305,202,Loft Suite,2026-01-05,2025-10-31,Expedia,122.64,False,False
Harbour Inn,HI-11305,202,Loft Suite,2026-01-06,2025-10-31,Expedia,122.64,False,False
Harbour Inn,HI-10763,105,Garden Queen,2025-07-10,2025-02-10,Booking.com,213.04,False,False
Harbour Inn,HI-11785,101,Harbour View King,2026-07-13,2026-06-28,Booking.com,180.07,False,False
Harbour Inn,HI-10320,104,Garden Queen,2025-02-11,2024-10-29,Booking.com,86.57,False,False
Harbour Inn,HI-10814,201,Loft Suite,2025-07-22,2025-03-21,Booking.com,217.04,False,False
Harbour Inn,HI-10672,102,Harbour View King,2025-06-15,2025-05-28,Booking.com,231.94,False,False
Harbour Inn,HI-10110,105,Garden Queen,2024-11-07,2024-11-02,Booking.com,95.2,False,False
Harbour Inn,HI-10565,202,Loft Suite,2025-05-20,2025-05-05,Airbnb,164.03,False,False
Harbour Inn,HI-10565,202,Loft Suite,2025-05-21,2025-05-05,Airbnb,164.03,False,False
Harbour Inn,HI-11862,103,Harbour View King,2026-08-02,2026-06-06,Booking.com,206.31,False,False
Harbour Inn,HI-11862,103,Harbour View King,2026-08-03,2026-06-06,Booking.com,206.31,False,False
Harbour Inn,HI-10461,105,Garden Queen,2025-04-17,2024-11-10,Booking.com,150.44,False,False
Harbour Inn,HI-10461,105,Garden Queen,2025-04-18,2024-11-10,Booking.com,150.44,False,False
Harbour Inn,HI-11787,106,Garden Queen,2026-07-13,2026-06-16,Airbnb,173.11,False,False
Harbour Inn,HI-11787,106,Garden Queen,2026-07-14,2026-06-16,Airbnb,173.11,False,False
Harbour Inn,HI-11787,106,Garden Queen,2026-07-15,2026-06-16,Airbnb,173.11,False,False
Harbour Inn,HI-10649,104,Garden Queen,2025-06-10,2025-05-21,Booking.com,148.47,False,False
Harbour Inn,HI-10649,104,Garden Queen,2025-06-11,2025-05-21,Booking.com,148.47,False,False
Harbour Inn,HI-11716,101,Harbour View King,2026-06-24,2026-04-11,Booking.com,188.42,False,False
Harbour Inn,HI-11151,102,Harbour View King,2025-10-31,2025-10-04,Airbnb,253.17,False,False
Harbour Inn,HI-11151,102,Harbour View King,2025-11-01,2025-10-04,Airbnb,253.17,False,False
Harbour Inn,HI-11151,102,Harbour View King,2025-11-02,2025-10-04,Airbnb,253.17,False,False
Harbour Inn,HI-11151,102,Harbour View King,2025-11-03,2025-10-04,Airbnb,253.17,False,False
Harbour Inn,HI-10005,103,Harbour View King,2024-10-03,2024-09-21,Direct,176.74,False,False
Harbour Inn,HI-10005,103,Harbour View King,2024-10-04,2024-09-21,Direct,176.74,False,False
Harbour Inn,HI-10005,103,Harbour View King,2024-10-05,2024-09-21,Direct,176.74,False,False
Harbour Inn,HI-11302,104,Garden Queen,2026-01-03,2025-12-20,Booking.com,139.68,False,False
Harbour Inn,HI-11656,105,Garden Queen,2026-06-08,2026-05-15,Expedia,153.91,False,False
Harbour Inn,HI-11656,105,Garden Queen,2026-06-09,2026-05-15,Expedia,153.91,False,False
Harbour Inn,HI-11656,105,Garden Queen,2026-06-10,2026-05-15,Expedia,153.91,False,False
Harbour Inn,HI-11656,105,Garden Queen,2026-06-11,2026-05-15,Expedia,153.91,False,False
Harbour Inn,HI-11656,105,Garden Queen,2026-06-12,2026-05-15,Expedia,153.91,False,False
Harbour Inn,HI-11244,105,Garden Queen,2025-12-13,2025-12-05,Expedia,122.76,False,False
Harbour Inn,HI-11244,105,Garden Queen,2025-12-14,2025-12-05,Expedia,122.76,False,False
Harbour Inn,HI-11244,105,Garden Queen,2025-12-15,2025-12-05,Expedia,122.76,False,False
Harbour Inn,HI-11244,105,Garden Queen,2025-12-16,2025-12-05,Expedia,122.76,False,False
Harbour Inn,HI-11244,105,Garden Queen,2025-12-17,2025-12-05,Expedia,122.76,False,False
Harbour Inn,HI-10236,201,Loft Suite,2025-01-04,2024-12-29,Booking.com,215.01,False,False
Harbour Inn,HI-10236,201,Loft Suite,2025-01-05,2024-12-29,Booking.com,215.01,False,False
Harbour Inn,HI-11553,201,Loft Suite,2026-05-08,2026-05-04,Expedia,232.6,False,False
Harbour Inn,HI-11553,201,Loft Suite,2026-05-09,2026-05-04,Expedia,232.6,False,False
Harbour Inn,HI-11566,105,Garden Queen,2026-05-13,2026-04-07,Booking.com,97.57,False,False
Harbour Inn,HI-11566,105,Garden Queen,2026-05-14,2026-04-07,Booking.com,97.57,False,False
Harbour Inn,HI-11566,105,Garden Queen,2026-05-15,2026-04-07,Booking.com,97.57,False,False
Harbour Inn,HI-11566,105,Garden Queen,2026-05-16,2026-04-07,Booking.com,97.57,False,False
Harbour Inn,HI-10488,104,Garden Queen,2025-04-26,2024-12-22,Booking.com,165.87,False,False
Harbour Inn,HI-10488,104,Garden Queen,2025-04-27,2024-12-22,Booking.com,165.87,False,False
Harbour Inn,HI-10488,104,Garden Queen,2025-04-28,2024-12-22,Booking.com,165.87,False,False
Harbour Inn,HI-11760,101,Harbour View King,2026-07-07,2026-01-10,Direct,178.02,False,False
Harbour Inn,HI-11760,101,Harbour View King,2026-07-08,2026-01-10,Direct,178.02,False,False
Harbour Inn,HI-11760,101,Harbour View King,2026-07-09,2026-01-10,Direct,178.02,False,False
Harbour Inn,HI-11760,101,Harbour View King,2026-07-10,2026-01-10,Direct,178.02,False,False
Harbour Inn,HI-11760,101,Harbour View King,2026-07-11,2026-01-10,Direct,178.02,False,False
Harbour Inn,HI-12988,202,Loft Suite,2025-12-31,2025-09-15,Direct,890.0,False,False
Harbour Inn,HI-12988,202,Loft Suite,2026-01-01,2025-09-15,Direct,890.0,False,False
Harbour Inn,HI-11496,102,Harbour View King,2026-04-17,2026-01-08,Booking.com,226.4,False,False
Harbour Inn,HI-11496,102,Harbour View King,2026-04-18,2026-01-08,Booking.com,226.4,False,False
Harbour Inn,HI-11496,102,Harbour View King,2026-04-19,2026-01-08,Booking.com,226.4,False,False
Harbour Inn,HI-10366,201,Loft Suite,2025-03-07,2025-02-22,Booking.com,208.84,False,False
Harbour Inn,HI-10366,201,Loft Suite,2025-03-08,2025-02-22,Booking.com,208.84,False,False
Harbour Inn,HI-10366,201,Loft Suite,2025-03-09,2025-02-22,Booking.com,208.84,False,False
Harbour Inn,HI-10956,101,Harbour View King,2025-08-30,2025-08-13,Booking.com,293.2,False,False
Harbour Inn,HI-10956,101,Harbour View King,2025-08-31,2025-08-13,Booking.com,293.2,False,False
Harbour Inn,HI-10956,101,Harbour View King,2025-09-01,2025-08-13,Booking.com,293.2,False,False
Harbour Inn,HI-11511,103,Harbour View King,2026-04-23,2026-03-29,Direct,185.09,False,False
Harbour Inn,HI-10214,201,Loft Suite,2024-12-26,2024-12-25,Booking.com,125.9,False,False
Harbour Inn,HI-10214,201,Loft Suite,2024-12-27,2024-12-25,Booking.com,125.9,False,False
Harbour Inn,HI-10214,201,Loft Suite,2024-12-28,2024-12-25,Booking.com,125.9,False,False
Harbour Inn,HI-10214,201,Loft Suite,2024-12-29,2024-12-25,Booking.com,125.9,False,False
Harbour Inn,HI-10214,201,Loft Suite,2024-12-30,2024-12-25,Booking.com,125.9,False,False
Harbour Inn,HI-12097,105,Garden Queen,2026-10-16,2026-07-02,Direct,183.85,False,False
Harbour Inn,HI-11124,201,Loft Suite,2025-10-20,2025-10-14,Direct,154.52,False,False
Harbour Inn,HI-11124,201,Loft Suite,2025-10-21,2025-10-14,Direct,154.52,False,False
Harbour Inn,HI-10093,101,Harbour View King,2024-10-30,2024-08-21,Booking.com,124.1,False,False
Harbour Inn,HI-10093,101,Harbour View King,2024-10-31,2024-08-21,Booking.com,124.1,False,False
Harbour Inn,HI-10093,101,Harbour View King,2024-11-01,2024-08-21,Booking.com,124.1,False,False
Harbour Inn,HI-10093,101,Harbour View King,2024-11-02,2024-08-21,Booking.com,124.1,False,False
Harbour Inn,HI-10093,101,Harbour View King,2024-11-03,2024-08-21,Booking.com,124.1,False,False
Harbour Inn,HI-10936,105,Garden Queen,2025-08-23,2025-06-14,Direct,248.41,False,False
Harbour Inn,HI-10348,101,Harbour View King,2025-02-26,2024-11-04,Booking.com,98.73,False,False
Harbour Inn,HI-10348,101,Harbour View King,2025-02-27,2024-11-04,Booking.com,98.73,False,False
Harbour Inn,HI-10349,103,Harbour View King,2025-02-26,2025-02-16,Booking.com,83.6,False,False
Harbour Inn,HI-10349,103,Harbour View King,2025-02-27,2025-02-16,Booking.com,83.6,False,False
Harbour Inn,HI-10141,104,Garden Queen,2024-11-23,2024-11-17,Airbnb,137.84,False,False
Harbour Inn,HI-10141,104,Garden Queen,2024-11-24,2024-11-17,Airbnb,137.84,False,False
Harbour Inn,HI-10141,104,Garden Queen,2024-11-25,2024-11-17,Airbnb,137.84,False,False
Harbour Inn,HI-10748,201,Loft Suite,2025-07-06,2025-04-27,Booking.com,218.98,False,False
Harbour Inn,HI-10748,201,Loft Suite,2025-07-07,2025-04-27,Booking.com,218.98,False,False
Harbour Inn,HI-10480,104,Garden Queen,2025-04-23,2025-02-21,Airbnb,130.59,False,False
Harbour Inn,HI-10480,104,Garden Queen,2025-04-24,2025-02-21,Airbnb,130.59,False,False
Harbour Inn,HI-10480,104,Garden Queen,2025-04-25,2025-02-21,Airbnb,130.59,False,False
Harbour Inn,HI-11402,106,Garden Queen,2026-02-26,2025-10-23,Booking.com,91.44,False,False
Harbour Inn,HI-11402,106,Garden Queen,2026-02-27,2025-10-23,Booking.com,91.44,False,False
Harbour Inn,HI-11069,106,Garden Queen,2025-10-02,2025-09-20,Expedia,143.81,False,False
Harbour Inn,HI-11069,106,Garden Queen,2025-10-03,2025-09-20,Expedia,143.81,False,False
Harbour Inn,HI-11052,101,Harbour View King,2025-09-27,2025-09-12,Direct,237.33,False,False
Harbour Inn,HI-10753,202,Loft Suite,2025-07-07,2025-06-01,Expedia,238.66,False,False
Harbour Inn,HI-10753,202,Loft Suite,2025-07-08,2025-06-01,Expedia,238.66,False,False
Harbour Inn,HI-10753,202,Loft Suite,2025-07-09,2025-06-01,Expedia,238.66,False,False
Harbour Inn,HI-10753,202,Loft Suite,2025-07-10,2025-06-01,Expedia,238.66,False,False
Harbour Inn,HI-10322,104,Garden Queen,2025-02-12,2024-08-23,Booking.com,90.04,False,False
Harbour Inn,HI-10322,104,Garden Queen,2025-02-13,2024-08-23,Booking.com,90.04,False,False
Harbour Inn,HI-10322,104,Garden Queen,2025-02-14,2024-08-23,Booking.com,90.04,False,False
Harbour Inn,HI-11992,103,Harbour View King,2026-09-07,2026-08-25,Booking.com,120.18,False,False
Harbour Inn,HI-11233,106,Garden Queen,2025-12-07,2025-11-22,Booking.com,85.83,False,False
Harbour Inn,HI-11233,106,Garden Queen,2025-12-08,2025-11-22,Booking.com,85.83,False,False
Harbour Inn,HI-11233,106,Garden Queen,2025-12-09,2025-11-22,Booking.com,85.83,False,False
Harbour Inn,HI-11458,102,Harbour View King,2026-04-05,2026-03-13,Expedia,117.88,False,False
Harbour Inn,HI-11458,102,Harbour View King,2026-04-06,2026-03-13,Expedia,117.88,False,False
Harbour Inn,HI-10041,202,Loft Suite,2024-10-13,2024-09-29,Booking.com,179.01,False,False
Harbour Inn,HI-10041,202,Loft Suite,2024-10-14,2024-09-29,Booking.com,179.01,False,False
Harbour Inn,HI-10041,202,Loft Suite,2024-10-15,2024-09-29,Booking.com,179.01,False,False
Harbour Inn,HI-10041,202,Loft Suite,2024-10-16,2024-09-29,Booking.com,179.01,False,False
Harbour Inn,HI-11951,201,Loft Suite,2026-08-26,2026-08-02,Direct,246.79,False,False
Harbour Inn,HI-11951,201,Loft Suite,2026-08-27,2026-08-02,Direct,246.79,False,False
Harbour Inn,HI-11951,201,Loft Suite,2026-08-28,2026-08-02,Direct,246.79,False,False
Harbour Inn,HI-10743,104,Garden Queen,2025-07-05,2025-06-08,Direct,245.78,False,False
Harbour Inn,HI-10743,104,Garden Queen,2025-07-06,2025-06-08,Direct,245.78,False,False
Harbour Inn,HI-10743,104,Garden Queen,2025-07-07,2025-06-08,Direct,245.78,False,False
Harbour Inn,HI-10743,104,Garden Queen,2025-07-08,2025-06-08,Direct,245.78,False,False
Harbour Inn,HI-10743,104,Garden Queen,2025-07-09,2025-06-08,Direct,245.78,False,False
Harbour Inn,HI-11966,103,Harbour View King,2026-08-30,2026-08-27,Booking.com,208.47,False,False
Harbour Inn,HI-11966,103,Harbour View King,2026-08-31,2026-08-27,Booking.com,208.47,False,False
Harbour Inn,HI-11521,106,Garden Queen,2026-04-26,2026-03-29,Booking.com,114.18,False,False
Harbour Inn,HI-11521,106,Garden Queen,2026-04-27,2026-03-29,Booking.com,114.18,False,False
Harbour Inn,HI-11521,106,Garden Queen,2026-04-28,2026-03-29,Booking.com,114.18,False,False
Harbour Inn,HI-11428,202,Loft Suite,2026-03-12,2026-03-06,Booking.com,142.52,False,False
Harbour Inn,HI-11428,202,Loft Suite,2026-03-13,2026-03-06,Booking.com,142.52,False,False
Harbour Inn,HI-10500,105,Garden Queen,2025-04-30,2025-04-09,Airbnb,116.99,False,False
Harbour Inn,HI-10500,105,Garden Queen,2025-05-01,2025-04-09,Airbnb,116.99,False,False
Harbour Inn,HI-12021,201,Loft Suite,2026-09-18,2026-08-01,Booking.com,248.57,False,False
Harbour Inn,HI-12021,201,Loft Suite,2026-09-19,2026-08-01,Booking.com,248.57,False,False
Harbour Inn,HI-12021,201,Loft Suite,2026-09-20,2026-08-01,Booking.com,248.57,False,False
Harbour Inn,HI-12021,201,Loft Suite,2026-09-21,2026-08-01,Booking.com,248.57,False,False
Harbour Inn,HI-12021,201,Loft Suite,2026-09-22,2026-08-01,Booking.com,248.57,False,False
Harbour Inn,HI-11710,201,Loft Suite,2026-06-22,2026-06-09,Booking.com,218.65,False,False
Harbour Inn,HI-11710,201,Loft Suite,2026-06-23,2026-06-09,Booking.com,218.65,False,False
Harbour Inn,HI-11984,101,Harbour View King,2026-09-04,2026-08-15,Booking.com,227.04,False,False
Harbour Inn,HI-10156,105,Garden Queen,2024-11-29,2024-11-20,Booking.com,137.42,False,False
Harbour Inn,HI-10156,105,Garden Queen,2024-11-30,2024-11-20,Booking.com,137.42,False,False
Harbour Inn,HI-10622,102,Harbour View King,2025-06-04,2025-05-20,Booking.com,206.37,False,False
Harbour Inn,HI-11799,106,Garden Queen,2026-07-16,2026-06-28,Direct,226.2,False,False
Harbour Inn,HI-10604,202,Loft Suite,2025-05-31,2025-04-09,Booking.com,296.77,False,False
Harbour Inn,HI-10604,202,Loft Suite,2025-06-01,2025-04-09,Booking.com,296.77,False,False
Harbour Inn,HI-11661,101,Harbour View King,2026-06-10,2026-02-14,Expedia,133.65,False,False
Harbour Inn,HI-11661,101,Harbour View King,2026-06-11,2026-02-14,Expedia,133.65,False,False
Harbour Inn,HI-11063,101,Harbour View King,2025-10-01,2025-09-30,Booking.com,127.41,False,False
Harbour Inn,HI-11063,101,Harbour View King,2025-10-02,2025-09-30,Booking.com,127.41,False,False
Harbour Inn,HI-11256,104,Garden Queen,2025-12-18,2025-12-10,Direct,106.24,False,False
Harbour Inn,HI-11256,104,Garden Queen,2025-12-19,2025-12-10,Direct,106.24,False,False
Harbour Inn,HI-11256,104,Garden Queen,2025-12-20,2025-12-10,Direct,106.24,False,False
Harbour Inn,HI-11362,102,Harbour View King,2026-02-10,2025-09-24,Booking.com,104.58,False,False
Harbour Inn,HI-11362,102,Harbour View King,2026-02-11,2025-09-24,Booking.com,104.58,False,False
Harbour Inn,HI-11362,102,Harbour View King,2026-02-12,2025-09-24,Booking.com,104.58,False,False
Harbour Inn,HI-11362,102,Harbour View King,2026-02-13,2025-09-24,Booking.com,104.58,False,False
Harbour Inn,HI-11362,102,Harbour View King,2026-02-14,2025-09-24,Booking.com,104.58,False,False
Harbour Inn,HI-11091,101,Harbour View King,2025-10-11,2025-06-27,Direct,218.26,False,False
Harbour Inn,HI-11091,101,Harbour View King,2025-10-12,2025-06-27,Direct,218.26,False,False
Harbour Inn,HI-10869,202,Loft Suite,2025-08-06,2025-02-20,Booking.com,229.01,False,False
Harbour Inn,HI-10869,202,Loft Suite,2025-08-07,2025-02-20,Booking.com,229.01,False,False
Harbour Inn,HI-10869,202,Loft Suite,2025-08-08,2025-02-20,Booking.com,229.01,False,False
Harbour Inn,HI-10869,202,Loft Suite,2025-08-09,2025-02-20,Booking.com,229.01,False,False
Harbour Inn,HI-12040,105,Garden Queen,2026-09-25,2026-09-21,Direct,166.65,False,False
Harbour Inn,HI-12040,105,Garden Queen,2026-09-26,2026-09-21,Direct,166.65,False,False
Harbour Inn,HI-12040,105,Garden Queen,2026-09-27,2026-09-21,Direct,166.65,False,False
Harbour Inn,HI-11546,201,Loft Suite,2026-05-05,2025-12-06,Airbnb,158.33,False,False
Harbour Inn,HI-11546,201,Loft Suite,2026-05-06,2025-12-06,Airbnb,158.33,False,False
Harbour Inn,HI-11546,201,Loft Suite,2026-05-07,2025-12-06,Airbnb,158.33,False,False
Harbour Inn,HI-11278,106,Garden Queen,2025-12-26,2025-12-24,Airbnb,104.87,False,False
Harbour Inn,HI-11278,106,Garden Queen,2025-12-27,2025-12-24,Airbnb,104.87,False,False
Harbour Inn,HI-10605,102,Harbour View King,2025-06-01,2025-05-05,Direct,199.45,False,False
Harbour Inn,HI-10605,102,Harbour View King,2025-06-02,2025-05-05,Direct,199.45,False,False
Harbour Inn,HI-10268,102,Harbour View King,2025-01-22,2025-01-14,Expedia,100.62,False,False
Harbour Inn,HI-10268,102,Harbour View King,2025-01-23,2025-01-14,Expedia,100.62,False,False
Harbour Inn,HI-10268,102,Harbour View King,2025-01-24,2025-01-14,Expedia,100.62,False,False
Harbour Inn,HI-10872,106,Garden Queen,2025-08-07,2025-05-09,Expedia,237.75,False,False
Harbour Inn,HI-10872,106,Garden Queen,2025-08-08,2025-05-09,Expedia,237.75,False,False
Harbour Inn,HI-11232,105,Garden Queen,2025-12-07,2025-11-26,Direct,89.68,False,False
Harbour Inn,HI-11232,105,Garden Queen,2025-12-08,2025-11-26,Direct,89.68,False,False
Harbour Inn,HI-11232,105,Garden Queen,2025-12-09,2025-11-26,Direct,89.68,False,False
Harbour Inn,HI-10508,103,Harbour View King,2025-05-02,2025-04-25,Airbnb,207.18,False,False
Harbour Inn,HI-12122,201,Loft Suite,2026-11-12,2026-07-19,Airbnb,152.53,False,False
Harbour Inn,HI-12122,201,Loft Suite,2026-11-13,2026-07-19,Airbnb,152.53,False,False
Harbour Inn,HI-12122,201,Loft Suite,2026-11-14,2026-07-19,Airbnb,152.53,False,False
Harbour Inn,HI-12122,201,Loft Suite,2026-11-15,2026-07-19,Airbnb,152.53,False,False
Harbour Inn,HI-12122,201,Loft Suite,2026-11-16,2026-07-19,Airbnb,152.53,False,False
Harbour Inn,HI-10408,102,Harbour View King,2025-03-30,2025-03-18,Direct,119.56,False,False
Harbour Inn,HI-10002,101,Harbour View King,2024-10-02,2024-04-25,Direct,136.29,False,False
Harbour Inn,HI-10002,101,Harbour View King,2024-10-03,2024-04-25,Direct,136.29,False,False
Harbour Inn,HI-10201,103,Harbour View King,2024-12-20,2024-12-14,Direct,169.07,False,False
Harbour Inn,HI-10201,103,Harbour View King,2024-12-21,2024-12-14,Direct,169.07,False,False
Harbour Inn,HI-10201,103,Harbour View King,2024-12-22,2024-12-14,Direct,169.07,False,False
Harbour Inn,HI-10201,103,Harbour View King,2024-12-23,2024-12-14,Direct,169.07,False,False
Harbour Inn,HI-12087,106,Garden Queen,2026-10-10,2026-09-19,Expedia,115.77,False,False
Harbour Inn,HI-12087,106,Garden Queen,2026-10-11,2026-09-19,Expedia,115.77,False,False
Harbour Inn,HI-12087,106,Garden Queen,2026-10-12,2026-09-19,Expedia,115.77,False,False
Harbour Inn,HI-12087,106,Garden Queen,2026-10-13,2026-09-19,Expedia,115.77,False,False
Harbour Inn,HI-10990,101,Harbour View King,2025-09-10,2025-09-07,Direct,133.36,False,False
Harbour Inn,HI-10990,101,Harbour View King,2025-09-11,2025-09-07,Direct,133.36,False,False
Harbour Inn,HI-11341,101,Harbour View King,2026-01-27,2026-01-25,Booking.com,79.42,False,False
Harbour Inn,HI-11341,101,Harbour View King,2026-01-28,2026-01-25,Booking.com,79.42,False,False
Harbour Inn,HI-11341,101,Harbour View King,2026-01-29,2026-01-25,Booking.com,79.42,False,False
Harbour Inn,HI-11341,101,Harbour View King,2026-01-30,2026-01-25,Booking.com,79.42,False,False
Harbour Inn,HI-11138,104,Garden Queen,2025-10-26,2025-10-16,Expedia,130.87,False,False
Harbour Inn,HI-11138,104,Garden Queen,2025-10-27,2025-10-16,Expedia,130.87,False,False
Harbour Inn,HI-11138,104,Garden Queen,2025-10-28,2025-10-16,Expedia,130.87,False,False
Harbour Inn,HI-10247,201,Loft Suite,2025-01-11,2024-12-29,Booking.com,204.5,False,False
Harbour Inn,HI-10247,201,Loft Suite,2025-01-12,2024-12-29,Booking.com,204.5,False,False
Harbour Inn,HI-10247,201,Loft Suite,2025-01-13,2024-12-29,Booking.com,204.5,False,False
Harbour Inn,HI-11549,104,Garden Queen,2026-05-07,2025-11-24,Booking.com,147.3,True,False
Harbour Inn,HI-11549,104,Garden Queen,2026-05-08,2025-11-24,Booking.com,147.3,True,False
Harbour Inn,HI-10612,104,Garden Queen,2025-06-02,2025-05-17,Airbnb,171.57,False,False
Harbour Inn,HI-11788,202,Loft Suite,2026-07-13,2026-04-17,Direct,228.47,False,False
Harbour Inn,HI-11788,202,Loft Suite,2026-07-14,2026-04-17,Direct,228.47,False,False
Harbour Inn,HI-11788,202,Loft Suite,2026-07-15,2026-04-17,Direct,228.47,False,False
Harbour Inn,HI-10246,106,Garden Queen,2025-01-11,2024-12-31,Booking.com,142.38,False,False
Harbour Inn,HI-10246,106,Garden Queen,2025-01-12,2024-12-31,Booking.com,142.38,False,False
Harbour Inn,HI-10246,106,Garden Queen,2025-01-13,2024-12-31,Booking.com,142.38,False,False
Harbour Inn,HI-10246,106,Garden Queen,2025-01-14,2024-12-31,Booking.com,142.38,False,False
Harbour Inn,HI-10608,105,Garden Queen,2025-06-01,2025-05-26,Booking.com,170.44,False,False
Harbour Inn,HI-10608,105,Garden Queen,2025-06-02,2025-05-26,Booking.com,170.44,False,False
Harbour Inn,HI-10787,102,Harbour View King,2025-07-16,2025-07-02,Direct,191.3,False,False
Harbour Inn,HI-10607,104,Garden Queen,2025-06-01,2025-05-07,Direct,179.04,False,False
Harbour Inn,HI-10865,105,Garden Queen,2025-08-05,2025-07-24,Direct,134.96,False,False
Harbour Inn,HI-10499,102,Harbour View King,2025-04-30,2024-11-17,Booking.com,135.3,False,False
Harbour Inn,HI-11533,101,Harbour View King,2026-05-01,2026-04-19,Booking.com,216.58,False,False
Harbour Inn,HI-11533,101,Harbour View King,2026-05-02,2026-04-19,Booking.com,216.58,False,False
Harbour Inn,HI-10504,104,Garden Queen,2025-05-01,2025-03-24,Booking.com,152.43,False,False
Harbour Inn,HI-11000,105,Garden Queen,2025-09-12,2025-08-24,Expedia,179.6,False,False
Harbour Inn,HI-11000,105,Garden Queen,2025-09-13,2025-08-24,Expedia,179.6,False,False
Harbour Inn,HI-11000,105,Garden Queen,2025-09-14,2025-08-24,Expedia,179.6,False,False
Harbour Inn,HI-10361,106,Garden Queen,2025-03-04,2024-09-07,Airbnb,91.85,False,False
Harbour Inn,HI-10361,106,Garden Queen,2025-03-05,2024-09-07,Airbnb,91.85,False,False
Harbour Inn,HI-10361,106,Garden Queen,2025-03-06,2024-09-07,Airbnb,91.85,False,False
Harbour Inn,HI-10244,104,Garden Queen,2025-01-11,2024-11-06,Expedia,132.4,False,False
Harbour Inn,HI-11727,102,Harbour View King,2026-06-27,2026-06-24,Expedia,244.64,False,False
Harbour Inn,HI-11727,102,Harbour View King,2026-06-28,2026-06-24,Expedia,244.64,False,False
Harbour Inn,HI-11229,201,Loft Suite,2025-12-05,2025-12-02,Expedia,149.49,False,False
Harbour Inn,HI-11229,201,Loft Suite,2025-12-06,2025-12-02,Expedia,149.49,False,False
Harbour Inn,HI-11229,201,Loft Suite,2025-12-07,2025-12-02,Expedia,149.49,False,False
Harbour Inn,HI-11177,102,Harbour View King,2025-11-10,2025-09-26,Direct,81.24,False,False
Harbour Inn,HI-11939,102,Harbour View King,2026-08-23,2026-08-12,Booking.com,200.59,False,False
Harbour Inn,HI-11939,102,Harbour View King,2026-08-24,2026-08-12,Booking.com,200.59,False,False
Harbour Inn,HI-12017,101,Harbour View King,2026-09-17,2026-09-10,Booking.com,175.48,False,False
Harbour Inn,HI-12017,101,Harbour View King,2026-09-18,2026-09-10,Booking.com,175.48,False,False
Harbour Inn,HI-10837,106,Garden Queen,2025-07-30,2025-03-20,Booking.com,157.13,False,False
Harbour Inn,HI-10837,106,Garden Queen,2025-07-31,2025-03-20,Booking.com,157.13,False,False
Harbour Inn,HI-10149,101,Harbour View King,2024-11-26,2024-11-25,Booking.com,72.68,False,False
Harbour Inn,HI-10149,101,Harbour View King,2024-11-27,2024-11-25,Booking.com,72.68,False,False
Harbour Inn,HI-10149,101,Harbour View King,2024-11-28,2024-11-25,Booking.com,72.68,False,False
Harbour Inn,HI-10019,201,Loft Suite,2024-10-05,2024-09-21,Direct,291.84,False,False
Harbour Inn,HI-10019,201,Loft Suite,2024-10-06,2024-09-21,Direct,291.84,False,False
Harbour Inn,HI-10019,201,Loft Suite,2024-10-07,2024-09-21,Direct,291.84,False,False
Harbour Inn,HI-11865,101,Harbour View King,2026-08-03,2026-06-18,Expedia,141.73,False,False
Harbour Inn,HI-11865,101,Harbour View King,2026-08-04,2026-06-18,Expedia,141.73,False,False
Harbour Inn,HI-11865,101,Harbour View King,2026-08-05,2026-06-18,Expedia,141.73,False,False
Harbour Inn,HI-10653,101,Harbour View King,2025-06-11,2025-06-02,Airbnb,195.0,False,False
Harbour Inn,HI-10653,101,Harbour View King,2025-06-12,2025-06-02,Airbnb,195.0,False,False
Harbour Inn,HI-10653,101,Harbour View King,2025-06-13,2025-06-02,Airbnb,195.0,False,False
Harbour Inn,HI-11581,104,Garden Queen,2026-05-17,2026-05-14,Booking.com,133.73,False,False
Harbour Inn,HI-11581,104,Garden Queen,2026-05-18,2026-05-14,Booking.com,133.73,False,False
Harbour Inn,HI-10330,105,Garden Queen,2025-02-15,2025-02-06,Booking.com,122.14,False,False
Harbour Inn,HI-10330,105,Garden Queen,2025-02-16,2025-02-06,Booking.com,122.14,False,False
Harbour Inn,HI-10330,105,Garden Queen,2025-02-17,2025-02-06,Booking.com,122.14,False,False
Harbour Inn,HI-10330,105,Garden Queen,2025-02-18,2025-02-06,Booking.com,122.14,False,False
Harbour Inn,HI-10495,103,Harbour View King,2025-04-29,2025-02-02,Booking.com,122.79,False,False
Harbour Inn,HI-10495,103,Harbour View King,2025-04-30,2025-02-02,Booking.com,122.79,False,False
Harbour Inn,HI-11164,102,Harbour View King,2025-11-06,2025-10-19,Airbnb,113.66,False,False
Harbour Inn,HI-11164,102,Harbour View King,2025-11-07,2025-10-19,Airbnb,113.66,False,False
Harbour Inn,HI-11164,102,Harbour View King,2025-11-08,2025-10-19,Airbnb,113.66,False,False
Harbour Inn,HI-11607,106,Garden Queen,2026-05-24,2026-04-19,Booking.com,114.01,False,False
Harbour Inn,HI-11607,106,Garden Queen,2026-05-25,2026-04-19,Booking.com,114.01,False,False
Harbour Inn,HI-10225,202,Loft Suite,2024-12-29,2024-12-23,Airbnb,129.9,False,False
Harbour Inn,HI-10225,202,Loft Suite,2024-12-30,2024-12-23,Airbnb,129.9,False,False
Harbour Inn,HI-11562,102,Harbour View King,2026-05-12,2026-05-09,Direct,125.0,False,False
Harbour Inn,HI-10560,103,Harbour View King,2025-05-19,2025-05-13,Booking.com,122.02,False,False
Harbour Inn,HI-10560,103,Harbour View King,2025-05-20,2025-05-13,Booking.com,122.02,False,False
Harbour Inn,HI-10906,101,Harbour View King,2025-08-17,2025-07-01,Booking.com,190.21,False,False
Harbour Inn,HI-10906,101,Harbour View King,2025-08-18,2025-07-01,Booking.com,190.21,False,False
Harbour Inn,HI-10906,101,Harbour View King,2025-08-19,2025-07-01,Booking.com,190.21,False,False
Harbour Inn,HI-11501,106,Garden Queen,2026-04-19,2026-04-14,Booking.com,119.83,False,False
Harbour Inn,HI-11501,106,Garden Queen,2026-04-20,2026-04-14,Booking.com,119.83,False,False
Harbour Inn,HI-10039,106,Garden Queen,2024-10-12,2024-04-21,Direct,171.62,False,False
Harbour Inn,HI-10039,106,Garden Queen,2024-10-13,2024-04-21,Direct,171.62,False,False
Harbour Inn,HI-10972,105,Garden Queen,2025-09-02,2025-08-23,Expedia,116.43,False,False
Harbour Inn,HI-10972,105,Garden Queen,2025-09-03,2025-08-23,Expedia,116.43,False,False
Harbour Inn,HI-12080,104,Garden Queen,2026-10-08,2026-09-22,Booking.com,154.85,False,False
Harbour Inn,HI-11555,105,Garden Queen,2026-05-09,2026-05-02,Direct,182.43,False,False
Harbour Inn,HI-10736,102,Harbour View King,2025-07-04,2025-05-13,Expedia,313.14,False,False
Harbour Inn,HI-10736,102,Harbour View King,2025-07-05,2025-05-13,Expedia,313.14,False,False
Harbour Inn,HI-12127,106,Garden Queen,2026-12-07,2026-07-04,Expedia,59.91,False,False
Harbour Inn,HI-11547,101,Harbour View King,2026-05-06,2026-04-22,Booking.com,136.03,False,False
Harbour Inn,HI-11547,101,Harbour View King,2026-05-07,2026-04-22,Booking.com,136.03,False,False
Harbour Inn,HI-10266,201,Loft Suite,2025-01-21,2024-12-21,Booking.com,121.76,False,False
Harbour Inn,HI-11226,105,Garden Queen,2025-12-04,2025-11-17,Booking.com,120.72,False,False
Harbour Inn,HI-11226,105,Garden Queen,2025-12-05,2025-11-17,Booking.com,120.72,False,False
Harbour Inn,HI-11792,104,Garden Queen,2026-07-15,2026-05-05,Booking.com,177.29,False,False
Harbour Inn,HI-11792,104,Garden Queen,2026-07-16,2026-05-05,Booking.com,177.29,False,False
Harbour Inn,HI-11792,104,Garden Queen,2026-07-17,2026-05-05,Booking.com,177.29,False,False
Harbour Inn,HI-11314,105,Garden Queen,2026-01-10,2026-01-03,Booking.com,146.9,False,False
Harbour Inn,HI-10473,106,Garden Queen,2025-04-21,2025-04-01,Direct,117.78,False,False
Harbour Inn,HI-10473,106,Garden Queen,2025-04-22,2025-04-01,Direct,117.78,False,False
Harbour Inn,HI-11363,103,Harbour View King,2026-02-11,2026-01-30,Booking.com,100.35,False,False
Harbour Inn,HI-10224,106,Garden Queen,2024-12-29,2024-12-18,Booking.com,81.69,False,False
Harbour Inn,HI-10224,106,Garden Queen,2024-12-30,2024-12-18,Booking.com,81.69,False,False
Harbour Inn,HI-10591,105,Garden Queen,2025-05-27,2025-04-05,Booking.com,113.92,False,False
Harbour Inn,HI-11479,101,Harbour View King,2026-04-12,2026-04-01,Expedia,136.62,False,False
Harbour Inn,HI-11650,102,Harbour View King,2026-06-06,2026-05-25,Airbnb,334.02,False,False
Harbour Inn,HI-10386,104,Garden Queen,2025-03-19,2025-01-08,Booking.com,75.64,False,False
Harbour Inn,HI-10386,104,Garden Queen,2025-03-20,2025-01-08,Booking.com,75.64,False,False
Harbour Inn,HI-10384,201,Loft Suite,2025-03-18,2025-03-13,Expedia,127.71,False,False
Harbour Inn,HI-10066,102,Harbour View King,2024-10-23,2024-10-18,Expedia,123.35,False,False
Harbour Inn,HI-10066,102,Harbour View King,2024-10-24,2024-10-18,Expedia,123.35,False,False
Harbour Inn,HI-10066,102,Harbour View King,2024-10-25,2024-10-18,Expedia,123.35,False,False
Harbour Inn,HI-11809,105,Garden Queen,2026-07-19,2026-05-18,Booking.com,152.28,False,False
Harbour Inn,HI-11809,105,Garden Queen,2026-07-20,2026-05-18,Booking.com,152.28,False,False
Harbour Inn,HI-11809,105,Garden Queen,2026-07-21,2026-05-18,Booking.com,152.28,False,False
Harbour Inn,HI-10180,104,Garden Queen,2024-12-11,2024-11-28,Expedia,80.62,False,False
Harbour Inn,HI-10180,104,Garden Queen,2024-12-12,2024-11-28,Expedia,80.62,False,False
Harbour Inn,HI-10180,104,Garden Queen,2024-12-13,2024-11-28,Expedia,80.62,False,False
Harbour Inn,HI-11210,101,Harbour View King,2025-11-25,2025-11-20,Direct,90.15,False,False
Harbour Inn,HI-11210,101,Harbour View King,2025-11-26,2025-11-20,Direct,90.15,False,False
Harbour Inn,HI-10790,202,Loft Suite,2025-07-16,2025-01-20,Booking.com,244.74,False,False
Harbour Inn,HI-10790,202,Loft Suite,2025-07-17,2025-01-20,Booking.com,244.74,False,False
Harbour Inn,HI-10944,202,Loft Suite,2025-08-25,2025-08-08,Expedia,271.06,False,False
Harbour Inn,HI-10944,202,Loft Suite,2025-08-26,2025-08-08,Expedia,271.06,False,False
Harbour Inn,HI-11747,104,Garden Queen,2026-07-02,2026-06-15,Direct,198.34,False,False
Harbour Inn,HI-11747,104,Garden Queen,2026-07-03,2026-06-15,Direct,198.34,False,False
Harbour Inn,HI-11747,104,Garden Queen,2026-07-04,2026-06-15,Direct,198.34,False,False
Harbour Inn,HI-11499,105,Garden Queen,2026-04-18,2026-04-06,Expedia,170.16,False,False
Harbour Inn,HI-11499,105,Garden Queen,2026-04-19,2026-04-06,Expedia,170.16,False,False
Harbour Inn,HI-11499,105,Garden Queen,2026-04-20,2026-04-06,Expedia,170.16,False,False
Harbour Inn,HI-10284,105,Garden Queen,2025-01-29,2024-10-02,Booking.com,84.78,False,False
Harbour Inn,HI-10284,105,Garden Queen,2025-01-30,2024-10-02,Booking.com,84.78,False,False
Harbour Inn,HI-10284,105,Garden Queen,2025-01-31,2024-10-02,Booking.com,84.78,False,False
Harbour Inn,HI-10284,105,Garden Queen,2025-02-01,2024-10-02,Booking.com,84.78,False,False
Harbour Inn,HI-11195,105,Garden Queen,2025-11-18,2025-09-04,Booking.com,76.0,False,False
Harbour Inn,HI-11195,105,Garden Queen,2025-11-19,2025-09-04,Booking.com,76.0,False,False
Harbour Inn,HI-11195,105,Garden Queen,2025-11-20,2025-09-04,Booking.com,76.0,False,False
Harbour Inn,HI-11616,105,Garden Queen,2026-05-27,2025-12-14,Airbnb,114.93,False,False
Harbour Inn,HI-11616,105,Garden Queen,2026-05-28,2025-12-14,Airbnb,114.93,False,False
Harbour Inn,HI-11616,105,Garden Queen,2026-05-29,2025-12-14,Airbnb,114.93,False,False
Harbour Inn,HI-11616,105,Garden Queen,2026-05-30,2025-12-14,Airbnb,114.93,False,False
Harbour Inn,HI-11616,105,Garden Queen,2026-05-31,2025-12-14,Airbnb,114.93,False,False
Harbour Inn,HI-10422,102,Harbour View King,2025-04-05,2025-03-18,Booking.com,192.86,False,False
Harbour Inn,HI-11076,202,Loft Suite,2025-10-04,2025-09-23,Booking.com,263.71,False,False
Harbour Inn,HI-11439,101,Harbour View King,2026-03-21,2026-03-19,Expedia,141.79,False,False
Harbour Inn,HI-10263,103,Harbour View King,2025-01-19,2025-01-06,Airbnb,87.95,False,False
Harbour Inn,HI-10263,103,Harbour View King,2025-01-20,2025-01-06,Airbnb,87.95,False,False
Harbour Inn,HI-10259,105,Garden Queen,2025-01-17,2024-09-15,Expedia,136.79,False,False
Harbour Inn,HI-10259,105,Garden Queen,2025-01-18,2024-09-15,Expedia,136.79,False,False
Harbour Inn,HI-10803,105,Garden Queen,2025-07-20,2025-06-09,Booking.com,144.38,False,False
Harbour Inn,HI-10803,105,Garden Queen,2025-07-21,2025-06-09,Booking.com,144.38,False,False
Harbour Inn,HI-10803,105,Garden Queen,2025-07-22,2025-06-09,Booking.com,144.38,False,False
Harbour Inn,HI-11615,104,Garden Queen,2026-05-27,2026-01-28,Booking.com,107.62,False,False
Harbour Inn,HI-11615,104,Garden Queen,2026-05-28,2026-01-28,Booking.com,107.62,False,False
Harbour Inn,HI-11615,104,Garden Queen,2026-05-29,2026-01-28,Booking.com,107.62,False,False
Harbour Inn,HI-11730,202,Loft Suite,2026-06-27,2026-05-11,Direct,308.53,False,False
Harbour Inn,HI-11572,106,Garden Queen,2026-05-14,2026-05-08,Airbnb,129.87,False,False
Harbour Inn,HI-10553,201,Loft Suite,2025-05-16,2024-11-25,Expedia,303.97,False,False
Harbour Inn,HI-11298,102,Harbour View King,2026-01-02,2025-08-23,Expedia,177.24,False,False
Harbour Inn,HI-11298,102,Harbour View King,2026-01-03,2025-08-23,Expedia,177.24,False,False
Harbour Inn,HI-11298,102,Harbour View King,2026-01-04,2025-08-23,Expedia,177.24,False,False
Harbour Inn,HI-10888,102,Harbour View King,2025-08-12,2025-08-06,Booking.com,211.04,False,False
Harbour Inn,HI-11897,103,Harbour View King,2026-08-11,2026-07-14,Booking.com,209.32,False,False
Harbour Inn,HI-11897,103,Harbour View King,2026-08-12,2026-07-14,Booking.com,209.32,False,False
Harbour Inn,HI-10251,102,Harbour View King,2025-01-14,2024-12-30,Direct,77.06,False,False
Harbour Inn,HI-10251,102,Harbour View King,2025-01-15,2024-12-30,Direct,77.06,False,False
Harbour Inn,HI-11652,105,Garden Queen,2026-06-06,2026-06-01,Direct,223.56,False,False
Harbour Inn,HI-11652,105,Garden Queen,2026-06-07,2026-06-01,Direct,223.56,False,False
Harbour Inn,HI-11901,105,Garden Queen,2026-08-12,2026-08-04,Booking.com,167.82,False,False
Harbour Inn,HI-11901,105,Garden Queen,2026-08-13,2026-08-04,Booking.com,167.82,False,False
Harbour Inn,HI-11196,104,Garden Queen,2025-11-19,2025-11-14,Booking.com,98.76,False,False
Harbour Inn,HI-11196,104,Garden Queen,2025-11-20,2025-11-14,Booking.com,98.76,False,False
Harbour Inn,HI-11196,104,Garden Queen,2025-11-21,2025-11-14,Booking.com,98.76,False,False
Harbour Inn,HI-11196,104,Garden Queen,2025-11-22,2025-11-14,Booking.com,98.76,False,False
Harbour Inn,HI-11196,104,Garden Queen,2025-11-23,2025-11-14,Booking.com,98.76,False,False
Harbour Inn,HI-11707,102,Harbour View King,2026-06-22,2026-02-23,Booking.com,226.89,False,False
Harbour Inn,HI-11707,102,Harbour View King,2026-06-23,2026-02-23,Booking.com,226.89,False,False
Harbour Inn,HI-11707,102,Harbour View King,2026-06-24,2026-02-23,Booking.com,226.89,False,False
Harbour Inn,HI-11949,103,Harbour View King,2026-08-26,2026-07-24,Booking.com,192.57,False,False
Harbour Inn,HI-11140,201,Loft Suite,2025-10-26,2025-09-25,Direct,167.73,False,False
Harbour Inn,HI-11140,201,Loft Suite,2025-10-27,2025-09-25,Direct,167.73,False,False
Harbour Inn,HI-11140,201,Loft Suite,2025-10-28,2025-09-25,Direct,167.73,False,False
Harbour Inn,HI-10443,106,Garden Queen,2025-04-11,2025-03-31,Direct,195.78,False,False
Harbour Inn,HI-10443,106,Garden Queen,2025-04-12,2025-03-31,Direct,195.78,False,False
Harbour Inn,HI-10443,106,Garden Queen,2025-04-13,2025-03-31,Direct,195.78,False,False
Harbour Inn,HI-11200,102,Harbour View King,2025-11-21,2025-11-02,Booking.com,149.28,False,False
Harbour Inn,HI-11200,102,Harbour View King,2025-11-22,2025-11-02,Booking.com,149.28,False,False
Harbour Inn,HI-11200,102,Harbour View King,2025-11-23,2025-11-02,Booking.com,149.28,False,False
Harbour Inn,HI-11401,104,Garden Queen,2026-02-26,2026-02-23,Airbnb,75.58,False,False
Harbour Inn,HI-11401,104,Garden Queen,2026-02-27,2026-02-23,Airbnb,75.58,False,False
Harbour Inn,HI-11401,104,Garden Queen,2026-02-28,2026-02-23,Airbnb,75.58,False,False
Harbour Inn,HI-10835,101,Harbour View King,2025-07-30,2025-06-19,Booking.com,183.41,False,False
Harbour Inn,HI-10835,101,Harbour View King,2025-07-31,2025-06-19,Booking.com,183.41,False,False
Harbour Inn,HI-10356,104,Garden Queen,2025-03-01,2025-02-15,Airbnb,122.88,False,False
Harbour Inn,HI-10356,104,Garden Queen,2025-03-02,2025-02-15,Airbnb,122.88,False,False
Harbour Inn,HI-11222,101,Harbour View King,2025-12-02,2025-11-17,Booking.com,99.04,False,False
Harbour Inn,HI-10914,104,Garden Queen,2025-08-18,2025-07-25,Booking.com,179.9,False,False
Harbour Inn,HI-10914,104,Garden Queen,2025-08-19,2025-07-25,Booking.com,179.9,False,False
Harbour Inn,HI-11812,202,Loft Suite,2026-07-19,2026-06-25,Booking.com,246.08,False,False
Harbour Inn,HI-11812,202,Loft Suite,2026-07-20,2026-06-25,Booking.com,246.08,False,False
Harbour Inn,HI-11812,202,Loft Suite,2026-07-21,2026-06-25,Booking.com,246.08,False,False
Harbour Inn,HI-11812,202,Loft Suite,2026-07-22,2026-06-25,Booking.com,246.08,False,False
Harbour Inn,HI-11324,106,Garden Queen,2026-01-17,2025-10-02,Booking.com,154.2,False,False
Harbour Inn,HI-11324,106,Garden Queen,2026-01-18,2025-10-02,Booking.com,154.2,False,False
Harbour Inn,HI-11324,106,Garden Queen,2026-01-19,2025-10-02,Booking.com,154.2,False,False
Harbour Inn,HI-11324,106,Garden Queen,2026-01-20,2025-10-02,Booking.com,154.2,False,False
Harbour Inn,HI-11324,106,Garden Queen,2026-01-21,2025-10-02,Booking.com,154.2,False,False
Harbour Inn,HI-10693,103,Harbour View King,2025-06-20,2025-06-10,Airbnb,303.49,False,False
Harbour Inn,HI-10693,103,Harbour View King,2025-06-21,2025-06-10,Airbnb,303.49,False,False
Harbour Inn,HI-11125,106,Garden Queen,2025-10-21,2025-10-15,Direct,112.01,False,False
Harbour Inn,HI-11125,106,Garden Queen,2025-10-22,2025-10-15,Direct,112.01,False,False
Harbour Inn,HI-11077,101,Harbour View King,2025-10-05,2025-07-12,Booking.com,141.47,False,False
Harbour Inn,HI-11077,101,Harbour View King,2025-10-06,2025-07-12,Booking.com,141.47,False,False
Harbour Inn,HI-11077,101,Harbour View King,2025-10-07,2025-07-12,Booking.com,141.47,False,False
Harbour Inn,HI-10040,201,Loft Suite,2024-10-13,2024-06-25,Airbnb,172.17,False,False
Harbour Inn,HI-12071,201,Loft Suite,2026-10-04,2026-09-26,Booking.com,204.02,False,False
Harbour Inn,HI-12071,201,Loft Suite,2026-10-05,2026-09-26,Booking.com,204.02,False,False
Harbour Inn,HI-12071,201,Loft Suite,2026-10-06,2026-09-26,Booking.com,204.02,False,False
Harbour Inn,HI-11802,105,Garden Queen,2026-07-17,2026-05-10,Booking.com,260.47,False,False
Harbour Inn,HI-11802,105,Garden Queen,2026-07-18,2026-05-10,Booking.com,260.47,False,False
Harbour Inn,HI-11189,101,Harbour View King,2025-11-16,2025-11-12,Expedia,94.91,False,False
Harbour Inn,HI-11189,101,Harbour View King,2025-11-17,2025-11-12,Expedia,94.91,False,False
Harbour Inn,HI-10542,102,Harbour View King,2025-05-14,2025-04-30,Direct,141.1,False,False
Harbour Inn,HI-11678,201,Loft Suite,2026-06-13,2026-05-13,Direct,370.76,False,False
Harbour Inn,HI-10104,106,Garden Queen,2024-11-03,2024-10-18,Booking.com,94.52,False,False
Harbour Inn,HI-10050,106,Garden Queen,2024-10-17,2024-10-11,Direct,151.62,False,False
Harbour Inn,HI-10738,201,Loft Suite,2025-07-04,2025-06-13,Direct,345.75,False,False
Harbour Inn,HI-10054,101,Harbour View King,2024-10-19,2024-10-15,Booking.com,218.81,False,False
Harbour Inn,HI-10054,101,Harbour View King,2024-10-20,2024-10-15,Booking.com,218.81,False,False
Harbour Inn,HI-10054,101,Harbour View King,2024-10-21,2024-10-15,Booking.com,218.81,False,False
Harbour Inn,HI-10470,202,Loft Suite,2025-04-19,2025-03-23,Direct,249.13,False,False
Harbour Inn,HI-10470,202,Loft Suite,2025-04-20,2025-03-23,Direct,249.13,False,False
Harbour Inn,HI-10470,202,Loft Suite,2025-04-21,2025-03-23,Direct,249.13,False,False
Harbour Inn,HI-10470,202,Loft Suite,2025-04-22,2025-03-23,Direct,249.13,False,False
Harbour Inn,HI-10470,202,Loft Suite,2025-04-23,2025-03-23,Direct,249.13,False,False
Harbour Inn,HI-10429,106,Garden Queen,2025-04-07,2025-04-01,Booking.com,115.01,False,False
Harbour Inn,HI-10429,106,Garden Queen,2025-04-08,2025-04-01,Booking.com,115.01,False,False
Harbour Inn,HI-10176,101,Harbour View King,2024-12-10,2024-12-10,Booking.com,71.55,False,False
Harbour Inn,HI-10176,101,Harbour View King,2024-12-11,2024-12-10,Booking.com,71.55,False,False
Harbour Inn,HI-10176,101,Harbour View King,2024-12-12,2024-12-10,Booking.com,71.55,False,False
Harbour Inn,HI-10176,101,Harbour View King,2024-12-13,2024-12-10,Booking.com,71.55,False,False
Harbour Inn,HI-11403,101,Harbour View King,2026-02-27,2026-02-07,Direct,155.99,False,False
Harbour Inn,HI-11046,104,Garden Queen,2025-09-25,2025-09-24,Airbnb,147.95,False,False
Harbour Inn,HI-11535,201,Loft Suite,2026-05-01,2025-12-17,Direct,323.06,False,False
Harbour Inn,HI-11535,201,Loft Suite,2026-05-02,2025-12-17,Direct,323.06,False,False
Harbour Inn,HI-10984,102,Harbour View King,2025-09-06,2025-08-21,Expedia,246.92,False,False
Harbour Inn,HI-10984,102,Harbour View King,2025-09-07,2025-08-21,Expedia,246.92,False,False
Harbour Inn,HI-10984,102,Harbour View King,2025-09-08,2025-08-21,Expedia,246.92,False,False
Harbour Inn,HI-10623,103,Harbour View King,2025-06-04,2025-05-01,Booking.com,183.92,False,False
Harbour Inn,HI-10623,103,Harbour View King,2025-06-05,2025-05-01,Booking.com,183.92,False,False
Harbour Inn,HI-10623,103,Harbour View King,2025-06-06,2025-05-01,Booking.com,183.92,False,False
Harbour Inn,HI-10662,105,Garden Queen,2025-06-13,2025-04-15,Booking.com,302.19,False,False
Harbour Inn,HI-10949,202,Loft Suite,2025-08-27,2025-07-30,Direct,283.53,False,False
Harbour Inn,HI-10949,202,Loft Suite,2025-08-28,2025-07-30,Direct,283.53,False,False
Harbour Inn,HI-10949,202,Loft Suite,2025-08-29,2025-07-30,Direct,283.53,False,False
Harbour Inn,HI-11130,202,Loft Suite,2025-10-23,2025-10-13,Direct,226.34,False,False
Harbour Inn,HI-11130,202,Loft Suite,2025-10-24,2025-10-13,Direct,226.34,False,False
Harbour Inn,HI-11130,202,Loft Suite,2025-10-25,2025-10-13,Direct,226.34,False,False
Harbour Inn,HI-12042,101,Harbour View King,2026-09-26,2026-09-16,Direct,197.68,False,False
Harbour Inn,HI-12042,101,Harbour View King,2026-09-27,2026-09-16,Direct,197.68,False,False
Harbour Inn,HI-12042,101,Harbour View King,2026-09-28,2026-09-16,Direct,197.68,False,False
Harbour Inn,HI-12077,101,Harbour View King,2026-10-07,2026-09-26,Booking.com,126.29,False,False
Harbour Inn,HI-10271,103,Harbour View King,2025-01-24,2024-10-18,Expedia,165.07,False,False
Harbour Inn,HI-10271,103,Harbour View King,2025-01-25,2024-10-18,Expedia,165.07,False,False
Harbour Inn,HI-11343,105,Garden Queen,2026-01-27,2026-01-05,Booking.com,91.4,False,False
Harbour Inn,HI-11609,103,Harbour View King,2026-05-25,2026-01-14,Airbnb,126.4,False,False
Harbour Inn,HI-11609,103,Harbour View King,2026-05-26,2026-01-14,Airbnb,126.4,False,False
Harbour Inn,HI-11609,103,Harbour View King,2026-05-27,2026-01-14,Airbnb,126.4,False,False
Harbour Inn,HI-10937,106,Garden Queen,2025-08-23,2025-07-25,Airbnb,219.23,False,False
Harbour Inn,HI-10937,106,Garden Queen,2025-08-24,2025-07-25,Airbnb,219.23,False,False
Harbour Inn,HI-10937,106,Garden Queen,2025-08-25,2025-07-25,Airbnb,219.23,False,False
Harbour Inn,HI-12135,102,Harbour View King,2026-12-20,2026-09-16,Direct,110.79,False,False
Harbour Inn,HI-12135,102,Harbour View King,2026-12-21,2026-09-16,Direct,110.79,False,False
Harbour Inn,HI-12135,102,Harbour View King,2026-12-22,2026-09-16,Direct,110.79,False,False
Harbour Inn,HI-10536,103,Harbour View King,2025-05-12,2025-04-21,Direct,123.79,False,False
Harbour Inn,HI-10896,101,Harbour View King,2025-08-15,2025-07-24,Booking.com,331.29,False,False
Harbour Inn,HI-10896,101,Harbour View King,2025-08-16,2025-07-24,Booking.com,331.29,False,False
Harbour Inn,HI-11013,106,Garden Queen,2025-09-15,2025-09-09,Booking.com,101.57,False,False
Harbour Inn,HI-11013,106,Garden Queen,2025-09-16,2025-09-09,Booking.com,101.57,False,False
Harbour Inn,HI-11013,106,Garden Queen,2025-09-17,2025-09-09,Booking.com,101.57,False,False
Harbour Inn,HI-11899,202,Loft Suite,2026-08-11,2026-07-28,Booking.com,207.21,False,False
Harbour Inn,HI-11899,202,Loft Suite,2026-08-12,2026-07-28,Booking.com,207.21,False,False
Harbour Inn,HI-11899,202,Loft Suite,2026-08-13,2026-07-28,Booking.com,207.21,False,False
Harbour Inn,HI-10377,104,Garden Queen,2025-03-14,2025-03-13,Booking.com,131.46,False,False
Harbour Inn,HI-10377,104,Garden Queen,2025-03-15,2025-03-13,Booking.com,131.46,False,False
Harbour Inn,HI-10377,104,Garden Queen,2025-03-16,2025-03-13,Booking.com,131.46,False,False
Harbour Inn,HI-10167,202,Loft Suite,2024-12-05,2024-11-26,Booking.com,158.16,False,False
Harbour Inn,HI-10167,202,Loft Suite,2024-12-06,2024-11-26,Booking.com,158.16,False,False
Harbour Inn,HI-10167,202,Loft Suite,2024-12-07,2024-11-26,Booking.com,158.16,False,False
Harbour Inn,HI-10167,202,Loft Suite,2024-12-08,2024-11-26,Booking.com,158.16,False,False
Harbour Inn,HI-12102,202,Loft Suite,2026-10-20,2026-05-21,Expedia,132.83,False,False
Harbour Inn,HI-12102,202,Loft Suite,2026-10-21,2026-05-21,Expedia,132.83,False,False
Harbour Inn,HI-12102,202,Loft Suite,2026-10-22,2026-05-21,Expedia,132.83,False,False
Harbour Inn,HI-10540,202,Loft Suite,2025-05-13,2025-05-07,Booking.com,189.17,False,False
Harbour Inn,HI-10540,202,Loft Suite,2025-05-14,2025-05-07,Booking.com,189.17,False,False
Harbour Inn,HI-10540,202,Loft Suite,2025-05-15,2025-05-07,Booking.com,189.17,False,False
Harbour Inn,HI-11543,106,Garden Queen,2026-05-04,2026-04-26,Booking.com,120.32,False,False
Harbour Inn,HI-11543,106,Garden Queen,2026-05-05,2026-04-26,Booking.com,120.32,False,False
Harbour Inn,HI-11935,106,Garden Queen,2026-08-21,2026-04-12,Expedia,215.24,False,False
Harbour Inn,HI-11935,106,Garden Queen,2026-08-22,2026-04-12,Expedia,215.24,False,False
Harbour Inn,HI-12055,106,Garden Queen,2026-09-30,2026-09-02,Airbnb,108.57,False,False
Harbour Inn,HI-12055,106,Garden Queen,2026-10-01,2026-09-02,Airbnb,108.57,False,False
Harbour Inn,HI-10211,201,Loft Suite,2024-12-24,2024-12-18,Booking.com,125.73,False,False
Harbour Inn,HI-10211,201,Loft Suite,2024-12-25,2024-12-18,Booking.com,125.73,False,False
Harbour Inn,HI-11375,201,Loft Suite,2026-02-15,2026-02-05,Booking.com,143.43,False,False
Harbour Inn,HI-11375,201,Loft Suite,2026-02-16,2026-02-05,Booking.com,143.43,False,False
Harbour Inn,HI-10015,202,Loft Suite,2024-10-04,2024-04-27,Airbnb,299.36,False,False
Harbour Inn,HI-10015,202,Loft Suite,2024-10-05,2024-04-27,Airbnb,299.36,False,False
Harbour Inn,HI-10347,106,Garden Queen,2025-02-25,2025-02-11,Booking.com,69.99,False,False
Harbour Inn,HI-12028,103,Harbour View King,2026-09-22,2026-09-08,Direct,136.89,False,False
Harbour Inn,HI-12028,103,Harbour View King,2026-09-23,2026-09-08,Direct,136.89,False,False
Harbour Inn,HI-12028,103,Harbour View King,2026-09-24,2026-09-08,Direct,136.89,False,False
Harbour Inn,HI-11110,105,Garden Queen,2025-10-16,2025-06-10,Direct,138.59,False,False
Harbour Inn,HI-11110,105,Garden Queen,2025-10-17,2025-06-10,Direct,138.59,False,False
Harbour Inn,HI-11110,105,Garden Queen,2025-10-18,2025-06-10,Direct,138.59,False,False
Harbour Inn,HI-11110,105,Garden Queen,2025-10-19,2025-06-10,Direct,138.59,False,False
Harbour Inn,HI-11354,104,Garden Queen,2026-02-06,2026-02-01,Direct,141.81,False,False
Harbour Inn,HI-11354,104,Garden Queen,2026-02-07,2026-02-01,Direct,141.81,False,False
Harbour Inn,HI-11354,104,Garden Queen,2026-02-08,2026-02-01,Direct,141.81,False,False
Harbour Inn,HI-11612,202,Loft Suite,2026-05-25,2026-04-17,Booking.com,186.75,False,False
Harbour Inn,HI-11612,202,Loft Suite,2026-05-26,2026-04-17,Booking.com,186.75,False,False
Harbour Inn,HI-10928,202,Loft Suite,2025-08-21,2025-07-18,Airbnb,342.84,False,False
Harbour Inn,HI-10928,202,Loft Suite,2025-08-22,2025-07-18,Airbnb,342.84,False,False
Harbour Inn,HI-10660,103,Harbour View King,2025-06-13,2025-05-18,Direct,294.3,False,False
Harbour Inn,HI-11299,103,Harbour View King,2026-01-02,2025-12-29,Direct,127.04,False,False
Harbour Inn,HI-11550,202,Loft Suite,2026-05-07,2026-04-20,Booking.com,233.34,False,False
Harbour Inn,HI-11550,202,Loft Suite,2026-05-08,2026-04-20,Booking.com,233.34,False,False
Harbour Inn,HI-10688,202,Loft Suite,2025-06-18,2025-05-21,Direct,245.02,False,False
Harbour Inn,HI-10786,101,Harbour View King,2025-07-16,2025-06-12,Direct,211.96,False,False
Harbour Inn,HI-10786,101,Harbour View King,2025-07-17,2025-06-12,Direct,211.96,False,False
Harbour Inn,HI-10786,101,Harbour View King,2025-07-18,2025-06-12,Direct,211.96,False,False
Harbour Inn,HI-10618,105,Garden Queen,2025-06-03,2025-05-05,Booking.com,153.75,False,False
Harbour Inn,HI-10618,105,Garden Queen,2025-06-04,2025-05-05,Booking.com,153.75,False,False
Harbour Inn,HI-10618,105,Garden Queen,2025-06-05,2025-05-05,Booking.com,153.75,False,False
Harbour Inn,HI-10618,105,Garden Queen,2025-06-06,2025-05-05,Booking.com,153.75,False,False
Harbour Inn,HI-10764,201,Loft Suite,2025-07-10,2025-04-15,Expedia,275.55,False,False
Harbour Inn,HI-10764,201,Loft Suite,2025-07-11,2025-04-15,Expedia,275.55,False,False
Harbour Inn,HI-10764,201,Loft Suite,2025-07-12,2025-04-15,Expedia,275.55,False,False
Harbour Inn,HI-10764,201,Loft Suite,2025-07-13,2025-04-15,Expedia,275.55,False,False
Harbour Inn,HI-10764,201,Loft Suite,2025-07-14,2025-04-15,Expedia,275.55,False,False
Harbour Inn,HI-10106,101,Harbour View King,2024-11-04,2024-10-25,Booking.com,92.09,False,False
Harbour Inn,HI-10106,101,Harbour View King,2024-11-05,2024-10-25,Booking.com,92.09,False,False
Harbour Inn,HI-10106,101,Harbour View King,2024-11-06,2024-10-25,Booking.com,92.09,False,False
Harbour Inn,HI-10106,101,Harbour View King,2024-11-07,2024-10-25,Booking.com,92.09,False,False
Harbour Inn,HI-10106,101,Harbour View King,2024-11-08,2024-10-25,Booking.com,92.09,False,False
Harbour Inn,HI-11649,101,Harbour View King,2026-06-06,2025-12-11,Direct,283.84,False,False
Harbour Inn,HI-11649,101,Harbour View King,2026-06-07,2025-12-11,Direct,283.84,False,False
Harbour Inn,HI-11907,105,Garden Queen,2026-08-14,2026-07-30,Direct,287.34,False,False
Harbour Inn,HI-11907,105,Garden Queen,2026-08-15,2026-07-30,Direct,287.34,False,False
Harbour Inn,HI-10819,104,Garden Queen,2025-07-24,2025-01-30,Airbnb,167.1,False,False
Harbour Inn,HI-10819,104,Garden Queen,2025-07-25,2025-01-30,Airbnb,167.1,False,False
Harbour Inn,HI-10819,104,Garden Queen,2025-07-26,2025-01-30,Airbnb,167.1,False,False
Harbour Inn,HI-10819,104,Garden Queen,2025-07-27,2025-01-30,Airbnb,167.1,False,False
Harbour Inn,HI-10819,104,Garden Queen,2025-07-28,2025-01-30,Airbnb,167.1,False,False
Harbour Inn,HI-12007,101,Harbour View King,2026-09-13,2026-09-03,Direct,142.17,False,False
Harbour Inn,HI-12007,101,Harbour View King,2026-09-14,2026-09-03,Direct,142.17,False,False
Harbour Inn,HI-10808,106,Garden Queen,2025-07-21,2025-07-12,Airbnb,135.97,False,False
Harbour Inn,HI-10700,103,Harbour View King,2025-06-22,2025-06-06,Booking.com,182.61,False,False
Harbour Inn,HI-10700,103,Harbour View King,2025-06-23,2025-06-06,Booking.com,182.61,False,False
Harbour Inn,HI-10700,103,Harbour View King,2025-06-24,2025-06-06,Booking.com,182.61,False,False
Harbour Inn,HI-11618,103,Harbour View King,2026-05-28,2026-05-25,Expedia,145.55,False,False
Harbour Inn,HI-11618,103,Harbour View King,2026-05-29,2026-05-25,Expedia,145.55,False,False
Harbour Inn,HI-12008,202,Loft Suite,2026-09-13,2026-08-03,Airbnb,195.1,False,False
Harbour Inn,HI-12008,202,Loft Suite,2026-09-14,2026-08-03,Airbnb,195.1,False,False
Harbour Inn,HI-10960,106,Garden Queen,2025-08-30,2025-08-29,Airbnb,280.51,False,False
Harbour Inn,HI-10960,106,Garden Queen,2025-08-31,2025-08-29,Airbnb,280.51,False,False
Harbour Inn,HI-10960,106,Garden Queen,2025-09-01,2025-08-29,Airbnb,280.51,False,False
Harbour Inn,HI-10960,106,Garden Queen,2025-09-02,2025-08-29,Airbnb,280.51,False,False
Harbour Inn,HI-11589,201,Loft Suite,2026-05-19,2026-05-09,Expedia,137.06,False,False
Harbour Inn,HI-11589,201,Loft Suite,2026-05-20,2026-05-09,Expedia,137.06,False,False
Harbour Inn,HI-11589,201,Loft Suite,2026-05-21,2026-05-09,Expedia,137.06,False,False
Harbour Inn,HI-11589,201,Loft Suite,2026-05-22,2026-05-09,Expedia,137.06,False,False
Harbour Inn,HI-11360,201,Loft Suite,2026-02-09,2026-02-08,Booking.com,105.87,False,False
Harbour Inn,HI-11360,201,Loft Suite,2026-02-10,2026-02-08,Booking.com,105.87,False,False
Harbour Inn,HI-11360,201,Loft Suite,2026-02-11,2026-02-08,Booking.com,105.87,False,False
Harbour Inn,HI-11621,101,Harbour View King,2026-05-29,2026-04-09,Airbnb,217.69,False,False
Harbour Inn,HI-11621,101,Harbour View King,2026-05-30,2026-04-09,Airbnb,217.69,False,False
Harbour Inn,HI-11621,101,Harbour View King,2026-05-31,2026-04-09,Airbnb,217.69,False,False
Harbour Inn,HI-11621,101,Harbour View King,2026-06-01,2026-04-09,Airbnb,217.69,False,False
Harbour Inn,HI-11621,101,Harbour View King,2026-06-02,2026-04-09,Airbnb,217.69,False,False
Harbour Inn,HI-12126,104,Garden Queen,2026-12-03,2026-09-13,Booking.com,106.33,False,False
Harbour Inn,HI-12126,104,Garden Queen,2026-12-04,2026-09-13,Booking.com,106.33,False,False
Harbour Inn,HI-11595,103,Harbour View King,2026-05-21,2026-05-11,Booking.com,195.05,False,False
Harbour Inn,HI-11595,103,Harbour View King,2026-05-22,2026-05-11,Booking.com,195.05,False,False
Harbour Inn,HI-11595,103,Harbour View King,2026-05-23,2026-05-11,Booking.com,195.05,False,False
Harbour Inn,HI-10827,105,Garden Queen,2025-07-26,2025-07-13,Direct,244.84,False,False
Harbour Inn,HI-10827,105,Garden Queen,2025-07-27,2025-07-13,Direct,244.84,False,False
Harbour Inn,HI-10543,103,Harbour View King,2025-05-14,2025-01-08,Booking.com,144.89,False,False
Harbour Inn,HI-10543,103,Harbour View King,2025-05-15,2025-01-08,Booking.com,144.89,False,False
Harbour Inn,HI-10543,103,Harbour View King,2025-05-16,2025-01-08,Booking.com,144.89,False,False
Harbour Inn,HI-11239,106,Garden Queen,2025-12-10,2025-12-07,Expedia,74.97,False,False
Harbour Inn,HI-11239,106,Garden Queen,2025-12-11,2025-12-07,Expedia,74.97,False,False
Harbour Inn,HI-11789,101,Harbour View King,2026-07-14,2026-06-16,Expedia,147.21,False,False
Harbour Inn,HI-11789,101,Harbour View King,2026-07-15,2026-06-16,Expedia,147.21,False,False
Harbour Inn,HI-11789,101,Harbour View King,2026-07-16,2026-06-16,Expedia,147.21,False,False
Harbour Inn,HI-11833,103,Harbour View King,2026-07-25,2026-07-13,Booking.com,307.82,False,False
Harbour Inn,HI-11833,103,Harbour View King,2026-07-26,2026-07-13,Booking.com,307.82,False,False
Harbour Inn,HI-11991,201,Loft Suite,2026-09-06,2026-05-07,Direct,180.26,False,False
Harbour Inn,HI-10935,103,Harbour View King,2025-08-23,2025-07-22,Booking.com,307.57,False,False
Harbour Inn,HI-10097,104,Garden Queen,2024-11-01,2024-10-28,Booking.com,102.67,False,False
Harbour Inn,HI-10755,102,Harbour View King,2025-07-08,2025-06-20,Booking.com,209.57,False,False
Harbour Inn,HI-10755,102,Harbour View King,2025-07-09,2025-06-20,Booking.com,209.57,False,False
Harbour Inn,HI-10609,106,Garden Queen,2025-06-01,2025-04-04,Airbnb,171.73,False,False
Harbour Inn,HI-10191,102,Harbour View King,2024-12-15,2024-12-03,Airbnb,104.0,False,False
Harbour Inn,HI-10191,102,Harbour View King,2024-12-16,2024-12-03,Airbnb,104.0,False,False
Harbour Inn,HI-10191,102,Harbour View King,2024-12-17,2024-12-03,Airbnb,104.0,False,False
Harbour Inn,HI-11830,105,Garden Queen,2026-07-24,2026-02-27,Direct,282.97,False,False
Harbour Inn,HI-11830,105,Garden Queen,2026-07-25,2026-02-27,Direct,282.97,False,False
Harbour Inn,HI-10086,202,Loft Suite,2024-10-27,2024-10-02,Booking.com,191.95,False,False
Harbour Inn,HI-10086,202,Loft Suite,2024-10-28,2024-10-02,Booking.com,191.95,False,False
Harbour Inn,HI-10086,202,Loft Suite,2024-10-29,2024-10-02,Booking.com,191.95,False,False
Harbour Inn,HI-10086,202,Loft Suite,2024-10-30,2024-10-02,Booking.com,191.95,False,False
Harbour Inn,HI-10011,101,Harbour View King,2024-10-04,2024-09-24,Direct,188.92,False,False
Harbour Inn,HI-10011,101,Harbour View King,2024-10-05,2024-09-24,Direct,188.92,False,False
Harbour Inn,HI-10011,101,Harbour View King,2024-10-06,2024-09-24,Direct,188.92,False,False
Harbour Inn,HI-10913,102,Harbour View King,2025-08-18,2025-08-02,Direct,175.52,False,False
Harbour Inn,HI-10913,102,Harbour View King,2025-08-19,2025-08-02,Direct,175.52,False,False
Harbour Inn,HI-10913,102,Harbour View King,2025-08-20,2025-08-02,Direct,175.52,False,False
Harbour Inn,HI-10855,102,Harbour View King,2025-08-03,2025-07-29,Booking.com,193.76,False,False
Harbour Inn,HI-11878,105,Garden Queen,2026-08-06,2026-07-23,Airbnb,201.7,False,False
Harbour Inn,HI-11878,105,Garden Queen,2026-08-07,2026-07-23,Airbnb,201.7,False,False
Harbour Inn,HI-10464,102,Harbour View King,2025-04-18,2025-04-12,Booking.com,166.37,False,False
Harbour Inn,HI-10464,102,Harbour View King,2025-04-19,2025-04-12,Booking.com,166.37,False,False
Harbour Inn,HI-11941,202,Loft Suite,2026-08-23,2026-06-28,Booking.com,293.27,False,False
Harbour Inn,HI-11941,202,Loft Suite,2026-08-24,2026-06-28,Booking.com,293.27,False,False
Harbour Inn,HI-11941,202,Loft Suite,2026-08-25,2026-06-28,Booking.com,293.27,False,False
Harbour Inn,HI-11941,202,Loft Suite,2026-08-26,2026-06-28,Booking.com,293.27,False,False
Harbour Inn,HI-10124,201,Loft Suite,2024-11-15,2024-11-14,Airbnb,202.77,False,False
Harbour Inn,HI-10124,201,Loft Suite,2024-11-16,2024-11-14,Airbnb,202.77,False,False
Harbour Inn,HI-10124,201,Loft Suite,2024-11-17,2024-11-14,Airbnb,202.77,False,False
Harbour Inn,HI-11868,202,Loft Suite,2026-08-03,2026-07-15,Airbnb,210.42,False,False
Harbour Inn,HI-11868,202,Loft Suite,2026-08-04,2026-07-15,Airbnb,210.42,False,False
Harbour Inn,HI-11338,105,Garden Queen,2026-01-25,2026-01-05,Direct,96.85,False,False
Harbour Inn,HI-11619,106,Garden Queen,2026-05-28,2026-04-05,Direct,147.6,False,False
Harbour Inn,HI-11405,105,Garden Queen,2026-02-27,2026-02-19,Booking.com,144.9,False,False
Harbour Inn,HI-11405,105,Garden Queen,2026-02-28,2026-02-19,Booking.com,144.9,False,False
Harbour Inn,HI-10267,202,Loft Suite,2025-01-21,2025-01-12,Airbnb,124.86,False,False
Harbour Inn,HI-10267,202,Loft Suite,2025-01-22,2025-01-12,Airbnb,124.86,False,False
Harbour Inn,HI-10578,202,Loft Suite,2025-05-24,2025-05-10,Direct,280.74,False,False
Harbour Inn,HI-10578,202,Loft Suite,2025-05-25,2025-05-10,Direct,280.74,False,False
Harbour Inn,HI-10471,101,Harbour View King,2025-04-20,2025-04-07,Expedia,150.19,False,False
Harbour Inn,HI-10471,101,Harbour View King,2025-04-21,2025-04-07,Expedia,150.19,False,False
Harbour Inn,HI-10471,101,Harbour View King,2025-04-22,2025-04-07,Expedia,150.19,False,False
Harbour Inn,HI-11839,101,Harbour View King,2026-07-27,2026-07-15,Airbnb,184.71,False,False
Harbour Inn,HI-11839,101,Harbour View King,2026-07-28,2026-07-15,Airbnb,184.71,False,False
Harbour Inn,HI-10759,106,Garden Queen,2025-07-09,2025-06-28,Booking.com,147.55,False,False
Harbour Inn,HI-11850,104,Garden Queen,2026-07-30,2026-06-28,Airbnb,192.79,False,False
Harbour Inn,HI-11850,104,Garden Queen,2026-07-31,2026-06-28,Airbnb,192.79,False,False
Harbour Inn,HI-11850,104,Garden Queen,2026-08-01,2026-06-28,Airbnb,192.79,False,False
Harbour Inn,HI-10657,104,Garden Queen,2025-06-12,2024-12-26,Expedia,203.03,False,False
Harbour Inn,HI-10657,104,Garden Queen,2025-06-13,2024-12-26,Expedia,203.03,False,False
Harbour Inn,HI-10657,104,Garden Queen,2025-06-14,2024-12-26,Expedia,203.03,False,False
Harbour Inn,HI-11561,106,Garden Queen,2026-05-11,2026-05-02,Booking.com,108.83,False,False
Harbour Inn,HI-11561,106,Garden Queen,2026-05-12,2026-05-02,Booking.com,108.83,False,False
Harbour Inn,HI-11561,106,Garden Queen,2026-05-13,2026-05-02,Booking.com,108.83,False,False
Harbour Inn,HI-11740,202,Loft Suite,2026-06-30,2026-06-23,Airbnb,244.55,False,False
Harbour Inn,HI-11740,202,Loft Suite,2026-07-01,2026-06-23,Airbnb,244.55,False,False
Harbour Inn,HI-10084,104,Garden Queen,2024-10-27,2024-05-10,Booking.com,105.43,False,False
Harbour Inn,HI-10084,104,Garden Queen,2024-10-28,2024-05-10,Booking.com,105.43,False,False
Harbour Inn,HI-10084,104,Garden Queen,2024-10-29,2024-05-10,Booking.com,105.43,False,False
Harbour Inn,HI-10084,104,Garden Queen,2024-10-30,2024-05-10,Booking.com,105.43,False,False
Harbour Inn,HI-11213,105,Garden Queen,2025-11-27,2025-11-17,Airbnb,108.8,False,False
Harbour Inn,HI-11213,105,Garden Queen,2025-11-28,2025-11-17,Airbnb,108.8,False,False
Harbour Inn,HI-11841,105,Garden Queen,2026-07-27,2026-07-18,Booking.com,157.53,False,False
Harbour Inn,HI-11841,105,Garden Queen,2026-07-28,2026-07-18,Booking.com,157.53,False,False
Harbour Inn,HI-11586,201,Loft Suite,2026-05-18,2026-05-15,Booking.com,175.19,False,False
Harbour Inn,HI-10498,202,Loft Suite,2025-04-29,2025-03-25,Booking.com,155.08,False,False
Harbour Inn,HI-10498,202,Loft Suite,2025-04-30,2025-03-25,Booking.com,155.08,False,False
Harbour Inn,HI-12117,105,Garden Queen,2026-10-30,2026-08-18,Direct,195.1,False,False
Harbour Inn,HI-12117,105,Garden Queen,2026-10-31,2026-08-18,Direct,195.1,False,False
Harbour Inn,HI-12052,106,Garden Queen,2026-09-29,2026-08-05,Expedia,109.84,False,False
Harbour Inn,HI-11079,201,Loft Suite,2025-10-05,2025-09-26,Booking.com,172.58,False,False
Harbour Inn,HI-11079,201,Loft Suite,2025-10-06,2025-09-26,Booking.com,172.58,False,False
Harbour Inn,HI-11079,201,Loft Suite,2025-10-07,2025-09-26,Booking.com,172.58,False,False
Harbour Inn,HI-10636,102,Harbour View King,2025-06-07,2025-05-27,Booking.com,293.5,False,False
Harbour Inn,HI-10636,102,Harbour View King,2025-06-08,2025-05-27,Booking.com,293.5,False,False
Harbour Inn,HI-10636,102,Harbour View King,2025-06-09,2025-05-27,Booking.com,293.5,False,False
Harbour Inn,HI-10636,102,Harbour View King,2025-06-10,2025-05-27,Booking.com,293.5,False,False
Harbour Inn,HI-10636,102,Harbour View King,2025-06-11,2025-05-27,Booking.com,293.5,False,False
Harbour Inn,HI-11172,103,Harbour View King,2025-11-08,2025-11-05,Booking.com,118.71,False,False
Harbour Inn,HI-11172,103,Harbour View King,2025-11-09,2025-11-05,Booking.com,118.71,False,False
Harbour Inn,HI-11172,103,Harbour View King,2025-11-10,2025-11-05,Booking.com,118.71,False,False
Harbour Inn,HI-11172,103,Harbour View King,2025-11-11,2025-11-05,Booking.com,118.71,False,False
Harbour Inn,HI-11002,101,Harbour View King,2025-09-13,2025-08-31,Expedia,177.13,False,False
Harbour Inn,HI-11002,101,Harbour View King,2025-09-14,2025-08-31,Expedia,177.13,False,False
Harbour Inn,HI-11002,101,Harbour View King,2025-09-15,2025-08-31,Expedia,177.13,False,False
Harbour Inn,HI-11035,103,Harbour View King,2025-09-22,2025-09-09,Booking.com,134.11,False,False
Harbour Inn,HI-11035,103,Harbour View King,2025-09-23,2025-09-09,Booking.com,134.11,False,False
Harbour Inn,HI-10399,102,Harbour View King,2025-03-26,2025-03-18,Booking.com,109.58,False,False
Harbour Inn,HI-10399,102,Harbour View King,2025-03-27,2025-03-18,Booking.com,109.58,False,False
Harbour Inn,HI-10399,102,Harbour View King,2025-03-28,2025-03-18,Booking.com,109.58,False,False
Harbour Inn,HI-10255,105,Garden Queen,2025-01-15,2025-01-11,Airbnb,71.8,False,False
Harbour Inn,HI-10255,105,Garden Queen,2025-01-16,2025-01-11,Airbnb,71.8,False,False
Harbour Inn,HI-11573,102,Harbour View King,2026-05-15,2026-02-16,Booking.com,216.42,False,False
Harbour Inn,HI-10492,102,Harbour View King,2025-04-27,2025-04-14,Airbnb,131.59,False,False
Harbour Inn,HI-10216,104,Garden Queen,2024-12-27,2024-12-16,Airbnb,138.54,False,False
Harbour Inn,HI-10216,104,Garden Queen,2024-12-28,2024-12-16,Airbnb,138.54,False,False
Harbour Inn,HI-10216,104,Garden Queen,2024-12-29,2024-12-16,Airbnb,138.54,False,False
Harbour Inn,HI-10216,104,Garden Queen,2024-12-30,2024-12-16,Airbnb,138.54,False,False
Harbour Inn,HI-11158,103,Harbour View King,2025-11-01,2025-10-30,Direct,124.03,False,False
Harbour Inn,HI-11158,103,Harbour View King,2025-11-02,2025-10-30,Direct,124.03,False,False
Harbour Inn,HI-11158,103,Harbour View King,2025-11-03,2025-10-30,Direct,124.03,False,False
Harbour Inn,HI-10317,104,Garden Queen,2025-02-10,2024-09-20,Booking.com,93.17,False,False
Harbour Inn,HI-10457,103,Harbour View King,2025-04-15,2025-01-21,Expedia,153.16,False,False
Harbour Inn,HI-10457,103,Harbour View King,2025-04-16,2025-01-21,Expedia,153.16,False,False
Harbour Inn,HI-12050,101,Harbour View King,2026-09-29,2026-09-20,Booking.com,138.02,False,False
Harbour Inn,HI-12050,101,Harbour View King,2026-09-30,2026-09-20,Booking.com,138.02,False,False
Harbour Inn,HI-10728,106,Garden Queen,2025-07-01,2025-06-09,Direct,167.09,False,False
Harbour Inn,HI-10728,106,Garden Queen,2025-07-02,2025-06-09,Direct,167.09,False,False
Harbour Inn,HI-10728,106,Garden Queen,2025-07-03,2025-06-09,Direct,167.09,False,False
Harbour Inn,HI-10890,106,Garden Queen,2025-08-13,2025-08-03,Booking.com,131.94,False,False
Harbour Inn,HI-10890,106,Garden Queen,2025-08-14,2025-08-03,Booking.com,131.94,False,False
Harbour Inn,HI-10890,106,Garden Queen,2025-08-15,2025-08-03,Booking.com,131.94,False,False
Harbour Inn,HI-10615,202,Loft Suite,2025-06-02,2025-05-28,Booking.com,231.37,False,False
Harbour Inn,HI-10615,202,Loft Suite,2025-06-03,2025-05-28,Booking.com,231.37,False,False
Harbour Inn,HI-10507,101,Harbour View King,2025-05-02,2025-04-18,Booking.com,194.45,False,False
Harbour Inn,HI-10507,101,Harbour View King,2025-05-03,2025-04-18,Booking.com,194.45,False,False
Harbour Inn,HI-10507,101,Harbour View King,2025-05-04,2025-04-18,Booking.com,194.45,False,False
Harbour Inn,HI-10507,101,Harbour View King,2025-05-05,2025-04-18,Booking.com,194.45,False,False
Harbour Inn,HI-11025,202,Loft Suite,2025-09-19,2025-09-01,Booking.com,259.26,False,False
Harbour Inn,HI-11025,202,Loft Suite,2025-09-20,2025-09-01,Booking.com,259.26,False,False
Harbour Inn,HI-11223,106,Garden Queen,2025-12-02,2025-11-21,Direct,71.65,False,False
Harbour Inn,HI-11223,106,Garden Queen,2025-12-03,2025-11-21,Direct,71.65,False,False
Harbour Inn,HI-11723,103,Harbour View King,2026-06-26,2026-06-19,Direct,300.69,False,False
Harbour Inn,HI-11723,103,Harbour View King,2026-06-27,2026-06-19,Direct,300.69,False,False
Harbour Inn,HI-11630,201,Loft Suite,2026-05-31,2026-05-17,Direct,178.67,False,False
Harbour Inn,HI-11630,201,Loft Suite,2026-06-01,2026-05-17,Direct,178.67,False,False
Harbour Inn,HI-11630,201,Loft Suite,2026-06-02,2026-05-17,Direct,178.67,False,False
Harbour Inn,HI-11262,103,Harbour View King,2025-12-20,2025-12-13,Booking.com,160.54,False,False
Harbour Inn,HI-11367,103,Harbour View King,2026-02-12,2026-02-05,Direct,127.3,False,False
Harbour Inn,HI-11367,103,Harbour View King,2026-02-13,2026-02-05,Direct,127.3,False,False
Harbour Inn,HI-11245,101,Harbour View King,2025-12-14,2025-12-12,Direct,81.7,False,False
Harbour Inn,HI-11245,101,Harbour View King,2025-12-15,2025-12-12,Direct,81.7,False,False
Harbour Inn,HI-10722,103,Harbour View King,2025-06-30,2025-06-21,Airbnb,168.17,False,False
Harbour Inn,HI-10722,103,Harbour View King,2025-07-01,2025-06-21,Airbnb,168.17,False,False
Harbour Inn,HI-10722,103,Harbour View King,2025-07-02,2025-06-21,Airbnb,168.17,False,False
Harbour Inn,HI-10925,104,Garden Queen,2025-08-21,2025-03-31,Airbnb,200.31,False,False
Harbour Inn,HI-11290,106,Garden Queen,2025-12-30,2025-12-30,Airbnb,71.63,False,False
Harbour Inn,HI-11290,106,Garden Queen,2025-12-31,2025-12-30,Airbnb,71.63,False,False
Harbour Inn,HI-11834,104,Garden Queen,2026-07-25,2026-06-27,Direct,261.0,False,False
Harbour Inn,HI-12134,101,Harbour View King,2026-12-18,2026-09-09,Airbnb,160.16,False,False
Harbour Inn,HI-12134,101,Harbour View King,2026-12-19,2026-09-09,Airbnb,160.16,False,False
Harbour Inn,HI-10321,101,Harbour View King,2025-02-12,2025-01-29,Airbnb,84.82,False,False
Harbour Inn,HI-10321,101,Harbour View King,2025-02-13,2025-01-29,Airbnb,84.82,False,False
Harbour Inn,HI-11927,101,Harbour View King,2026-08-19,2026-06-19,Airbnb,172.69,False,False
Harbour Inn,HI-11927,101,Harbour View King,2026-08-20,2026-06-19,Airbnb,172.69,False,False
Harbour Inn,HI-10911,106,Garden Queen,2025-08-17,2025-06-24,Booking.com,210.37,False,False
Harbour Inn,HI-11006,201,Loft Suite,2025-09-13,2025-09-11,Direct,251.67,False,False
Harbour Inn,HI-11162,101,Harbour View King,2025-11-05,2025-11-03,Booking.com,77.02,False,False
Harbour Inn,HI-11162,101,Harbour View King,2025-11-06,2025-11-03,Booking.com,77.02,False,False
Harbour Inn,HI-11351,103,Harbour View King,2026-02-04,2025-08-18,Booking.com,95.52,False,False
Harbour Inn,HI-11351,103,Harbour View King,2026-02-05,2025-08-18,Booking.com,95.52,False,False
Harbour Inn,HI-10931,104,Garden Queen,2025-08-22,2025-06-27,Expedia,253.28,False,False
Harbour Inn,HI-10931,104,Garden Queen,2025-08-23,2025-06-27,Expedia,253.28,False,False
Harbour Inn,HI-10717,106,Garden Queen,2025-06-28,2025-04-15,Airbnb,297.32,False,False
Harbour Inn,HI-10717,106,Garden Queen,2025-06-29,2025-04-15,Airbnb,297.32,False,False
Harbour Inn,HI-10463,101,Harbour View King,2025-04-18,2025-04-05,Booking.com,199.89,False,False
Harbour Inn,HI-10463,101,Harbour View King,2025-04-19,2025-04-05,Booking.com,199.89,False,False
Harbour Inn,HI-11602,104,Garden Queen,2026-05-23,2026-05-17,Direct,204.69,False,False
Harbour Inn,HI-11602,104,Garden Queen,2026-05-24,2026-05-17,Direct,204.69,False,False
Harbour Inn,HI-11602,104,Garden Queen,2026-05-25,2026-05-17,Direct,204.69,False,False
Harbour Inn,HI-11602,104,Garden Queen,2026-05-26,2026-05-17,Direct,204.69,False,False
Harbour Inn,HI-12075,102,Harbour View King,2026-10-06,2026-09-16,Airbnb,146.41,False,False
Harbour Inn,HI-12075,102,Harbour View King,2026-10-07,2026-09-16,Airbnb,146.41,False,False
Harbour Inn,HI-12075,102,Harbour View King,2026-10-08,2026-09-16,Airbnb,146.41,False,False
Harbour Inn,HI-11221,104,Garden Queen,2025-11-30,2025-11-25,Expedia,84.85,False,False
Harbour Inn,HI-11221,104,Garden Queen,2025-12-01,2025-11-25,Expedia,84.85,False,False
Harbour Inn,HI-12092,103,Harbour View King,2026-10-14,2026-09-24,Direct,139.33,False,False
Harbour Inn,HI-12092,103,Harbour View King,2026-10-15,2026-09-24,Direct,139.33,False,False
Harbour Inn,HI-12092,103,Harbour View King,2026-10-16,2026-09-24,Direct,139.33,False,False
Harbour Inn,HI-11150,105,Garden Queen,2025-10-30,2025-10-08,Airbnb,173.59,False,False
Harbour Inn,HI-11150,105,Garden Queen,2025-10-31,2025-10-08,Airbnb,173.59,False,False
Harbour Inn,HI-10924,103,Harbour View King,2025-08-21,2025-08-11,Airbnb,228.81,False,False
Harbour Inn,HI-10924,103,Harbour View King,2025-08-22,2025-08-11,Airbnb,228.81,False,False
Harbour Inn,HI-10414,101,Harbour View King,2025-04-01,2025-03-29,Expedia,129.32,False,False
Harbour Inn,HI-10637,103,Harbour View King,2025-06-07,2025-03-11,Expedia,306.71,False,False
Harbour Inn,HI-10637,103,Harbour View King,2025-06-08,2025-03-11,Expedia,306.71,False,False
Harbour Inn,HI-10637,103,Harbour View King,2025-06-09,2025-03-11,Expedia,306.71,False,False
Harbour Inn,HI-10524,106,Garden Queen,2025-05-08,2024-12-15,Direct,138.44,False,False
Harbour Inn,HI-10524,106,Garden Queen,2025-05-09,2024-12-15,Direct,138.44,False,False
Harbour Inn,HI-11427,201,Loft Suite,2026-03-12,2025-12-28,Direct,145.47,False,False
Harbour Inn,HI-11427,201,Loft Suite,2026-03-13,2025-12-28,Direct,145.47,False,False
Harbour Inn,HI-10996,106,Garden Queen,2025-09-11,2025-06-13,Booking.com,154.25,False,False
Harbour Inn,HI-10878,103,Harbour View King,2025-08-09,2025-07-13,Booking.com,272.12,False,False
Harbour Inn,HI-10878,103,Harbour View King,2025-08-10,2025-07-13,Booking.com,272.12,False,False
Harbour Inn,HI-10878,103,Harbour View King,2025-08-11,2025-07-13,Booking.com,272.12,False,False
Harbour Inn,HI-10799,102,Harbour View King,2025-07-19,2025-07-05,Airbnb,261.51,False,False
Harbour Inn,HI-10799,102,Harbour View King,2025-07-20,2025-07-05,Airbnb,261.51,False,False
Harbour Inn,HI-10359,101,Harbour View King,2025-03-03,2025-02-19,Booking.com,97.76,False,False
Harbour Inn,HI-10359,101,Harbour View King,2025-03-04,2025-02-19,Booking.com,97.76,False,False
Harbour Inn,HI-10879,105,Garden Queen,2025-08-09,2025-08-02,Booking.com,238.84,False,False
Harbour Inn,HI-10879,105,Garden Queen,2025-08-10,2025-08-02,Booking.com,238.84,False,False
Harbour Inn,HI-11353,102,Harbour View King,2026-02-05,2026-01-30,Booking.com,105.37,False,False
Harbour Inn,HI-11022,102,Harbour View King,2025-09-18,2025-08-12,Direct,168.81,False,False
Harbour Inn,HI-11022,102,Harbour View King,2025-09-19,2025-08-12,Direct,168.81,False,False
Harbour Inn,HI-10771,104,Garden Queen,2025-07-12,2025-06-23,Booking.com,212.64,False,False
Harbour Inn,HI-10771,104,Garden Queen,2025-07-13,2025-06-23,Booking.com,212.64,False,False
Harbour Inn,HI-10771,104,Garden Queen,2025-07-14,2025-06-23,Booking.com,212.64,False,False
Harbour Inn,HI-10988,104,Garden Queen,2025-09-09,2025-08-15,Direct,111.74,False,False
Harbour Inn,HI-10561,104,Garden Queen,2025-05-19,2025-03-11,Airbnb,119.41,False,False
Harbour Inn,HI-10561,104,Garden Queen,2025-05-20,2025-03-11,Airbnb,119.41,False,False
Harbour Inn,HI-10561,104,Garden Queen,2025-05-21,2025-03-11,Airbnb,119.41,False,False
Harbour Inn,HI-11089,105,Garden Queen,2025-10-10,2025-05-15,Direct,200.98,False,False
Harbour Inn,HI-11089,105,Garden Queen,2025-10-11,2025-05-15,Direct,200.98,False,False
Harbour Inn,HI-11089,105,Garden Queen,2025-10-12,2025-05-15,Direct,200.98,False,False
Harbour Inn,HI-10159,103,Harbour View King,2024-11-30,2024-11-22,Airbnb,151.57,False,False
Harbour Inn,HI-10159,103,Harbour View King,2024-12-01,2024-11-22,Airbnb,151.57,False,False
Harbour Inn,HI-11261,101,Harbour View King,2025-12-20,2025-12-13,Direct,151.84,False,False
Harbour Inn,HI-11261,101,Harbour View King,2025-12-21,2025-12-13,Direct,151.84,False,False
Harbour Inn,HI-11806,102,Harbour View King,2026-07-18,2026-07-13,Airbnb,319.0,False,False
Harbour Inn,HI-11806,102,Harbour View King,2026-07-19,2026-07-13,Airbnb,319.0,False,False
Harbour Inn,HI-11651,103,Harbour View King,2026-06-06,2026-05-23,Booking.com,295.13,False,False
Harbour Inn,HI-11651,103,Harbour View King,2026-06-07,2026-05-23,Booking.com,295.13,False,False
Harbour Inn,HI-11651,103,Harbour View King,2026-06-08,2026-05-23,Booking.com,295.13,False,False
Harbour Inn,HI-10365,105,Garden Queen,2025-03-07,2025-03-03,Airbnb,127.38,False,False
Harbour Inn,HI-10365,105,Garden Queen,2025-03-08,2025-03-03,Airbnb,127.38,False,False
Harbour Inn,HI-10365,105,Garden Queen,2025-03-09,2025-03-03,Airbnb,127.38,False,False
Harbour Inn,HI-10484,101,Harbour View King,2025-04-25,2025-04-14,Booking.com,196.12,False,False
Harbour Inn,HI-10144,102,Harbour View King,2024-11-24,2024-11-19,Expedia,118.23,False,False
Harbour Inn,HI-10144,102,Harbour View King,2024-11-25,2024-11-19,Expedia,118.23,False,False
Harbour Inn,HI-10144,102,Harbour View King,2024-11-26,2024-11-19,Expedia,118.23,False,False
Harbour Inn,HI-10144,102,Harbour View King,2024-11-27,2024-11-19,Expedia,118.23,False,False
Harbour Inn,HI-10144,102,Harbour View King,2024-11-28,2024-11-19,Expedia,118.23,False,False
Harbour Inn,HI-10237,101,Harbour View King,2025-01-05,2024-12-28,Direct,90.84,False,False
Harbour Inn,HI-10237,101,Harbour View King,2025-01-06,2024-12-28,Direct,90.84,False,False
Harbour Inn,HI-10237,101,Harbour View King,2025-01-07,2024-12-28,Direct,90.84,False,False
Harbour Inn,HI-10220,103,Harbour View King,2024-12-28,2024-09-21,Expedia,164.44,False,False
Harbour Inn,HI-10220,103,Harbour View King,2024-12-29,2024-09-21,Expedia,164.44,False,False
Harbour Inn,HI-10220,103,Harbour View King,2024-12-30,2024-09-21,Expedia,164.44,False,False
Harbour Inn,HI-12121,106,Garden Queen,2026-11-10,2026-06-09,Direct,72.06,False,False
Harbour Inn,HI-10426,201,Loft Suite,2025-04-06,2024-10-14,Booking.com,165.84,False,False
Harbour Inn,HI-10426,201,Loft Suite,2025-04-07,2024-10-14,Booking.com,165.84,False,False
Harbour Inn,HI-10426,201,Loft Suite,2025-04-08,2024-10-14,Booking.com,165.84,False,False
Harbour Inn,HI-10426,201,Loft Suite,2025-04-09,2024-10-14,Booking.com,165.84,False,False
Harbour Inn,HI-10747,106,Garden Queen,2025-07-06,2025-04-09,Expedia,177.38,False,False
Harbour Inn,HI-11995,104,Garden Queen,2026-09-09,2026-08-13,Booking.com,109.78,False,False
Harbour Inn,HI-10072,202,Loft Suite,2024-10-24,2024-10-22,Expedia,219.91,False,False
Harbour Inn,HI-10374,201,Loft Suite,2025-03-11,2025-03-06,Expedia,101.55,False,False
Harbour Inn,HI-10374,201,Loft Suite,2025-03-12,2025-03-06,Expedia,101.55,False,False
Harbour Inn,HI-10374,201,Loft Suite,2025-03-13,2025-03-06,Expedia,101.55,False,False
Harbour Inn,HI-10351,101,Harbour View King,2025-02-28,2025-02-23,Direct,161.39,False,False
Harbour Inn,HI-10351,101,Harbour View King,2025-03-01,2025-02-23,Direct,161.39,False,False
Harbour Inn,HI-10402,105,Garden Queen,2025-03-28,2025-03-17,Booking.com,132.9,False,False
Harbour Inn,HI-12020,105,Garden Queen,2026-09-18,2026-09-11,Booking.com,173.3,False,False
Harbour Inn,HI-11364,106,Garden Queen,2026-02-11,2025-10-21,Direct,88.79,False,False
Harbour Inn,HI-11364,106,Garden Queen,2026-02-12,2025-10-21,Direct,88.79,False,False
Harbour Inn,HI-11364,106,Garden Queen,2026-02-13,2025-10-21,Direct,88.79,False,False
Harbour Inn,HI-11364,106,Garden Queen,2026-02-14,2025-10-21,Direct,88.79,False,False
Harbour Inn,HI-11364,106,Garden Queen,2026-02-15,2025-10-21,Direct,88.79,False,False
Harbour Inn,HI-11462,201,Loft Suite,2026-04-06,2026-01-07,Direct,188.12,False,False
Harbour Inn,HI-10130,104,Garden Queen,2024-11-17,2024-11-15,Direct,82.15,False,False
Harbour Inn,HI-11225,103,Harbour View King,2025-12-04,2025-11-21,Booking.com,103.37,False,False
Harbour Inn,HI-12111,105,Garden Queen,2026-10-24,2026-09-16,Direct,194.47,False,False
Harbour Inn,HI-12111,105,Garden Queen,2026-10-25,2026-09-16,Direct,194.47,False,False
Harbour Inn,HI-12111,105,Garden Queen,2026-10-26,2026-09-16,Direct,194.47,False,False
Harbour Inn,HI-11866,102,Harbour View King,2026-08-03,2026-07-14,Direct,218.21,False,False
Harbour Inn,HI-11866,102,Harbour View King,2026-08-04,2026-07-14,Direct,218.21,False,False
Harbour Inn,HI-11866,102,Harbour View King,2026-08-05,2026-07-14,Direct,218.21,False,False
Harbour Inn,HI-11514,201,Loft Suite,2026-04-23,2026-02-27,Booking.com,194.47,False,False
Harbour Inn,HI-11514,201,Loft Suite,2026-04-24,2026-02-27,Booking.com,194.47,False,False
Harbour Inn,HI-11514,201,Loft Suite,2026-04-25,2026-02-27,Booking.com,194.47,False,False
Harbour Inn,HI-11514,201,Loft Suite,2026-04-26,2026-02-27,Booking.com,194.47,False,False
Harbour Inn,HI-10067,105,Garden Queen,2024-10-23,2024-07-02,Airbnb,126.43,False,False
Harbour Inn,HI-11084,101,Harbour View King,2025-10-08,2025-05-16,Booking.com,116.76,False,False
Harbour Inn,HI-11084,101,Harbour View King,2025-10-09,2025-05-16,Booking.com,116.76,False,False
Harbour Inn,HI-11084,101,Harbour View King,2025-10-10,2025-05-16,Booking.com,116.76,False,False
Harbour Inn,HI-10677,201,Loft Suite,2025-06-16,2025-05-07,Booking.com,234.83,False,False
Harbour Inn,HI-10677,201,Loft Suite,2025-06-17,2025-05-07,Booking.com,234.83,False,False
Harbour Inn,HI-10431,202,Loft Suite,2025-04-07,2025-03-31,Booking.com,158.23,False,False
Harbour Inn,HI-10431,202,Loft Suite,2025-04-08,2025-03-31,Booking.com,158.23,False,False
Harbour Inn,HI-10573,105,Garden Queen,2025-05-23,2025-05-12,Direct,192.57,False,False
Harbour Inn,HI-10573,105,Garden Queen,2025-05-24,2025-05-12,Direct,192.57,False,False
Harbour Inn,HI-12033,104,Garden Queen,2026-09-23,2026-09-12,Booking.com,117.46,False,False
Harbour Inn,HI-12033,104,Garden Queen,2026-09-24,2026-09-12,Booking.com,117.46,False,False
Harbour Inn,HI-11045,102,Harbour View King,2025-09-25,2025-09-16,Expedia,147.01,False,False
Harbour Inn,HI-11045,102,Harbour View King,2025-09-26,2025-09-16,Expedia,147.01,False,False
Harbour Inn,HI-10135,105,Garden Queen,2024-11-21,2024-11-21,Booking.com,89.8,False,False
Harbour Inn,HI-10135,105,Garden Queen,2024-11-22,2024-11-21,Booking.com,89.8,False,False
Harbour Inn,HI-10135,105,Garden Queen,2024-11-23,2024-11-21,Booking.com,89.8,False,False
Harbour Inn,HI-10345,104,Garden Queen,2025-02-24,2025-02-21,Direct,70.94,False,False
Harbour Inn,HI-10345,104,Garden Queen,2025-02-25,2025-02-21,Direct,70.94,False,False
Harbour Inn,HI-10345,104,Garden Queen,2025-02-26,2025-02-21,Direct,70.94,False,False
Harbour Inn,HI-12064,202,Loft Suite,2026-10-02,2026-09-03,Booking.com,289.54,False,False
Harbour Inn,HI-10821,202,Loft Suite,2025-07-24,2025-07-05,Booking.com,317.3,False,False
Harbour Inn,HI-11112,202,Loft Suite,2025-10-16,2025-10-13,Airbnb,201.85,False,False
Harbour Inn,HI-11112,202,Loft Suite,2025-10-17,2025-10-13,Airbnb,201.85,False,False
Harbour Inn,HI-11112,202,Loft Suite,2025-10-18,2025-10-13,Airbnb,201.85,False,False
Harbour Inn,HI-10200,103,Harbour View King,2024-12-19,2024-12-16,Airbnb,103.84,False,False
Harbour Inn,HI-10775,102,Harbour View King,2025-07-13,2025-06-30,Booking.com,214.55,False,False
Harbour Inn,HI-10775,102,Harbour View King,2025-07-14,2025-06-30,Booking.com,214.55,False,False
Harbour Inn,HI-10123,106,Garden Queen,2024-11-15,2024-11-07,Expedia,107.33,False,False
Harbour Inn,HI-10123,106,Garden Queen,2024-11-16,2024-11-07,Expedia,107.33,False,False
Harbour Inn,HI-10123,106,Garden Queen,2024-11-17,2024-11-07,Expedia,107.33,False,False
Harbour Inn,HI-12006,106,Garden Queen,2026-09-12,2026-08-14,Booking.com,183.26,False,False
Harbour Inn,HI-12006,106,Garden Queen,2026-09-13,2026-08-14,Booking.com,183.26,False,False
Harbour Inn,HI-11193,201,Loft Suite,2025-11-17,2025-11-04,Airbnb,122.65,False,False
Harbour Inn,HI-11193,201,Loft Suite,2025-11-18,2025-11-04,Airbnb,122.65,False,False
Harbour Inn,HI-11193,201,Loft Suite,2025-11-19,2025-11-04,Airbnb,122.65,False,False
Harbour Inn,HI-10525,201,Loft Suite,2025-05-08,2025-04-23,Booking.com,228.58,False,False
Harbour Inn,HI-10525,201,Loft Suite,2025-05-09,2025-04-23,Booking.com,228.58,False,False
Harbour Inn,HI-10525,201,Loft Suite,2025-05-10,2025-04-23,Booking.com,228.58,False,False
Harbour Inn,HI-11345,103,Harbour View King,2026-01-30,2026-01-27,Booking.com,150.74,False,False
Harbour Inn,HI-11345,103,Harbour View King,2026-01-31,2026-01-27,Booking.com,150.74,False,False
Harbour Inn,HI-10241,105,Garden Queen,2025-01-07,2024-12-28,Direct,80.96,False,False
Harbour Inn,HI-10241,105,Garden Queen,2025-01-08,2024-12-28,Direct,80.96,False,False
Harbour Inn,HI-10241,105,Garden Queen,2025-01-09,2024-12-28,Direct,80.96,False,False
Harbour Inn,HI-10241,105,Garden Queen,2025-01-10,2024-12-28,Direct,80.96,False,False
Harbour Inn,HI-11953,103,Harbour View King,2026-08-27,2026-08-24,Direct,242.21,False,False
Harbour Inn,HI-11953,103,Harbour View King,2026-08-28,2026-08-24,Direct,242.21,False,False
Harbour Inn,HI-10120,102,Harbour View King,2024-11-15,2024-11-09,Booking.com,159.6,False,False
Harbour Inn,HI-10120,102,Harbour View King,2024-11-16,2024-11-09,Booking.com,159.6,False,False
Harbour Inn,HI-10120,102,Harbour View King,2024-11-17,2024-11-09,Booking.com,159.6,False,False
Harbour Inn,HI-11393,102,Harbour View King,2026-02-24,2025-11-18,Airbnb,96.74,False,False
Harbour Inn,HI-11393,102,Harbour View King,2026-02-25,2025-11-18,Airbnb,96.74,False,False
Harbour Inn,HI-11393,102,Harbour View King,2026-02-26,2025-11-18,Airbnb,96.74,False,False
Harbour Inn,HI-11393,102,Harbour View King,2026-02-27,2025-11-18,Airbnb,96.74,False,False
Harbour Inn,HI-11144,102,Harbour View King,2025-10-28,2025-10-04,Booking.com,151.42,False,False
Harbour Inn,HI-11144,102,Harbour View King,2025-10-29,2025-10-04,Booking.com,151.42,False,False
Harbour Inn,HI-11144,102,Harbour View King,2025-10-30,2025-10-04,Booking.com,151.42,False,False
Harbour Inn,HI-11133,201,Loft Suite,2025-10-24,2025-10-06,Booking.com,280.95,False,False
Harbour Inn,HI-11133,201,Loft Suite,2025-10-25,2025-10-06,Booking.com,280.95,False,False
Harbour Inn,HI-10132,105,Garden Queen,2024-11-18,2024-09-11,Booking.com,93.25,False,False
Harbour Inn,HI-10132,105,Garden Queen,2024-11-19,2024-09-11,Booking.com,93.25,False,False
Harbour Inn,HI-10269,201,Loft Suite,2025-01-22,2025-01-12,Direct,139.98,False,False
Harbour Inn,HI-10269,201,Loft Suite,2025-01-23,2025-01-12,Direct,139.98,False,False
Harbour Inn,HI-10210,106,Garden Queen,2024-12-24,2024-12-23,Direct,58.2,False,False
Harbour Inn,HI-10210,106,Garden Queen,2024-12-25,2024-12-23,Direct,58.2,False,False
Harbour Inn,HI-10210,106,Garden Queen,2024-12-26,2024-12-23,Direct,58.2,False,False
Harbour Inn,HI-12072,101,Harbour View King,2026-10-05,2026-09-12,Booking.com,149.28,False,False
Harbour Inn,HI-12072,101,Harbour View King,2026-10-06,2026-09-12,Booking.com,149.28,False,False
Harbour Inn,HI-10526,202,Loft Suite,2025-05-08,2025-04-26,Expedia,227.68,False,False
Harbour Inn,HI-10526,202,Loft Suite,2025-05-09,2025-04-26,Expedia,227.68,False,False
Harbour Inn,HI-10526,202,Loft Suite,2025-05-10,2025-04-26,Expedia,227.68,False,False
Harbour Inn,HI-11640,106,Garden Queen,2026-06-03,2026-03-23,Airbnb,185.96,False,False
Harbour Inn,HI-11640,106,Garden Queen,2026-06-04,2026-03-23,Airbnb,185.96,False,False
Harbour Inn,HI-11228,106,Garden Queen,2025-12-05,2025-11-29,Booking.com,139.22,False,False
Harbour Inn,HI-11228,106,Garden Queen,2025-12-06,2025-11-29,Booking.com,139.22,False,False
Harbour Inn,HI-10697,102,Harbour View King,2025-06-21,2025-06-07,Direct,250.28,False,False
Harbour Inn,HI-10831,105,Garden Queen,2025-07-28,2025-05-17,Airbnb,168.28,False,False
Harbour Inn,HI-10831,105,Garden Queen,2025-07-29,2025-05-17,Airbnb,168.28,False,False
Harbour Inn,HI-10831,105,Garden Queen,2025-07-30,2025-05-17,Airbnb,168.28,False,False
Harbour Inn,HI-10831,105,Garden Queen,2025-07-31,2025-05-17,Airbnb,168.28,False,False
Harbour Inn,HI-12041,106,Garden Queen,2026-09-25,2026-09-03,Expedia,158.25,False,False
Harbour Inn,HI-10071,106,Garden Queen,2024-10-24,2024-09-01,Airbnb,143.15,False,False
Harbour Inn,HI-10071,106,Garden Queen,2024-10-25,2024-09-01,Airbnb,143.15,False,False
Harbour Inn,HI-10071,106,Garden Queen,2024-10-26,2024-09-01,Airbnb,143.15,False,False
Harbour Inn,HI-10121,103,Harbour View King,2024-11-15,2024-11-08,Booking.com,132.82,False,False
Harbour Inn,HI-10121,103,Harbour View King,2024-11-16,2024-11-08,Booking.com,132.82,False,False
Harbour Inn,HI-10121,103,Harbour View King,2024-11-17,2024-11-08,Booking.com,132.82,False,False
Harbour Inn,HI-11848,202,Loft Suite,2026-07-29,2026-06-12,Booking.com,232.3,False,False
Harbour Inn,HI-11848,202,Loft Suite,2026-07-30,2026-06-12,Booking.com,232.3,False,False
Harbour Inn,HI-11963,106,Garden Queen,2026-08-29,2026-08-21,Airbnb,251.11,False,False
Harbour Inn,HI-11963,106,Garden Queen,2026-08-30,2026-08-21,Airbnb,251.11,False,False
Harbour Inn,HI-10862,201,Loft Suite,2025-08-04,2025-07-24,Booking.com,235.41,False,False
Harbour Inn,HI-11754,105,Garden Queen,2026-07-04,2026-03-08,Booking.com,260.21,False,False
Harbour Inn,HI-11754,105,Garden Queen,2026-07-05,2026-03-08,Booking.com,260.21,False,False
Harbour Inn,HI-11886,104,Garden Queen,2026-08-08,2026-07-13,Direct,252.86,False,False
Harbour Inn,HI-11886,104,Garden Queen,2026-08-09,2026-07-13,Direct,252.86,False,False
Harbour Inn,HI-11987,103,Harbour View King,2026-09-05,2026-08-23,Airbnb,170.65,False,False
Harbour Inn,HI-11987,103,Harbour View King,2026-09-06,2026-08-23,Airbnb,170.65,False,False
Harbour Inn,HI-11969,102,Harbour View King,2026-08-31,2026-08-17,Airbnb,188.4,False,False
Harbour Inn,HI-11969,102,Harbour View King,2026-09-01,2026-08-17,Airbnb,188.4,False,False
Harbour Inn,HI-11756,102,Harbour View King,2026-07-06,2026-06-28,Expedia,155.09,False,False
Harbour Inn,HI-11756,102,Harbour View King,2026-07-07,2026-06-28,Expedia,155.09,False,False
Harbour Inn,HI-11756,102,Harbour View King,2026-07-08,2026-06-28,Expedia,155.09,False,False
Harbour Inn,HI-11757,103,Harbour View King,2026-07-06,2026-05-07,Direct,195.39,False,False
Harbour Inn,HI-11757,103,Harbour View King,2026-07-07,2026-05-07,Direct,195.39,False,False
Harbour Inn,HI-11757,103,Harbour View King,2026-07-08,2026-05-07,Direct,195.39,False,False
Harbour Inn,HI-11449,202,Loft Suite,2026-03-31,2026-03-21,Booking.com,118.78,False,False
Harbour Inn,HI-11449,202,Loft Suite,2026-04-01,2026-03-21,Booking.com,118.78,False,False
Harbour Inn,HI-11102,201,Loft Suite,2025-10-13,2025-10-08,Expedia,177.19,False,False
Harbour Inn,HI-11102,201,Loft Suite,2025-10-14,2025-10-08,Expedia,177.19,False,False
Harbour Inn,HI-10804,202,Loft Suite,2025-07-20,2025-07-12,Direct,243.43,False,False
Harbour Inn,HI-11934,105,Garden Queen,2026-08-21,2026-08-03,Direct,223.18,False,False
Harbour Inn,HI-11934,105,Garden Queen,2026-08-22,2026-08-03,Direct,223.18,False,False
Harbour Inn,HI-11934,105,Garden Queen,2026-08-23,2026-08-03,Direct,223.18,False,False
Harbour Inn,HI-11934,105,Garden Queen,2026-08-24,2026-08-03,Direct,223.18,False,False
Harbour Inn,HI-11934,105,Garden Queen,2026-08-25,2026-08-03,Direct,223.18,False,False
Harbour Inn,HI-10232,102,Harbour View King,2025-01-04,2024-12-23,Airbnb,133.81,False,False
Harbour Inn,HI-10232,102,Harbour View King,2025-01-05,2024-12-23,Airbnb,133.81,False,False
Harbour Inn,HI-11416,103,Harbour View King,2026-03-06,2026-03-05,Airbnb,129.98,False,False
Harbour Inn,HI-11416,103,Harbour View King,2026-03-07,2026-03-05,Airbnb,129.98,False,False
Harbour Inn,HI-11798,103,Harbour View King,2026-07-16,2026-06-25,Booking.com,262.0,False,False
Harbour Inn,HI-11798,103,Harbour View King,2026-07-17,2026-06-25,Booking.com,262.0,False,False
Harbour Inn,HI-11199,201,Loft Suite,2025-11-20,2025-11-13,Direct,149.46,False,False
Harbour Inn,HI-11998,101,Harbour View King,2026-09-10,2026-07-26,Direct,164.96,False,False
Harbour Inn,HI-11998,101,Harbour View King,2026-09-11,2026-07-26,Direct,164.96,False,False
