ReservationID,Status,RoomType,Room,CheckIn,CheckOut,Nights,BookedOn,Channel,NightlyRate,RoomRevenue,Commission
HI-10734,Confirmed,Loft Suite,201,03/07/2025,04/07/2025,1,20/01/2025,Expedia,282.34,282.34,50.82
HI-10646,Confirmed,Harbour View King,101,10/06/2025,11/06/2025,1,24/05/2025,Booking.com,162.2,162.2,24.33
HI-11316,Confirmed,Garden Queen,106,12/01/2026,15/01/2026,3,04/11/2025,Direct,80.31,240.93,0.0
HI-12109,Confirmed,Garden Queen,104,23/10/2026,25/10/2026,2,25/09/2026,Booking.com,187.79,375.58,56.34
HI-10148,Confirmed,Loft Suite,201,25/11/2024,26/11/2024,1,31/07/2024,Airbnb,125.83,125.83,3.77
HI-12084,Confirmed,Harbour View King,101,10/10/2026,13/10/2026,3,18/09/2026,Expedia,138.1,414.31,90.95
HI-11894,Confirmed,Harbour View King,101,10/08/2026,11/08/2026,1,02/06/2026,Direct,215.91,215.91,0.0
HI-11408,Confirmed,Garden Queen,106,02/03/2026,05/03/2026,3,27/01/2026,Direct,79.7,239.1,0.0
HI-10684,Confirmed,Harbour View King,102,18/06/2025,21/06/2025,3,30/05/2025,Direct,143.92,431.76,0.0
HI-10588,Confirmed,Garden Queen,106,26/05/2025,29/05/2025,3,24/05/2025,Booking.com,119.02,357.06,53.56
HI-12027,Confirmed,Harbour View King,101,22/09/2026,24/09/2026,2,10/09/2026,Airbnb,137.8,275.6,8.27
HI-11361,Confirmed,Harbour View King,101,10/02/2026,12/02/2026,2,06/02/2026,Booking.com,78.74,157.48,23.62
HI-10048,Confirmed,Garden Queen,104,17/10/2024,20/10/2024,3,31/08/2024,Direct,170.07,510.21,0.0
HI-11794,Confirmed,Loft Suite,201,15/07/2026,17/07/2026,2,23/06/2026,DIRECT,228.46,456.92,0.0
HI-10276,Confirmed,Harbour View King,103,26/01/2025,27/01/2025,1,15/11/2024,Direct,109.32,109.32,0.0
HI-11881,Confirmed,Harbour View King,102,07/08/2026,11/08/2026,4,16/07/2026,Booking.com,329.53,1318.12,197.72
HI-12039,Confirmed,Loft Suite,202,24/09/2026,27/09/2026,3,12/09/2026,Booking.com,232.4,697.2,104.58
HI-10665,Confirmed,Harbour View King,101,14/06/2025,17/06/2025,3,12/01/2025,airbnb,261.34,784.02,23.52
HI-11620,Confirmed,Loft Suite,201,28/05/2026,30/05/2026,2,12/05/2026,Booking.com,205.77,411.54,61.73
HI-11241,Confirmed,Loft Suite,201,11/12/2025,12/12/2025,1,07/12/2025,Airbnb,136.83,136.83,4.1
HI-11108,Confirmed,Garden Queen,104,15/10/2025,17/10/2025,2,29/09/2025,Direct,123.76,247.52,0.0
HI-11952,Confirmed,Harbour View King,101,27/08/2026,30/08/2026,3,25/04/2026,Direct,246.67,740.01,0.0
HI-12114,Confirmed,Loft Suite,202,26/10/2026,27/10/2026,1,16/09/2026,Booking.com,164.8,164.8,24.72
HI-10427,Confirmed,Harbour View King,102,07/04/2025,08/04/2025,1,01/04/2025,Direct,140.34,140.34,0.0
HI-10851,Confirmed,Harbour View King,103,02/08/2025,05/08/2025,3,18/06/2025,Booking.com,248.84,746.52,111.98
HI-11843,Confirmed,Harbour View King,103,28/07/2026,30/07/2026,2,24/06/2026,Expedia,140.31,280.62,61.6
HI-10335,Confirmed,Harbour View King,103,18/02/2025,21/02/2025,3,14/02/2025,booking.com,79.7,239.1,35.86
HI-10715,Confirmed,Harbour View King,101,28/06/2025,02/07/2025,4,21/06/2025,Booking.com,308.35,1233.4,185.01
HI-11486,Confirmed,Garden Queen,104,14/04/2026,17/04/2026,3,04/04/2026,Booking.com,98.86,296.58,44.49
HI-11433,Confirmed,Garden Queen,105,14/03/2026,16/03/2026,2,07/03/2026,Booking.com,126.45,252.9,37.94
HI-11453,Confirmed,Garden Queen,104,02/04/2026,05/04/2026,3,14/03/2026,direct,140.07,420.21,0.0
HI-10388,Confirmed,Harbour View King,103,20/03/2025,22/03/2025,2,16/03/2025,booking.com,109.48,218.96,32.84
HI-10905,Confirmed,Loft Suite,202,16/08/2025,18/08/2025,2,06/06/2025,Booking.com,366.14,732.28,109.84
HI-10901,Confirmed,Loft Suite,201,15/08/2025,17/08/2025,2,07/08/2025,Airbnb,397.34,794.68,23.84
HI-11448,Confirmed,Garden Queen,104,31/03/2026,02/04/2026,2,07/04/2026,booking.com,81.34,162.68,24.4
HI-10350,Confirmed,Loft Suite,202,27/02/2025,04/03/2025,5,14/02/2025,Direct,161.26,806.3,0.0
HI-10332,Confirmed,Garden Queen,104,16/02/2025,17/02/2025,1,29/08/2024,Booking.com,72.71,72.71,10.91
HI-10769,Confirmed,Loft Suite,202,11/07/2025,12/07/2025,1,18/05/2025,Direct,450.15,450.15,0.0
HI-10809,Confirmed,Harbour View King,101,22/07/2025,25/07/2025,3,14/06/2025,Expedia,194.97,584.91,105.28
HI-10029,Confirmed,Harbour View King,103,09/10/2024,11/10/2024,2,02/09/2024,Booking.com,134.01,268.02,40.2
HI-10248,Confirmed,Garden Queen,104,12/01/2025,13/01/2025,1,10/01/2025,booking.com,68.95,68.95,10.34
HI-10828,Confirmed,Harbour View King,103,27/07/2025,30/07/2025,3,03/04/2025,BOOKING.COM,199.74,599.22,89.88
HI-10776,Confirmed,Harbour View King,103,13/07/2025,14/07/2025,1,15/02/2025,AIRBNB,212.1,212.1,6.36
HI-11684,Confirmed,Garden Queen,105,15/06/2026,17/06/2026,2,28/05/2026,Airbnb,158.7,317.4,9.52
HI-11685,Confirmed,Garden Queen,106,15/06/2026,17/06/2026,2,12/04/2026,Direct,178.89,357.78,0.0
HI-12053,Confirmed,Harbour View King,102,30/09/2026,03/10/2026,3,31/08/2026,BOOKING.COM,127.92,383.76,57.56
HI-11455,Confirmed,Loft Suite,202,03/04/2026,05/04/2026,2,23/03/2026,DIRECT,324.29,648.58,0.0
HI-11152,Confirmed,Garden Queen,104,31/10/2025,03/11/2025,3,24/09/2025,AIRBNB,171.99,515.97,15.48
HI-12106,Confirmed,Loft Suite,201,22/10/2026,25/10/2026,3,23/09/2026,Direct,211.31,633.93,0.0
HI-11122,Confirmed,Harbour View King,101,20/10/2025,23/10/2025,3,12/10/2025,Direct,142.57,427.71,0.0
HI-10228,Confirmed,Harbour View King,102,01/01/2025,02/01/2025,1,26/12/2024,Booking.com,111.95,111.95,16.79
HI-11175,Confirmed,Loft Suite,201,09/11/2025,11/11/2025,2,28/10/2025,Airbnb,133.0,266.0,7.98
HI-10444,Confirmed,Loft Suite,201,11/04/2025,12/04/2025,1,08/04/2025,Booking.com,224.35,224.35,33.65
HI-11371,Confirmed,Garden Queen,104,14/02/2026,15/02/2026,1,12/02/2026,Booking.com,97.03,97.03,14.55
HI-11797,Confirmed,Harbour View King,102,16/07/2026,17/07/2026,1,17/06/2026,booking.com,231.24,231.24,34.69
HI-11605,Cancelled,Harbour View King,101,24/05/2026,26/05/2026,2,12/03/2026,Direct,137.05,274.1,0.0
HI-11736,Confirmed,Garden Queen,105,29/06/2026,02/07/2026,3,23/06/2026,Airbnb,190.83,572.49,17.17
HI-11166,Confirmed,Loft Suite,202,06/11/2025,09/11/2025,3,05/11/2025,Direct,144.06,432.18,0.0
HI-10326,Confirmed,Loft Suite,201,13/02/2025,15/02/2025,2,11/02/2025,airbnb,140.79,281.58,8.45
HI-10342,Confirmed,Loft Suite,201,20/02/2025,21/02/2025,1,15/02/2025,expedia,160.7,160.7,28.93
HI-11381,Confirmed,Harbour View King,103,18/02/2026,20/02/2026,2,15/02/2026,booking.com,99.68,199.36,29.9
HI-10868,Confirmed,Garden Queen,104,06/08/2025,07/08/2025,1,19/03/2025,Expedia,153.35,153.35,27.6
HI-10152,Confirmed,Garden Queen,104,27/11/2024,29/11/2024,2,21/11/2024,Expedia,97.37,194.74,35.05
HI-11545,Confirmed,Garden Queen,105,05/05/2026,07/05/2026,2,09/04/2026,Airbnb,102.19,204.38,6.13
HI-11460,Cancelled,Harbour View King,101,06/04/2026,08/04/2026,2,08/03/2026,Airbnb,117.89,235.78,7.07
HI-11825,Confirmed,Garden Queen,106,23/07/2026,25/07/2026,2,13/07/2026,Airbnb,209.84,419.68,12.59
HI-11653,Confirmed,Garden Queen,106,06/06/2026,07/06/2026,1,01/05/2026,Booking.com,288.51,288.51,43.28
HI-10090,Confirmed,Harbour View King,101,29/10/2024,30/10/2024,1,13/10/2024,Direct,130.54,130.54,0.0
HI-11415,Confirmed,Harbour View King,102,06/03/2026,08/03/2026,2,27/02/2026,Direct,150.46,300.92,0.0
HI-11170,Confirmed,Harbour View King,101,08/11/2025,10/11/2025,2,05/11/2025,booking.com,121.73,243.46,36.52
HI-10113,Confirmed,Harbour View King,102,12/11/2024,15/11/2024,3,08/11/2024,booking.com,245.82,245.82,36.87
HI-11456,Confirmed,Harbour View King,103,04/04/2026,06/04/2026,2,28/03/2026,booking.com,174.19,348.38,52.26
HI-11240,Cancelled,Harbour View King,103,11/12/2025,12/12/2025,1,24/09/2025,Direct,137.06,137.06,0.0
HI-10601,Confirmed,Harbour View King,103,30/05/2025,01/06/2025,2,04/05/2025,airbnb,232.43,464.86,13.95
HI-10076,Confirmed,Garden Queen,105,25/10/2024,29/10/2024,4,11/10/2024,Booking.com,203.58,814.32,122.15
HI-11174,Confirmed,Garden Queen,106,09/11/2025,10/11/2025,1,17/10/2025,Airbnb,86.42,86.42,2.59
HI-11477,Confirmed,Garden Queen,106,11/04/2026,14/04/2026,3,17/10/2025,direct,170.91,512.73,0.0
HI-10098,Confirmed,Loft Suite,201,01/11/2024,03/11/2024,2,26/10/2024,Expedia,219.77,439.54,79.12
HI-11466,Confirmed,Garden Queen,104,09/04/2026,11/04/2026,2,30/03/2026,Airbnb,149.24,298.48,8.95
HI-10997,Confirmed,Harbour View King,102,12/09/2025,14/09/2025,2,06/09/2025,direct,189.97,379.94,0.0
HI-11267,Confirmed,Garden Queen,106,21/12/2025,23/12/2025,2,18/12/2025,Airbnb,73.66,147.32,4.42
HI-10987,Confirmed,Loft Suite,202,08/09/2025,11/09/2025,3,05/09/2025,Booking.com,153.02,459.06,68.86
HI-10398,Confirmed,Loft Suite,201,24/03/2025,25/03/2025,1,30/10/2024,Direct,109.13,109.13,0.0
HI-11366,Confirmed,Harbour View King,101,12/02/2026,14/02/2026,2,07/02/2026,Booking.com,126.59,253.18,37.98
HI-11059,Confirmed,Garden Queen,106,29/09/2025,30/09/2025,1,17/09/2025,direct,112.39,112.39,0.0
HI-10280,Confirmed,Loft Suite,201,27/01/2025,30/01/2025,3,20/01/2025,Direct,139.38,418.14,0.0
HI-10105,Confirmed,Loft Suite,202,03/11/2024,04/11/2024,1,21/10/2024,Airbnb,135.44,135.44,4.06
HI-10134,Confirmed,Harbour View King,103,21/11/2024,25/11/2024,4,12/11/2024,Booking.com,119.2,476.8,71.52
HI-10362,Confirmed,Harbour View King,103,05/03/2025,07/03/2025,2,23/11/2024,AIRBNB,100.45,200.9,6.03
HI-10168,Confirmed,Harbour View King,101,06/12/2024,10/12/2024,4,06/12/2024,BOOKING.COM,145.73,582.92,87.44
HI-11702,Confirmed,Loft Suite,202,19/06/2026,20/06/2026,1,26/05/2026,Booking.com,375.01,375.01,56.25
HI-11670,Confirmed,Harbour View King,101,12/06/2026,14/06/2026,2,31/03/2026,Direct,322.77,645.54,0.0
HI-10242,Confirmed,Loft Suite,202,08/01/2025,09/01/2025,1,05/01/2025,Booking.com,101.62,101.62,15.24
HI-10406,Confirmed,Loft Suite,201,29/03/2025,01/04/2025,3,24/03/2025,Booking.com,196.08,588.24,88.24
HI-11310,Confirmed,Harbour View King,101,08/01/2026,10/01/2026,2,31/12/2025,Booking.com,105.18,210.36,31.55
HI-11679,Confirmed,Loft Suite,202,13/06/2026,15/06/2026,2,03/03/2026,airbnb,413.49,826.98,24.81
HI-11696,Confirmed,Garden Queen,104,18/06/2026,20/06/2026,2,16/06/2026,airbnb,212.8,425.6,12.77
HI-11668,Confirmed,Garden Queen,104,11/06/2026,14/06/2026,3,25/05/2026,Expedia,174.18,522.55,114.71
HI-12013,Confirmed,Loft Suite,201,15/09/2026,16/09/2026,1,14/09/2026,airbnb,165.87,165.87,4.98
HI-11764,Confirmed,Loft Suite,202,07/07/2026,10/07/2026,3,21/06/2026,booking.com,224.82,674.46,101.17
HI-10363,Confirmed,Garden Queen,105,05/03/2025,06/03/2025,1,25/02/2025,Airbnb,94.87,94.87,2.85
HI-10823,Confirmed,Harbour View King,102,25/07/2025,28/07/2025,3,23/07/2025,Expedia,302.59,907.77,163.4
HI-11814,Confirmed,Harbour View King,102,20/07/2026,22/07/2026,2,12/06/2026,Airbnb,148.09,296.18,8.89
HI-11392,Confirmed,Loft Suite,201,23/02/2026,26/02/2026,3,05/12/2025,Direct,127.31,381.93,0.0
HI-12031,Confirmed,Harbour View King,102,23/09/2026,26/09/2026,3,13/09/2026,Booking.com,133.22,399.66,59.95
HI-11769,Confirmed,Harbour View King,102,09/07/2026,12/07/2026,3,05/07/2026,direct,220.75,662.25,0.0
HI-11209,Confirmed,Loft Suite,202,24/11/2025,27/11/2025,3,08/11/2025,Booking.com,132.16,396.48,59.47
HI-11072,Cancelled,Garden Queen,104,03/10/2025,05/10/2025,2,15/09/2025,Booking.com,159.29,318.58,47.79
HI-10517,Confirmed,Garden Queen,105,04/05/2025,06/05/2025,2,18/01/2025,Booking.com,112.9,225.8,33.87
HI-10024,Confirmed,Garden Queen,104,07/10/2024,08/10/2024,1,25/09/2024,Booking.com,114.5,114.5,17.18
HI-11512,Confirmed,Garden Queen,105,23/04/2026,26/04/2026,3,18/11/2025,AIRBNB,128.54,385.62,11.57
HI-11203,Confirmed,Loft Suite,202,21/11/2025,24/11/2025,3,16/11/2025,Direct,203.61,610.83,0.0
HI-12104,Confirmed,Garden Queen,106,21/10/2026,23/10/2026,2,01/10/2026,Expedia,107.69,215.38,47.28
HI-11721,Confirmed,Loft Suite,201,25/06/2026,28/06/2026,3,04/06/2026,Booking.com,283.11,849.33,127.4
HI-12022,Confirmed,Harbour View King,103,19/09/2026,22/09/2026,3,04/04/2026,Direct,207.91,623.73,0.0
HI-10650,Confirmed,Garden Queen,106,10/06/2025,11/06/2025,1,15/02/2025,Airbnb,172.33,172.33,5.17
HI-11098,Confirmed,Loft Suite,202,12/10/2025,14/10/2025,2,08/10/2025,Booking.com,142.07,284.14,42.62
HI-10567,Confirmed,Garden Queen,105,21/05/2025,23/05/2025,2,18/04/2025,Expedia,103.77,207.54,37.36
HI-11722,Confirmed,Loft Suite,202,25/06/2026,26/06/2026,1,28/03/2026,Booking.com,326.89,326.89,49.03
HI-11954,Confirmed,Garden Queen,104,27/08/2026,29/08/2026,2,20/08/2026,direct,208.05,416.1,0.0
HI-10450,Confirmed,Harbour View King,101,14/04/2025,16/04/2025,2,07/04/2025,Direct,129.21,258.42,0.0
HI-10262,Confirmed,Harbour View King,101,19/01/2025,21/01/2025,2,12/01/2025,Booking.com,97.07,194.14,29.12
HI-11592,Confirmed,Garden Queen,106,20/05/2026,22/05/2026,2,13/05/2026,Airbnb,113.1,226.2,6.79
HI-11588,Confirmed,Garden Queen,105,19/05/2026,21/05/2026,2,07/05/2026,direct,120.11,240.22,0.0
HI-11759,Confirmed,Loft Suite,201,06/07/2026,08/07/2026,2,19/01/2026,Airbnb,237.69,475.38,14.26
HI-10957,Confirmed,Harbour View King,103,30/08/2025,01/09/2025,2,11/06/2025,Direct,317.58,635.16,0.0
HI-11389,Confirmed,Garden Queen,105,21/02/2026,23/02/2026,2,16/11/2025,Direct,156.64,313.28,0.0
HI-12129,Confirmed,Harbour View King,101,11/12/2026,14/12/2026,3,24/09/2026,Airbnb,155.52,466.56,14.0
HI-11570,Confirmed,Harbour View King,102,14/05/2026,15/05/2026,1,19/11/2025,Direct,187.78,187.78,0.0
HI-10175,Confirmed,Harbour View King,102,09/12/2024,11/12/2024,2,08/11/2024,booking.com,88.41,176.82,26.52
HI-10784,Confirmed,Garden Queen,105,15/07/2025,17/07/2025,2,10/07/2025,Airbnb,152.26,304.52,9.14
HI-10721,Confirmed,Loft Suite,201,29/06/2025,01/07/2025,2,13/06/2025,booking.com,229.54,459.08,68.86
HI-10096,Confirmed,Harbour View King,103,01/11/2024,02/11/2024,1,29/10/2024,Direct,133.84,133.84,0.0
HI-11424,Confirmed,Garden Queen,105,10/03/2026,12/03/2026,2,01/03/2026,Booking.com,85.83,171.66,25.75
HI-10449,Confirmed,Loft Suite,202,13/04/2025,15/04/2025,2,29/03/2025,Expedia,166.74,333.48,60.03
HI-10136,Confirmed,Harbour View King,101,22/11/2024,23/11/2024,1,22/11/2024,Expedia,114.0,114.0,20.52
HI-11523,Confirmed,Harbour View King,102,27/04/2026,29/04/2026,2,21/04/2026,Booking.com,143.71,287.42,43.11
HI-10639,Confirmed,Garden Queen,105,07/06/2025,09/06/2025,2,30/12/2024,direct,293.29,586.58,0.0
HI-11024,Confirmed,Garden Queen,106,19/09/2025,23/09/2025,4,16/09/2025,Direct,171.82,687.28,0.0
HI-11167,Confirmed,Garden Queen,104,07/11/2025,09/11/2025,2,27/10/2025,Airbnb,140.24,280.48,8.41
HI-10179,Confirmed,Harbour View King,102,11/12/2024,14/12/2024,3,06/12/2024,DIRECT,88.9,266.7,0.0
HI-10357,Confirmed,Harbour View King,101,02/03/2025,03/03/2025,1,27/02/2025,Airbnb,77.36,77.36,2.32
HI-11575,Confirmed,Garden Queen,104,15/05/2026,17/05/2026,2,11/05/2026,Direct,197.62,395.24,0.0
HI-11143,Confirmed,Harbour View King,101,28/10/2025,30/10/2025,2,12/10/2025,Direct,121.03,242.06,0.0
HI-11552,Confirmed,Garden Queen,106,08/05/2026,11/05/2026,3,07/05/2026,Airbnb,196.29,588.87,17.67
HI-11593,Confirmed,Loft Suite,202,20/05/2026,22/05/2026,2,25/02/2026,airbnb,173.02,346.04,10.38
HI-10570,Confirmed,Garden Queen,106,22/05/2025,26/05/2025,4,10/05/2025,booking.com,152.47,609.88,91.48
HI-11582,Confirmed,Garden Queen,106,17/05/2026,19/05/2026,2,02/05/2026,Expedia,105.54,211.07,46.33
HI-11249,Confirmed,Garden Queen,104,15/12/2025,18/12/2025,3,08/12/2025,DIRECT,79.4,238.2,0.0
HI-11254,Confirmed,Garden Queen,106,17/12/2025,21/12/2025,4,27/08/2025,Booking.com,104.75,419.0,62.85
HI-10791,Confirmed,Harbour View King,102,17/07/2025,19/07/2025,2,02/06/2025,expedia,245.43,490.86,88.35
HI-10516,Confirmed,Harbour View King,103,04/05/2025,05/05/2025,1,02/05/2025,Expedia,151.47,151.47,27.26
HI-10188,Confirmed,Harbour View King,103,14/12/2024,16/12/2024,2,02/12/2024,Expedia,143.7,287.4,51.73
HI-11137,Confirmed,Harbour View King,103,26/10/2025,28/10/2025,2,13/10/2025,Booking.com,158.39,316.78,47.52
HI-10265,Confirmed,Harbour View King,101,21/01/2025,24/01/2025,3,02/08/2024,DIRECT,90.94,272.82,0.0
HI-11301,Confirmed,Harbour View King,101,03/01/2026,05/01/2026,2,28/12/2025,Booking.com,155.91,311.82,46.77
HI-10154,Confirmed,Harbour View King,101,29/11/2024,02/12/2024,3,24/08/2024,Direct,129.04,387.12,0.0
HI-10056,Confirmed,Loft Suite,202,19/10/2024,20/10/2024,1,18/10/2024,Direct,232.05,232.05,0.0
HI-11990,Confirmed,Harbour View King,102,06/09/2026,08/09/2026,2,19/08/2026,Booking.com,162.92,325.84,48.88
HI-10155,Confirmed,Harbour View King,102,29/11/2024,30/11/2024,1,24/11/2024,Booking.com,170.21,170.21,25.53
HI-11682,Confirmed,Harbour View King,101,15/06/2026,18/06/2026,3,27/05/2026,Expedia,143.43,430.3,94.46
HI-12005,Confirmed,Loft Suite,201,11/09/2026,13/09/2026,2,23/08/2026,Booking.com,249.54,499.08,74.86
HI-12090,Confirmed,Harbour View King,101,13/10/2026,16/10/2026,3,27/09/2026,airbnb,134.52,403.56,12.11
HI-11497,Confirmed,Loft Suite,202,17/04/2026,19/04/2026,2,15/04/2026,Booking.com,313.36,626.72,94.01
HI-11218,Confirmed,Garden Queen,104,29/11/2025,30/11/2025,1,25/11/2025,Direct,109.68,109.68,0.0
HI-12059,Confirmed,Harbour View King,103,01/10/2026,02/10/2026,1,27/09/2026,Airbnb,195.1,195.1,5.85
HI-10968,Confirmed,Harbour View King,103,01/09/2025,06/09/2025,5,31/07/2025,Booking.com,143.28,716.4,107.46
HI-11156,Confirmed,Harbour View King,101,01/11/2025,02/11/2025,1,26/10/2025,DIRECT,181.23,181.23,0.0
HI-10044,Confirmed,Harbour View King,101,16/10/2024,19/10/2024,3,05/06/2024,Expedia,130.34,391.02,70.38
HI-11008,Confirmed,Harbour View King,103,14/09/2025,16/09/2025,2,31/08/2025,Booking.com,154.59,309.18,46.38
HI-10479,Confirmed,Harbour View King,101,23/04/2025,25/04/2025,2,09/04/2025,Booking.com,160.87,321.74,48.26
HI-10587,Confirmed,Garden Queen,105,26/05/2025,27/05/2025,1,01/05/2025,Direct,121.04,121.04,0.0
HI-12082,Confirmed,Garden Queen,105,09/10/2026,14/10/2026,5,01/10/2026,Booking.com,182.42,912.1,136.82
HI-11411,Confirmed,Harbour View King,103,04/03/2026,06/03/2026,2,02/03/2026,Airbnb,80.98,161.96,4.86
HI-10462,Confirmed,Garden Queen,106,17/04/2025,20/04/2025,3,27/03/2025,Airbnb,162.91,488.73,14.66
HI-11082,Confirmed,Harbour View King,102,07/10/2025,08/10/2025,1,27/09/2025,booking.com,143.92,143.92,21.59
HI-11557,Confirmed,Loft Suite,202,09/05/2026,10/05/2026,1,03/05/2026,Expedia,239.07,239.07,52.48
HI-11923,Cancelled,Loft Suite,201,17/08/2026,18/08/2026,1,23/07/2026,Expedia,240.59,240.59,43.31
HI-11386,Cancelled,Garden Queen,104,20/02/2026,23/02/2026,3,27/01/2026,Airbnb,149.09,447.27,13.42
HI-10433,Confirmed,Garden Queen,105,08/04/2025,10/04/2025,2,26/03/2025,Direct,109.68,219.36,0.0
HI-10584,Confirmed,Harbour View King,102,26/05/2025,28/05/2025,2,17/01/2025,Airbnb,137.15,274.3,8.23
HI-11744,Confirmed,Garden Queen,106,01/07/2026,04/07/2026,3,10/06/2026,Booking.com,180.45,541.35,81.2
HI-10940,Confirmed,Garden Queen,104,24/08/2025,26/08/2025,2,29/06/2025,expedia,164.21,328.42,59.12
HI-11334,Confirmed,Harbour View King,101,24/01/2026,26/01/2026,2,12/10/2025,Booking.com,155.67,311.34,46.7
HI-11540,Confirmed,Garden Queen,104,03/05/2026,06/05/2026,3,29/04/2026,direct,120.11,360.33,0.0
HI-10533,Confirmed,Harbour View King,101,11/05/2025,14/05/2025,3,11/04/2025,Direct,151.57,454.71,0.0
HI-10235,Confirmed,Garden Queen,105,04/01/2025,07/01/2025,3,04/10/2024,Airbnb,133.27,399.81,11.99
HI-10979,Confirmed,Garden Queen,105,04/09/2025,07/09/2025,3,04/07/2025,Booking.com,145.7,437.1,65.56
HI-11534,Confirmed,Garden Queen,106,01/05/2026,03/05/2026,2,17/03/2026,Airbnb,204.42,408.84,12.27
HI-11537,Confirmed,Harbour View King,102,02/05/2026,05/05/2026,3,22/04/2026,Direct,230.65,691.95,0.0
HI-11974,Cancelled,Garden Queen,104,01/09/2026,04/09/2026,3,08/06/2026,Booking.com,116.52,349.56,52.43
HI-11027,Confirmed,Harbour View King,103,20/09/2025,21/09/2025,1,23/09/2025,Booking.com,211.78,211.78,31.77
HI-10309,Confirmed,Loft Suite,201,08/02/2025,09/02/2025,1,05/02/2025,Direct,137.29,137.29,0.0
HI-10023,Confirmed,Loft Suite,202,06/10/2024,07/10/2024,1,26/09/2024,Airbnb,163.42,163.42,4.9
HI-10589,Confirmed,Loft Suite,201,26/05/2025,31/05/2025,5,13/05/2025,Booking.com,174.02,870.1,130.51
HI-11808,Cancelled,Harbour View King,102,19/07/2026,21/07/2026,2,20/02/2026,Airbnb,206.75,413.5,12.4
HI-11317,Confirmed,Garden Queen,105,13/01/2026,15/01/2026,2,18/07/2025,BOOKING.COM,83.33,166.66,25.0
HI-11929,Confirmed,Harbour View King,102,20/08/2026,21/08/2026,1,05/08/2026,Direct,264.28,264.28,0.0
HI-11854,Confirmed,Harbour View King,101,31/07/2026,03/08/2026,3,12/04/2026,Booking.com,326.41,979.23,146.88
HI-10494,Confirmed,Harbour View King,101,28/04/2025,30/04/2025,2,24/04/2025,Booking.com,134.2,268.4,40.26
HI-10042,Confirmed,Garden Queen,105,15/10/2024,18/10/2024,3,14/10/2024,Direct,113.29,339.87,0.0
HI-10603,Confirmed,Loft Suite,201,31/05/2025,03/06/2025,3,29/04/2025,Booking.com,289.78,869.34,130.4
HI-11686,Confirmed,Harbour View King,102,16/06/2026,20/06/2026,4,12/05/2026,Expedia,132.18,528.7,116.06
HI-11039,Confirmed,Harbour View King,102,23/09/2025,25/09/2025,2,20/09/2025,Booking.com,151.24,302.48,45.37
HI-12065,Confirmed,Garden Queen,104,03/10/2026,05/10/2026,2,26/09/2026,booking.com,156.98,313.96,47.09
HI-10531,Confirmed,Garden Queen,104,10/05/2025,12/05/2025,2,01/05/2025,Booking.com,170.24,340.48,51.07
HI-10554,Confirmed,Loft Suite,202,16/05/2025,17/05/2025,1,02/05/2025,Airbnb,245.11,245.11,7.35
HI-10230,Confirmed,Harbour View King,101,03/01/2025,05/01/2025,2,09/08/2024,Booking.com,170.87,341.74,51.26
HI-10539,Confirmed,Garden Queen,105,13/05/2025,16/05/2025,3,27/04/2025,booking.com,123.03,369.09,55.36
HI-10733,Confirmed,Garden Queen,105,03/07/2025,05/07/2025,2,18/04/2025,Airbnb,218.14,436.28,13.09
HI-11447,Confirmed,Harbour View King,103,31/03/2026,02/04/2026,2,13/03/2026,booking.com,107.92,215.84,32.38
HI-10202,Confirmed,Garden Queen,104,20/12/2024,22/12/2024,2,14/12/2024,Booking.com,158.73,317.46,47.62
HI-10833,Confirmed,Harbour View King,102,29/07/2025,31/07/2025,2,29/06/2025,Booking.com,219.08,438.16,65.72
HI-10692,Confirmed,Loft Suite,202,19/06/2025,21/06/2025,2,20/05/2025,Airbnb,331.87,663.74,19.91
HI-10300,Confirmed,Garden Queen,105,05/02/2025,08/02/2025,3,03/02/2025,Direct,71.59,214.77,0.0
HI-12011,Confirmed,Harbour View King,102,15/09/2026,17/09/2026,2,08/09/2026,direct,120.04,240.08,0.0
HI-10291,Confirmed,Harbour View King,101,01/02/2025,05/02/2025,4,29/01/2025,Booking.com,120.29,481.16,72.17
HI-11916,Cancelled,Garden Queen,104,16/08/2026,18/08/2026,2,05/08/2026,Airbnb,186.18,372.36,11.17
HI-10710,Confirmed,Harbour View King,102,26/06/2025,29/06/2025,3,03/05/2025,Airbnb,203.2,609.6,18.29
HI-11179,Confirmed,Harbour View King,102,11/11/2025,13/11/2025,2,13/08/2025,Booking.com,87.29,174.58,26.19
HI-11908,Confirmed,Garden Queen,106,14/08/2026,16/08/2026,2,25/07/2026,Airbnb,226.6,453.2,13.6
HI-10841,Confirmed,Garden Queen,104,31/07/2025,02/08/2025,2,13/05/2025,Expedia,189.94,379.88,68.38
HI-10010,Confirmed,Loft Suite,202,03/10/2024,04/10/2024,1,07/05/2024,Airbnb,207.41,207.41,6.22
HI-10204,Cancelled,Loft Suite,202,20/12/2024,22/12/2024,2,17/12/2024,Direct,174.2,348.4,0.0
HI-11101,Confirmed,Garden Queen,106,13/10/2025,15/10/2025,2,10/10/2025,Direct,129.32,258.64,0.0
HI-11194,Confirmed,Loft Suite,202,17/11/2025,18/11/2025,1,07/11/2025,booking.com,125.69,125.69,18.85
HI-10287,Confirmed,Loft Suite,201,30/01/2025,01/02/2025,2,21/01/2025,Expedia,156.64,313.28,56.39
HI-10405,Confirmed,Garden Queen,106,29/03/2025,01/04/2025,3,14/03/2025,Direct,128.18,384.54,0.0
HI-11469,Confirmed,Harbour View King,101,10/04/2026,12/04/2026,2,09/03/2026,Airbnb,230.74,461.48,13.84
HI-10620,Confirmed,Loft Suite,201,03/06/2025,05/06/2025,2,16/05/2025,Airbnb,203.02,406.04,12.18
HI-11066,Confirmed,Loft Suite,201,01/10/2025,03/10/2025,2,17/09/2025,Direct,171.74,343.48,0.0
HI-10337,Confirmed,Garden Queen,,19/02/2025,22/02/2025,3,25/10/2024,Booking.com,89.44,268.32,40.25
HI-10606,Confirmed,Harbour View King,103,01/06/2025,03/06/2025,2,23/05/2025,Direct,231.99,463.98,0.0
HI-11493,Confirmed,Harbour View King,103,16/04/2026,17/04/2026,1,12/04/2026,Booking.com,162.73,162.73,24.41
HI-11105,Confirmed,Garden Queen,105,14/10/2025,15/10/2025,1,16/05/2025,direct,111.64,111.64,0.0
HI-10958,Confirmed,Garden Queen,104,30/08/2025,31/08/2025,1,24/07/2025,Direct,246.63,246.63,0.0
HI-10302,Confirmed,Harbour View King,103,07/02/2025,09/02/2025,2,21/11/2024,Direct,163.73,327.46,0.0
HI-11071,Confirmed,Harbour View King,102,03/10/2025,06/10/2025,3,25/09/2025,Booking.com,219.43,658.29,98.74
HI-11205,Confirmed,Loft Suite,201,22/11/2025,25/11/2025,3,17/11/2025,Direct,160.49,481.47,0.0
HI-10668,Confirmed,Garden Queen,106,14/06/2025,17/06/2025,3,30/05/2025,Direct,285.27,855.81,0.0
HI-11558,Confirmed,Harbour View King,102,10/05/2026,12/05/2026,2,24/04/2026,direct,143.42,286.84,0.0
HI-10576,Confirmed,Harbour View King,103,24/05/2025,29/05/2025,5,19/05/2025,Direct,222.09,1110.45,0.0
HI-11190,Confirmed,Garden Queen,104,16/11/2025,17/11/2025,1,15/10/2025,BOOKING.COM,98.54,98.54,14.78
HI-11726,Confirmed,Harbour View King,101,27/06/2026,30/06/2026,3,18/04/2026,expedia,247.77,743.31,163.17
HI-10310,Confirmed,Harbour View King,101,09/02/2025,10/02/2025,1,07/02/2025,BOOKING.COM,77.95,77.95,11.69
HI-11711,Confirmed,Loft Suite,202,22/06/2026,25/06/2026,3,19/05/2026,Airbnb,232.6,697.8,20.93
HI-11979,Confirmed,Garden Queen,106,02/09/2026,04/09/2026,2,28/08/2026,Booking.com,101.26,202.52,30.38
HI-11863,Confirmed,Garden Queen,104,02/08/2026,04/08/2026,2,18/07/2026,Booking.com,170.47,340.94,51.14
HI-11728,Confirmed,Garden Queen,104,27/06/2026,30/06/2026,3,16/06/2026,Booking.com,252.57,757.71,113.66
HI-10651,Confirmed,Loft Suite,201,10/06/2025,12/06/2025,2,05/02/2025,Airbnb,227.46,454.92,13.65
HI-10971,Confirmed,Garden Queen,104,02/09/2025,05/09/2025,3,05/08/2025,Direct,117.87,353.61,0.0
HI-10301,Confirmed,Garden Queen,106,06/02/2025,09/02/2025,3,01/02/2025,Direct,126.05,378.15,0.0
HI-11718,Confirmed,Garden Queen,105,24/06/2026,26/06/2026,2,23/06/2026,Booking.com,172.91,345.82,51.87
HI-11280,Confirmed,Harbour View King,101,27/12/2025,30/12/2025,3,26/12/2025,Booking.com,145.42,436.26,65.44
HI-10453,Confirmed,Garden Queen,106,14/04/2025,17/04/2025,3,10/04/2025,Booking.com,115.78,347.34,52.1
HI-11060,Confirmed,Loft Suite,202,29/09/2025,02/10/2025,3,19/09/2025,Booking.com,174.43,523.29,78.49
HI-11467,Confirmed,Garden Queen,105,09/04/2026,10/04/2026,1,03/04/2026,Direct,144.08,144.08,0.0
HI-10916,Confirmed,Garden Queen,106,18/08/2025,23/08/2025,5,29/07/2025,Booking.com,144.94,724.7,108.7
HI-11988,Confirmed,Garden Queen,104,05/09/2026,09/09/2026,4,02/09/2026,Direct,185.12,740.48,0.0
HI-10781,Cancelled,Loft Suite,201,14/07/2025,16/07/2025,2,26/01/2025,expedia,219.94,439.88,79.18
HI-10521,Confirmed,Garden Queen,105,06/05/2025,09/05/2025,3,20/04/2025,Booking.com,107.31,321.93,48.29
HI-10400,Confirmed,Loft Suite,201,27/03/2025,29/03/2025,2,23/03/2025,Direct,128.95,257.9,0.0
HI-11111,Confirmed,Garden Queen,106,16/10/2025,19/10/2025,3,19/09/2025,Direct,152.59,457.77,0.0
HI-11840,Confirmed,Harbour View King,102,27/07/2026,30/07/2026,3,10/07/2026,Expedia,151.02,453.06,99.45
HI-11574,Confirmed,Harbour View King,103,15/05/2026,18/05/2026,3,12/04/2026,Airbnb,207.72,623.16,18.69
HI-10059,Confirmed,Harbour View King,103,20/10/2024,21/10/2024,1,17/09/2024,DIRECT,162.66,162.66,0.0
HI-11565,Confirmed,Harbour View King,103,13/05/2026,15/05/2026,2,01/05/2026,Direct,137.24,274.48,0.0
HI-10772,Confirmed,Garden Queen,106,12/07/2025,16/07/2025,4,16/05/2025,direct,243.1,972.4,0.0
HI-10324,Confirmed,Loft Suite,202,12/02/2025,16/02/2025,4,06/02/2025,DIRECT,119.49,477.96,0.0
HI-11904,Confirmed,Harbour View King,102,14/08/2026,16/08/2026,2,08/06/2026,Booking.com,295.9,591.8,88.77
HI-11155,Confirmed,Loft Suite,202,31/10/2025,02/11/2025,2,26/10/2025,Booking.com,275.37,550.74,82.61
HI-11322,Confirmed,Garden Queen,104,17/01/2026,18/01/2026,1,10/01/2026,Booking.com,137.83,137.83,20.67
HI-11708,Confirmed,Garden Queen,104,22/06/2026,23/06/2026,1,21/06/2026,Booking.com,153.1,153.1,22.96
HI-11303,Confirmed,Garden Queen,105,04/01/2026,07/01/2026,3,29/12/2025,Airbnb,90.45,271.35,8.14
HI-11932,Confirmed,Harbour View King,101,21/08/2026,24/08/2026,3,18/04/2026,Expedia,242.64,727.91,159.79
HI-11014,Confirmed,Loft Suite,202,15/09/2025,18/09/2025,3,11/09/2025,Booking.com,155.52,466.56,69.98
HI-11667,Confirmed,Harbour View King,103,11/06/2026,12/06/2026,1,26/04/2026,booking.com,241.66,241.66,36.25
HI-10712,Confirmed,Garden Queen,106,26/06/2025,28/06/2025,2,16/05/2025,direct,217.67,435.34,0.0
HI-10840,Confirmed,Harbour View King,102,31/07/2025,03/08/2025,3,01/07/2025,booking.com,204.74,614.22,92.13
HI-11515,Confirmed,Loft Suite,202,23/04/2026,26/04/2026,3,29/03/2026,Direct,213.85,641.55,0.0
HI-11804,Confirmed,Loft Suite,201,17/07/2026,19/07/2026,2,23/05/2026,Direct,389.87,779.74,0.0
HI-10394,Confirmed,Harbour View King,103,22/03/2025,26/03/2025,4,15/03/2025,BOOKING.COM,169.87,679.48,101.92
HI-11503,Confirmed,Harbour View King,103,20/04/2026,23/04/2026,3,18/04/2026,booking.com,143.32,429.96,64.49
HI-10496,Confirmed,Garden Queen,106,29/04/2025,03/05/2025,4,30/12/2024,Direct,122.02,488.08,0.0
HI-11604,Confirmed,Loft Suite,201,23/05/2026,25/05/2026,2,21/05/2026,Direct,254.02,508.04,0.0
HI-11529,Confirmed,Harbour View King,102,29/04/2026,01/05/2026,2,06/04/2026,airbnb,123.7,247.4,7.42
HI-11906,Confirmed,Garden Queen,104,14/08/2026,17/08/2026,3,03/08/2026,Direct,244.03,732.09,0.0
HI-10193,Confirmed,Garden Queen,104,15/12/2024,19/12/2024,4,07/12/2024,Direct,84.78,339.12,0.0
HI-11876,Confirmed,Harbour View King,103,06/08/2026,07/08/2026,1,30/05/2026,direct,245.34,245.34,0.0
HI-10514,Confirmed,Loft Suite,202,03/05/2025,06/05/2025,3,26/03/2025,Booking.com,269.07,807.21,121.08
HI-10261,Confirmed,Harbour View King,102,18/01/2025,22/01/2025,4,09/01/2025,Direct,186.31,745.24,0.0
HI-10344,Confirmed,Garden Queen,105,23/02/2025,25/02/2025,2,16/02/2025,direct,90.81,181.62,0.0
HI-11347,Confirmed,Harbour View King,102,31/01/2026,03/02/2026,3,25/01/2026,Booking.com,132.47,397.41,59.61
HI-12012,Confirmed,Garden Queen,104,15/09/2026,18/09/2026,3,31/08/2026,direct,101.7,305.1,0.0
HI-11121,Confirmed,Garden Queen,104,19/10/2025,21/10/2025,2,11/10/2025,Booking.com,134.85,269.7,40.46
HI-10111,Confirmed,Harbour View King,102,08/11/2024,10/11/2024,2,18/08/2024,DIRECT,166.61,333.22,0.0
HI-11538,Confirmed,Garden Queen,105,02/05/2026,05/05/2026,3,17/04/2026,Direct,193.25,579.75,0.0
HI-11422,Confirmed,Harbour View King,103,08/03/2026,12/03/2026,4,04/03/2026,Direct,93.0,372.0,0.0
HI-12101,Confirmed,Garden Queen,105,19/10/2026,22/10/2026,3,13/09/2026,Booking.com,118.75,356.25,53.44
HI-10729,Confirmed,Loft Suite,201,01/07/2025,03/07/2025,2,24/05/2025,Direct,229.14,458.28,0.0
HI-10292,Confirmed,Harbour View King,102,01/02/2025,03/02/2025,2,29/01/2025,Booking.com,111.73,223.46,33.52
HI-11700,Confirmed,Garden Queen,106,19/06/2026,22/06/2026,3,10/05/2026,Airbnb,248.64,745.92,22.38
HI-10725,Confirmed,Harbour View King,102,01/07/2025,03/07/2025,2,26/06/2025,Booking.com,183.5,367.0,55.05
HI-11741,Confirmed,Harbour View King,101,01/07/2026,03/07/2026,2,22/06/2026,expedia,182.36,364.72,80.06
HI-10058,Confirmed,Harbour View King,102,20/10/2024,23/10/2024,3,11/10/2024,Booking.com,155.53,466.59,69.99
HI-11323,Confirmed,Garden Queen,105,17/01/2026,19/01/2026,2,15/01/2026,Booking.com,106.5,213.0,31.95
HI-10032,Confirmed,Loft Suite,201,09/10/2024,11/10/2024,2,03/10/2024,Booking.com,217.13,434.26,65.14
HI-10778,Confirmed,Harbour View King,101,14/07/2025,15/07/2025,1,19/05/2025,Expedia,181.12,181.12,32.6
HI-11484,Confirmed,Harbour View King,101,13/04/2026,16/04/2026,3,05/04/2026,Booking.com,114.27,342.81,51.42
HI-11857,Confirmed,Loft Suite,202,31/07/2026,03/08/2026,3,02/02/2026,Airbnb,385.11,1155.33,34.66
HI-10927,Confirmed,Loft Suite,201,21/08/2025,23/08/2025,2,22/07/2025,Direct,299.31,598.62,0.0
HI-11276,Confirmed,Harbour View King,102,26/12/2025,28/12/2025,2,06/08/2025,Direct,184.51,369.02,0.0
HI-12128,Confirmed,Harbour View King,102,10/12/2026,12/12/2026,2,02/08/2026,Booking.com,138.0,276.0,41.4
HI-11440,Confirmed,Loft Suite,201,21/03/2026,23/03/2026,2,25/03/2026,Booking.com,195.24,390.48,58.57
HI-10965,Confirmed,Loft Suite,202,31/08/2025,02/09/2025,2,26/06/2025,Expedia,269.77,539.54,97.12
HI-10295,Confirmed,Loft Suite,202,02/02/2025,07/02/2025,5,08/08/2024,Direct,123.03,615.15,0.0
HI-10580,Confirmed,Harbour View King,102,25/05/2025,26/05/2025,1,17/05/2025,Direct,122.54,122.54,0.0
HI-11838,Confirmed,Loft Suite,202,26/07/2026,27/07/2026,1,12/03/2026,Booking.com,273.0,273.0,40.95
HI-12108,Confirmed,Harbour View King,101,23/10/2026,25/10/2026,2,08/09/2026,AIRBNB,248.63,497.26,14.92
HI-11464,Confirmed,Garden Queen,104,07/04/2026,09/04/2026,2,31/03/2026,Direct,120.3,240.6,0.0
HI-11292,Confirmed,Harbour View King,103,31/12/2025,01/01/2026,1,23/12/2025,Direct,96.56,96.56,0.0
HI-10719,Confirmed,Garden Queen,105,29/06/2025,30/06/2025,1,25/06/2025,Airbnb,189.98,189.98,5.7
HI-10213,Confirmed,Garden Queen,104,25/12/2024,26/12/2024,1,17/12/2024,Expedia,84.95,84.95,15.29
HI-10286,Confirmed,Garden Queen,106,30/01/2025,03/02/2025,4,28/01/2025,Airbnb,94.04,376.16,11.28
HI-10789,Confirmed,Garden Queen,106,16/07/2025,19/07/2025,3,27/06/2025,Airbnb,179.73,539.19,16.18
HI-11058,Confirmed,Harbour View King,102,29/09/2025,30/09/2025,1,19/09/2025,DIRECT,131.07,131.07,0.0
HI-11994,Confirmed,Loft Suite,201,07/09/2026,09/09/2026,2,11/08/2026,Booking.com,154.1,308.2,46.23
HI-10170,Confirmed,Loft Suite,201,06/12/2024,07/12/2024,1,29/11/2024,Airbnb,199.24,199.24,5.98
HI-10173,Confirmed,Loft Suite,201,08/12/2024,10/12/2024,2,04/12/2024,Booking.com,114.48,228.96,34.34
HI-11436,Confirmed,Loft Suite,202,16/03/2026,20/03/2026,4,10/03/2026,BOOKING.COM,123.46,493.84,74.08
HI-11335,Confirmed,Garden Queen,105,24/01/2026,25/01/2026,1,21/01/2026,Booking.com,128.6,128.6,19.29
HI-11289,Confirmed,Harbour View King,101,30/12/2025,03/01/2026,4,24/12/2025,booking.com,100.77,403.08,60.46
HI-12034,Confirmed,Loft Suite,201,23/09/2026,26/09/2026,3,18/05/2026,expedia,140.82,422.46,92.73
HI-11409,Confirmed,Harbour View King,101,03/03/2026,05/03/2026,2,01/03/2026,Booking.com,83.62,167.24,25.09
HI-10316,Confirmed,Harbour View King,103,10/02/2025,14/02/2025,4,31/01/2025,Direct,104.32,417.28,0.0
HI-11047,Cancelled,Harbour View King,102,26/09/2025,28/09/2025,2,09/08/2025,Booking.com,198.31,396.62,59.49
HI-11849,Confirmed,Harbour View King,103,30/07/2026,31/07/2026,1,17/07/2026,Booking.com,256.52,256.52,38.48
HI-10963,Confirmed,Garden Queen,104,31/08/2025,01/09/2025,1,26/08/2025,Expedia,154.73,154.73,27.85
HI-11109,Confirmed,Harbour View King,103,16/10/2025,19/10/2025,3,19/09/2025,Airbnb,167.67,503.01,15.09
HI-10991,Confirmed,Harbour View King,103,10/09/2025,12/09/2025,2,30/08/2025,Direct,136.54,273.08,0.0
HI-11742,Confirmed,Harbour View King,102,01/07/2026,05/07/2026,4,15/04/2026,expedia,155.01,620.05,136.11
HI-11617,Confirmed,Loft Suite,202,27/05/2026,29/05/2026,2,22/03/2026,Expedia,149.23,298.46,65.52
HI-11657,Confirmed,Garden Queen,106,08/06/2026,10/06/2026,2,16/01/2026,Booking.com,145.76,291.52,43.73
HI-11669,Confirmed,Garden Queen,106,11/06/2026,12/06/2026,1,04/03/2026,Direct,189.56,189.56,0.0
HI-11154,Confirmed,Loft Suite,201,31/10/2025,02/11/2025,2,14/10/2025,direct,287.79,575.58,0.0
HI-10664,Confirmed,Loft Suite,201,13/06/2025,16/06/2025,3,01/03/2025,Airbnb,347.22,1041.66,31.25
HI-10190,Cancelled,Loft Suite,202,14/12/2024,15/12/2024,1,12/12/2024,Direct,143.81,143.81,0.0
HI-10774,Cancelled,Harbour View King,101,13/07/2025,16/07/2025,3,22/06/2025,direct,238.34,715.02,0.0
HI-10523,Confirmed,Garden Queen,104,08/05/2025,10/05/2025,2,15/04/2025,Direct,146.04,292.08,0.0
HI-10025,Confirmed,Garden Queen,106,07/10/2024,10/10/2024,3,04/10/2024,Booking.com,120.06,360.18,54.03
HI-10806,Confirmed,Harbour View King,103,21/07/2025,23/07/2025,2,15/07/2025,Direct,187.22,374.44,0.0
HI-10976,Confirmed,Garden Queen,106,03/09/2025,05/09/2025,2,28/08/2025,Booking.com,114.81,229.62,34.44
HI-10652,Confirmed,Loft Suite,202,10/06/2025,13/06/2025,3,10/03/2025,booking.com,235.83,707.49,106.12
HI-10381,Confirmed,Loft Suite,202,17/03/2025,20/03/2025,3,11/03/2025,Airbnb,126.12,378.36,11.35
HI-11181,Confirmed,Loft Suite,202,11/11/2025,14/11/2025,3,11/07/2025,Direct,109.59,328.77,0.0
HI-11281,Confirmed,Harbour View King,103,27/12/2025,28/12/2025,1,05/09/2025,Direct,140.45,140.45,0.0
HI-10182,Confirmed,Harbour View King,103,12/12/2024,14/12/2024,2,07/12/2024,Airbnb,145.35,290.7,8.72
HI-11443,Confirmed,Harbour View King,102,25/03/2026,28/03/2026,3,21/03/2026,Direct,81.42,244.26,0.0
HI-11887,Confirmed,Garden Queen,105,08/08/2026,10/08/2026,2,13/03/2026,booking.com,247.9,495.8,74.37
HI-10655,Confirmed,Garden Queen,106,11/06/2025,14/06/2025,3,08/06/2025,Direct,142.83,428.49,0.0
HI-11930,Confirmed,Garden Queen,104,20/08/2026,24/08/2026,4,18/07/2026,Direct,185.36,741.44,0.0
HI-11735,Confirmed,Harbour View King,103,29/06/2026,01/07/2026,2,14/04/2026,Direct,176.84,353.68,0.0
HI-11519,Confirmed,Harbour View King,101,25/04/2026,28/04/2026,3,21/04/2026,booking.com,218.01,654.03,98.1
HI-10518,Confirmed,Garden Queen,106,04/05/2025,06/05/2025,2,24/04/2025,Booking.com,133.31,266.62,39.99
HI-11412,Confirmed,Garden Queen,105,04/03/2026,07/03/2026,3,25/02/2026,Direct,86.99,260.97,0.0
HI-11472,Cancelled,Garden Queen,105,10/04/2026,12/04/2026,2,25/03/2026,Booking.com,187.42,374.84,56.23
HI-10795,Confirmed,Harbour View King,103,18/07/2025,21/07/2025,3,25/07/2025,Airbnb,318.91,956.73,28.7
HI-11811,Confirmed,Loft Suite,201,19/07/2026,20/07/2026,1,09/07/2026,Airbnb,255.51,255.51,7.67
HI-11266,Confirmed,Garden Queen,104,21/12/2025,25/12/2025,4,02/12/2025,Direct,80.8,323.2,0.0
HI-11699,Cancelled,Garden Queen,104,19/06/2026,22/06/2026,3,10/03/2026,booking.com,311.93,935.79,140.37
HI-11429,Confirmed,Harbour View King,101,13/03/2026,16/03/2026,3,04/03/2026,Expedia,161.62,484.86,87.27
HI-11331,Confirmed,Garden Queen,106,22/01/2026,23/01/2026,1,31/12/2025,Expedia,93.23,93.23,16.78
HI-11836,Confirmed,Garden Queen,106,26/07/2026,27/07/2026,1,16/07/2026,Direct,178.68,178.68,0.0
HI-10353,Confirmed,Garden Queen,105,28/02/2025,03/03/2025,3,18/02/2025,Booking.com,151.03,453.09,67.96
HI-11925,Confirmed,Harbour View King,103,18/08/2026,22/08/2026,4,26/07/2026,Direct,162.61,650.44,0.0
HI-11513,Confirmed,Garden Queen,106,23/04/2026,26/04/2026,3,21/04/2026,Booking.com,136.34,409.02,61.35
HI-11136,Confirmed,Harbour View King,102,26/10/2025,28/10/2025,2,01/08/2025,Airbnb,155.52,311.04,9.33
HI-11368,Confirmed,Garden Queen,105,12/02/2026,14/02/2026,2,02/02/2026,Airbnb,105.31,210.62,6.32
HI-11019,Confirmed,Garden Queen,105,17/09/2025,19/09/2025,2,13/05/2025,Expedia,115.0,230.0,41.4
HI-10899,Confirmed,Garden Queen,105,15/08/2025,17/08/2025,2,27/02/2025,Booking.com,292.47,584.94,87.74
HI-10559,Confirmed,Harbour View King,101,19/05/2025,21/05/2025,2,10/05/2025,Booking.com,128.67,257.34,38.6
HI-10290,Confirmed,Loft Suite,202,31/01/2025,02/02/2025,2,19/01/2025,Direct,208.03,416.06,0.0
HI-10312,Confirmed,Garden Queen,104,09/02/2025,10/02/2025,1,28/09/2024,Direct,100.49,100.49,0.0
HI-11476,Confirmed,Garden Queen,105,11/04/2026,12/04/2026,1,29/03/2026,EXPEDIA,129.39,129.39,28.4
HI-11758,Confirmed,Garden Queen,104,06/07/2026,09/07/2026,3,20/03/2026,direct,146.5,439.5,0.0
HI-10417,Confirmed,Harbour View King,101,03/04/2025,04/04/2025,1,07/11/2024,Direct,177.67,177.67,0.0
HI-11666,Confirmed,Harbour View King,102,11/06/2026,15/06/2026,4,07/05/2026,Expedia,225.23,900.92,197.76
HI-11421,Confirmed,Garden Queen,104,07/03/2026,10/03/2026,3,05/03/2026,airbnb,89.27,267.81,8.03
HI-10212,Confirmed,Loft Suite,202,24/12/2024,25/12/2024,1,18/12/2024,Booking.com,106.11,106.11,15.92
HI-10043,Confirmed,Loft Suite,201,15/10/2024,17/10/2024,2,29/09/2024,Direct,144.02,288.04,0.0
HI-11704,Confirmed,Loft Suite,201,20/06/2026,22/06/2026,2,07/06/2026,Expedia,301.84,603.68,132.52
HI-10977,Confirmed,Harbour View King,101,04/09/2025,07/09/2025,3,02/09/2025,Booking.com,190.03,570.09,85.51
HI-11346,Confirmed,Harbour View King,101,31/01/2026,01/02/2026,1,25/01/2026,Direct,192.53,192.53,0.0
HI-10390,Confirmed,Loft Suite,201,20/03/2025,22/03/2025,2,07/12/2024,Booking.com,148.27,296.54,44.48
HI-10600,Confirmed,Garden Queen,106,29/05/2025,01/06/2025,3,12/05/2025,expedia,161.48,484.44,87.2
HI-11295,Confirmed,Garden Queen,105,01/01/2026,04/01/2026,3,24/12/2025,Expedia,104.45,313.35,56.4
HI-10117,Confirmed,Garden Queen,105,13/11/2024,16/11/2024,3,27/10/2024,Airbnb,90.29,270.87,8.13
HI-11041,Confirmed,Garden Queen,104,24/09/2025,25/09/2025,1,13/09/2025,Direct,111.93,111.93,0.0
HI-10923,Confirmed,Harbour View King,102,21/08/2025,22/08/2025,1,29/06/2025,Direct,227.33,227.33,0.0
HI-10165,Confirmed,Loft Suite,202,03/12/2024,05/12/2024,2,03/12/2024,Booking.com,94.37,188.74,28.31
HI-11524,Confirmed,Loft Suite,202,27/04/2026,29/04/2026,2,12/04/2026,DIRECT,177.21,354.42,0.0
HI-10670,Confirmed,Loft Suite,202,14/06/2025,17/06/2025,3,11/06/2025,booking.com,343.33,1029.99,154.5
HI-11128,Confirmed,Loft Suite,201,22/10/2025,23/10/2025,1,24/06/2025,Expedia,199.15,199.15,35.85
HI-12113,Confirmed,Harbour View King,102,26/10/2026,28/10/2026,2,27/09/2026,Airbnb,140.38,280.76,8.42
HI-11733,Confirmed,Harbour View King,103,28/06/2026,29/06/2026,1,14/06/2026,Booking.com,202.8,202.8,30.42
HI-11131,Confirmed,Harbour View King,101,24/10/2025,26/10/2025,2,05/10/2025,Airbnb,248.19,496.38,14.89
HI-10792,Confirmed,Garden Queen,104,17/07/2025,20/07/2025,3,17/07/2025,Expedia,213.87,641.61,115.49
HI-11507,Confirmed,Garden Queen,106,21/04/2026,23/04/2026,2,31/10/2025,Booking.com,139.34,278.68,41.8
HI-10642,Confirmed,Loft Suite,202,08/06/2025,10/06/2025,2,31/05/2025,Airbnb,286.94,573.88,17.22
HI-10375,Confirmed,Garden Queen,106,12/03/2025,15/03/2025,3,28/02/2025,Direct,84.15,252.45,0.0
HI-10494,Confirmed,Harbour View King,101,28/04/2025,30/04/2025,2,24/04/2025,Booking.com,134.2,268.4,40.26
HI-11329,Confirmed,Garden Queen,105,20/01/2026,22/01/2026,2,03/08/2025,airbnb,79.95,159.9,4.8
HI-10004,Confirmed,Loft Suite,201,02/10/2024,04/10/2024,2,07/09/2024,Airbnb,160.39,320.78,9.62
HI-11426,Confirmed,Garden Queen,106,12/03/2026,15/03/2026,3,08/03/2026,Direct,76.27,228.81,0.0
HI-11752,Confirmed,Harbour View King,101,04/07/2026,05/07/2026,1,06/04/2026,airbnb,260.16,260.16,7.8
HI-10534,Confirmed,Harbour View King,102,11/05/2025,14/05/2025,3,01/03/2025,Airbnb,152.15,456.45,13.69
HI-10572,Confirmed,Harbour View King,101,23/05/2025,26/05/2025,3,11/05/2025,Direct,241.22,723.66,0.0
HI-10163,Confirmed,Harbour View King,103,02/12/2024,03/12/2024,1,26/11/2024,Booking.com,91.17,91.17,13.68
HI-11413,Confirmed,Harbour View King,101,05/03/2026,07/03/2026,2,18/02/2026,BOOKING.COM,133.62,267.24,40.09
HI-11425,Confirmed,Harbour View King,103,12/03/2026,14/03/2026,2,08/03/2026,Booking.com,93.82,187.64,28.15
HI-11528,Confirmed,Harbour View King,101,29/04/2026,30/04/2026,1,10/12/2025,Airbnb,137.83,137.83,4.13
HI-10892,Confirmed,Harbour View King,102,14/08/2025,18/08/2025,4,01/08/2025,Direct,237.84,951.36,0.0
HI-10053,Confirmed,Harbour View King,103,18/10/2024,19/10/2024,1,14/10/2024,Airbnb,261.59,261.59,7.85
HI-11135,Confirmed,Harbour View King,101,26/10/2025,28/10/2025,2,16/08/2025,Expedia,128.29,256.58,46.18
HI-10352,Confirmed,Harbour View King,102,28/02/2025,03/03/2025,3,22/02/2025,Expedia,144.64,433.92,78.11
HI-10421,Confirmed,Harbour View King,101,05/04/2025,09/04/2025,4,28/11/2024,Airbnb,238.23,952.92,28.59
HI-10858,Confirmed,Garden Queen,106,03/08/2025,06/08/2025,3,11/07/2025,Booking.com,180.46,541.38,81.21
HI-11520,Confirmed,Harbour View King,103,25/04/2026,27/04/2026,2,23/04/2026,booking.com,220.09,440.18,66.03
HI-11748,Confirmed,Loft Suite,201,02/07/2026,03/07/2026,1,28/06/2026,Airbnb,281.45,281.45,8.44
HI-11325,Confirmed,Harbour View King,103,18/01/2026,20/01/2026,2,08/01/2026,Booking.com,92.95,185.9,27.88
HI-10964,Confirmed,Loft Suite,201,31/08/2025,02/09/2025,2,08/08/2025,Booking.com,261.35,522.7,78.4
HI-12079,Confirmed,Harbour View King,103,08/10/2026,11/10/2026,3,08/07/2026,booking.com,178.51,535.53,80.33
HI-10278,Confirmed,Garden Queen,104,27/01/2025,29/01/2025,2,13/01/2025,Direct,82.41,164.82,0.0
HI-10119,Confirmed,Harbour View King,101,15/11/2024,16/11/2024,1,09/11/2024,direct,187.83,187.83,0.0
HI-10742,Confirmed,Harbour View King,103,05/07/2025,08/07/2025,3,24/06/2025,Booking.com,341.49,1024.47,153.67
HI-12073,Confirmed,Harbour View King,103,05/10/2026,07/10/2026,2,04/08/2026,Booking.com,123.9,247.8,37.17
HI-10303,Confirmed,Garden Queen,104,07/02/2025,09/02/2025,2,29/01/2025,EXPEDIA,112.36,224.72,40.45
HI-11985,Confirmed,Loft Suite,201,04/09/2026,06/09/2026,2,12/07/2026,Booking.com,230.05,460.1,69.02
HI-11532,Confirmed,Loft Suite,202,30/04/2026,02/05/2026,2,17/04/2026,Booking.com,209.11,418.22,62.73
HI-10758,Confirmed,Garden Queen,105,09/07/2025,10/07/2025,1,03/06/2025,Booking.com,165.31,165.31,24.8
HI-10150,Confirmed,Loft Suite,201,26/11/2024,28/11/2024,2,23/11/2024,Booking.com,104.2,208.4,31.26
HI-11793,Confirmed,Garden Queen,105,15/07/2026,16/07/2026,1,21/05/2026,booking.com,170.75,170.75,25.61
HI-10125,Confirmed,Loft Suite,202,15/11/2024,16/11/2024,1,15/11/2024,Airbnb,164.78,164.78,4.94
HI-11818,Confirmed,Loft Suite,,21/07/2026,22/07/2026,1,29/01/2026,Direct,207.05,207.05,0.0
HI-10008,Confirmed,Garden Queen,106,03/10/2024,04/10/2024,1,12/09/2024,Direct,132.24,132.24,0.0
HI-10370,Confirmed,Garden Queen,104,09/03/2025,12/03/2025,3,07/03/2025,Expedia,68.97,206.91,37.24
HI-10186,Confirmed,Loft Suite,202,13/12/2024,17/12/2024,4,06/12/2024,Expedia,166.53,666.12,119.9
HI-10885,Confirmed,Garden Queen,105,11/08/2025,13/08/2025,2,13/07/2025,booking.com,152.99,305.98,45.9
HI-11358,Confirmed,Garden Queen,106,08/02/2026,10/02/2026,2,08/12/2025,booking.com,100.47,200.94,30.14
HI-11495,Confirmed,Garden Queen,105,16/04/2026,18/04/2026,2,01/04/2026,Booking.com,136.94,273.88,41.08
HI-11391,Confirmed,Harbour View King,103,23/02/2026,28/02/2026,5,12/02/2026,direct,79.83,399.15,0.0
HI-11637,Confirmed,Harbour View King,102,03/06/2026,05/06/2026,2,02/05/2026,Direct,200.64,401.28,0.0
HI-10474,Confirmed,Harbour View King,102,22/04/2025,24/04/2025,2,15/04/2025,Booking.com,125.07,250.14,37.52
HI-10857,Confirmed,Garden Queen,105,03/08/2025,05/08/2025,2,09/04/2025,Direct,191.6,383.2,0.0
HI-10459,Confirmed,Loft Suite,202,15/04/2025,16/04/2025,1,29/11/2024,Booking.com,171.62,171.62,25.74
HI-11243,Confirmed,Garden Queen,104,12/12/2025,14/12/2025,2,25/11/2025,airbnb,133.97,267.94,8.04
HI-11012,Confirmed,Garden Queen,105,15/09/2025,17/09/2025,2,27/08/2025,Direct,111.63,223.26,0.0
HI-11372,Confirmed,Garden Queen,105,14/02/2026,16/02/2026,2,01/02/2026,Expedia,129.4,258.8,46.58
HI-11237,Confirmed,Harbour View King,102,10/12/2025,14/12/2025,4,03/12/2025,airbnb,123.97,495.88,14.88
HI-10391,Confirmed,Loft Suite,202,20/03/2025,24/03/2025,4,08/12/2024,Airbnb,157.68,630.72,18.92
HI-11577,Confirmed,Garden Queen,106,15/05/2026,17/05/2026,2,22/04/2026,Booking.com,179.52,359.04,53.86
HI-10209,Confirmed,Garden Queen,105,24/12/2024,28/12/2024,4,12/12/2024,Booking.com,102.59,410.36,61.55
HI-10160,Confirmed,Harbour View King,102,01/12/2024,02/12/2024,1,20/11/2024,Airbnb,114.93,114.93,3.45
HI-10037,Confirmed,Harbour View King,101,12/10/2024,15/10/2024,3,22/09/2024,Booking.com,237.11,711.33,106.7
HI-11064,Confirmed,Harbour View King,103,01/10/2025,03/10/2025,2,15/09/2025,Booking.com,156.5,313.0,46.95
HI-11441,Confirmed,Garden Queen,104,22/03/2026,25/03/2026,3,14/03/2026,Airbnb,86.82,260.46,7.81
HI-10702,Confirmed,Garden Queen,105,22/06/2025,25/06/2025,3,12/06/2025,Airbnb,197.05,591.15,17.73
HI-10635,Confirmed,Loft Suite,201,06/06/2025,10/06/2025,4,09/04/2025,Expedia,386.63,1546.52,278.37
HI-10164,Confirmed,Loft Suite,201,03/12/2024,04/12/2024,1,03/12/2024,Booking.com,97.04,97.04,14.56
HI-11527,Confirmed,Loft Suite,201,28/04/2026,01/05/2026,3,10/03/2026,BOOKING.COM,168.98,506.94,76.04
HI-11437,Cancelled,Loft Suite,202,17/03/2026,21/03/2026,4,14/03/2026,booking.com,88.59,354.36,53.15
HI-10820,Confirmed,Loft Suite,201,24/07/2025,28/07/2025,4,09/07/2025,Direct,275.52,1102.08,0.0
HI-11947,Confirmed,Garden Queen,104,25/08/2026,26/08/2026,1,20/08/2026,Direct,160.8,160.8,0.0
HI-11487,Confirmed,Garden Queen,105,14/04/2026,15/04/2026,1,10/02/2026,Direct,117.69,117.69,0.0
HI-11516,Confirmed,Garden Queen,104,24/04/2026,26/04/2026,2,12/04/2026,Booking.com,214.35,428.7,64.3
HI-10203,Confirmed,Garden Queen,106,20/12/2024,21/12/2024,1,10/12/2024,Direct,138.08,138.08,0.0
HI-10279,Confirmed,Garden Queen,106,27/01/2025,30/01/2025,3,24/01/2025,Booking.com,71.68,215.04,32.26
HI-10341,Confirmed,Garden Queen,104,20/02/2025,22/02/2025,2,15/02/2025,direct,104.64,209.28,0.0
HI-10397,Confirmed,Garden Queen,104,24/03/2025,26/03/2025,2,14/03/2025,booking.com,85.77,171.54,25.73
HI-10218,Confirmed,Loft Suite,202,27/12/2024,29/12/2024,2,21/09/2024,Direct,225.45,450.9,0.0
HI-11483,Confirmed,Loft Suite,202,12/04/2026,15/04/2026,3,01/04/2026,direct,174.69,524.07,0.0
HI-10999,Confirmed,Garden Queen,104,12/09/2025,16/09/2025,4,02/09/2025,Booking.com,167.1,668.4,100.26
HI-11801,Confirmed,Harbour View King,101,17/07/2026,18/07/2026,1,05/07/2026,direct,318.92,318.92,0.0
HI-10419,Confirmed,Garden Queen,104,04/04/2025,07/04/2025,3,20/12/2024,Expedia,197.47,592.41,106.63
HI-11926,Confirmed,Loft Suite,201,18/08/2026,22/08/2026,4,26/07/2026,Booking.com,215.84,863.36,129.5
HI-10941,Confirmed,Harbour View King,103,25/08/2025,30/08/2025,5,07/07/2025,Airbnb,187.5,937.5,28.12
HI-11597,Confirmed,Harbour View King,101,22/05/2026,24/05/2026,2,18/05/2026,DIRECT,239.75,479.5,0.0
HI-11827,Confirmed,Harbour View King,101,24/07/2026,27/07/2026,3,22/07/2026,Booking.com,315.26,945.78,141.87
HI-11319,Confirmed,Harbour View King,102,14/01/2026,16/01/2026,2,04/10/2025,Direct,108.5,217.0,0.0
HI-12029,Confirmed,Garden Queen,106,22/09/2026,25/09/2026,3,17/09/2026,Airbnb,113.11,339.33,10.18
HI-11129,Confirmed,Garden Queen,104,23/10/2025,26/10/2025,3,11/10/2025,booking.com,141.82,425.46,63.82
HI-12100,Confirmed,Loft Suite,202,17/10/2026,19/10/2026,2,08/07/2026,Booking.com,304.85,609.7,91.46
HI-10166,Confirmed,Harbour View King,103,05/12/2024,07/12/2024,2,30/11/2024,Booking.com,128.21,256.42,38.46
HI-12116,Confirmed,Harbour View King,103,30/10/2026,01/11/2026,2,01/09/2026,DIRECT,264.92,529.84,0.0
HI-10199,Confirmed,Harbour View King,103,18/12/2024,19/12/2024,1,15/12/2024,booking.com,94.59,94.59,14.19
HI-10813,Confirmed,Garden Queen,106,22/07/2025,24/07/2025,2,14/06/2025,direct,173.77,347.54,0.0
HI-11831,Confirmed,Loft Suite,202,24/07/2026,25/07/2026,1,08/07/2026,Airbnb,325.25,325.25,9.76
HI-10797,Confirmed,Loft Suite,202,18/07/2025,20/07/2025,2,21/06/2025,Direct,377.05,754.1,0.0
HI-11163,Confirmed,Garden Queen,106,05/11/2025,08/11/2025,3,03/11/2025,Booking.com,71.77,215.31,32.3
HI-11139,Confirmed,Garden Queen,106,26/10/2025,29/10/2025,3,31/10/2025,Airbnb,121.68,365.04,10.95
HI-10396,Confirmed,Harbour View King,102,24/03/2025,26/03/2025,2,12/03/2025,Booking.com,96.14,192.28,28.84
HI-11104,Confirmed,Harbour View King,102,14/10/2025,16/10/2025,2,08/10/2025,Direct,144.0,288.0,0.0
HI-11468,Confirmed,Loft Suite,201,09/04/2026,14/04/2026,5,03/03/2026,booking.com,210.59,1052.95,157.94
HI-11905,Confirmed,Harbour View King,103,14/08/2026,16/08/2026,2,10/07/2026,DIRECT,350.99,701.98,0.0
HI-11858,Confirmed,Harbour View King,102,01/08/2026,03/08/2026,2,26/05/2026,Airbnb,291.21,582.42,17.47
HI-12049,Confirmed,Garden Queen,104,28/09/2026,30/09/2026,2,27/09/2026,Booking.com,120.43,240.86,36.13
HI-12085,Confirmed,Harbour View King,102,10/10/2026,11/10/2026,1,14/09/2026,booking.com,195.34,195.34,29.3
HI-11094,Cancelled,Loft Suite,202,11/10/2025,12/10/2025,1,07/10/2025,Booking.com,269.07,269.07,40.36
HI-12131,Cancelled,Garden Queen,104,14/12/2026,18/12/2026,4,29/07/2026,Booking.com,76.77,307.08,46.06
HI-11917,Confirmed,Garden Queen,105,16/08/2026,18/08/2026,2,26/05/2026,Direct,154.26,308.52,0.0
HI-10690,Confirmed,Garden Queen,106,19/06/2025,22/06/2025,3,04/05/2025,Airbnb,217.13,651.39,19.54
HI-10952,Confirmed,Garden Queen,104,28/08/2025,29/08/2025,1,02/05/2025,Direct,196.66,196.66,0.0
HI-10889,Confirmed,Harbour View King,103,12/08/2025,13/08/2025,1,07/05/2025,Booking.com,208.89,208.89,31.33
HI-11599,Confirmed,Garden Queen,105,22/05/2026,26/05/2026,4,14/05/2026,booking.com,207.77,831.08,124.66
HI-11201,Confirmed,Harbour View King,103,21/11/2025,24/11/2025,3,10/11/2025,Direct,168.29,504.87,0.0
HI-10112,Confirmed,Loft Suite,201,08/11/2024,11/11/2024,3,23/10/2024,direct,211.34,634.02,0.0
HI-10832,Confirmed,Loft Suite,202,28/07/2025,30/07/2025,2,08/07/2025,Airbnb,219.77,439.54,13.19
HI-11081,Confirmed,Garden Queen,105,06/10/2025,07/10/2025,1,02/08/2025,Airbnb,120.22,120.22,3.61
HI-11090,Confirmed,Loft Suite,201,10/10/2025,11/10/2025,1,28/07/2025,Booking.com,232.21,232.21,34.83
HI-11782,Confirmed,Harbour View King,102,12/07/2026,13/07/2026,1,10/06/2026,Booking.com,215.27,215.27,32.29
HI-10762,Confirmed,Harbour View King,,10/07/2025,13/07/2025,3,03/07/2025,Direct,266.94,800.82,0.0
HI-10281,Confirmed,Loft Suite,202,28/01/2025,30/01/2025,2,19/08/2024,Airbnb,109.4,218.8,6.56
HI-12133,Confirmed,Harbour View King,102,17/12/2026,19/12/2026,2,10/08/2026,booking.com,112.84,225.68,33.85
HI-11971,Confirmed,Loft Suite,201,31/08/2026,02/09/2026,2,08/07/2026,Airbnb,254.62,509.24,15.28
HI-11644,Cancelled,Loft Suite,201,04/06/2026,06/06/2026,2,15/05/2026,booking.com,265.17,530.34,79.55
HI-11767,Confirmed,Loft Suite,201,08/07/2026,11/07/2026,3,23/06/2026,Direct,214.03,642.09,0.0
HI-10472,Confirmed,Harbour View King,102,20/04/2025,22/04/2025,2,08/04/2025,Booking.com,136.72,273.44,41.02
HI-10028,Confirmed,Harbour View King,103,08/10/2024,09/10/2024,1,02/10/2024,Airbnb,119.38,119.38,3.58
HI-11083,Confirmed,Garden Queen,104,07/10/2025,08/10/2025,1,22/09/2025,Expedia,116.44,116.44,20.96
HI-10822,Confirmed,Harbour View King,101,25/07/2025,28/07/2025,3,19/06/2025,booking.com,277.81,833.43,125.01
HI-10798,Confirmed,Harbour View King,101,19/07/2025,22/07/2025,3,03/04/2025,Airbnb,382.87,1148.61,34.46
HI-10196,Confirmed,Loft Suite,201,16/12/2024,19/12/2024,3,01/12/2024,Booking.com,129.85,389.55,58.43
HI-11942,Confirmed,Harbour View King,101,24/08/2026,25/08/2026,1,18/04/2026,Booking.com,177.6,177.6,26.64
HI-11915,Confirmed,Harbour View King,101,16/08/2026,19/08/2026,3,20/04/2026,Airbnb,193.42,580.26,17.41
HI-11328,Confirmed,Harbour View King,103,20/01/2026,21/01/2026,1,14/01/2026,booking.com,103.28,103.28,15.49
HI-10544,Confirmed,Garden Queen,104,14/05/2025,16/05/2025,2,09/05/2025,booking.com,194.56,194.56,29.18
HI-12003,Confirmed,Harbour View King,103,11/09/2026,14/09/2026,3,30/08/2026,Direct,242.79,728.37,0.0
HI-10939,Confirmed,Harbour View King,102,24/08/2025,25/08/2025,1,10/07/2025,Airbnb,228.23,228.23,6.85
HI-11860,Confirmed,Garden Queen,105,01/08/2026,03/08/2026,2,09/07/2026,Direct,210.58,421.16,0.0
HI-10451,Confirmed,Harbour View King,103,14/04/2025,15/04/2025,1,13/03/2025,Direct,124.13,124.13,0.0
HI-11099,Confirmed,Harbour View King,101,13/10/2025,15/10/2025,2,03/10/2025,Booking.com,115.39,230.78,34.62
HI-11777,Confirmed,Garden Queen,106,10/07/2026,11/07/2026,1,08/06/2026,Booking.com,302.13,302.13,45.32
HI-10760,Confirmed,Loft Suite,201,09/07/2025,10/07/2025,1,05/07/2025,Airbnb,222.48,222.48,6.67
HI-10437,Confirmed,Harbour View King,101,10/04/2025,13/04/2025,3,08/04/2025,DIRECT,152.6,457.8,0.0
HI-10616,Confirmed,Harbour View King,101,03/06/2025,05/06/2025,2,21/05/2025,Booking.com,148.83,297.66,44.65
HI-10785,Confirmed,Loft Suite,201,15/07/2025,17/07/2025,2,22/06/2025,Direct,223.15,446.3,0.0
HI-11180,Confirmed,Garden Queen,104,11/11/2025,16/11/2025,5,25/08/2025,Direct,93.79,468.95,0.0
HI-10404,Confirmed,Harbour View King,101,29/03/2025,01/04/2025,3,23/03/2025,Booking.com,153.79,461.37,69.21
HI-11327,Confirmed,Harbour View King,102,19/01/2026,21/01/2026,2,29/09/2025,Direct,122.17,244.34,0.0
HI-11086,Confirmed,Garden Queen,106,08/10/2025,09/10/2025,1,03/10/2025,Expedia,120.01,120.01,21.6
HI-10435,Confirmed,Garden Queen,104,09/04/2025,12/04/2025,3,01/04/2025,EXPEDIA,121.55,364.65,65.64
HI-10277,Confirmed,Harbour View King,103,27/01/2025,31/01/2025,4,23/01/2025,Booking.com,75.65,302.6,45.39
HI-11874,Confirmed,Harbour View King,101,06/08/2026,07/08/2026,1,01/08/2026,booking.com,264.34,264.34,39.65
HI-11755,Confirmed,Harbour View King,103,05/07/2026,06/07/2026,1,21/05/2026,Expedia,185.66,185.66,40.76
HI-11270,Confirmed,Garden Queen,105,22/12/2025,27/12/2025,5,13/09/2025,Direct,82.15,410.75,0.0
HI-11273,Confirmed,Loft Suite,202,24/12/2025,25/12/2025,1,19/12/2025,direct,126.12,126.12,0.0
HI-10994,Confirmed,Loft Suite,201,10/09/2025,12/09/2025,2,24/08/2025,Booking.com,151.24,302.48,45.37
HI-11176,Confirmed,Loft Suite,202,09/11/2025,10/11/2025,1,27/06/2025,Booking.com,108.9,108.9,16.34
HI-10629,Confirmed,Loft Suite,,05/06/2025,06/06/2025,1,08/05/2025,expedia,278.98,278.98,50.22
HI-10509,Confirmed,Garden Queen,104,02/05/2025,05/05/2025,3,22/04/2025,Booking.com,209.14,627.42,94.11
HI-11435,Confirmed,Harbour View King,102,16/03/2026,18/03/2026,2,16/02/2026,Booking.com,116.43,232.86,34.93
HI-11724,Confirmed,Garden Queen,105,26/06/2026,29/06/2026,3,01/06/2026,Direct,316.63,949.89,0.0
HI-11853,Confirmed,Loft Suite,201,30/07/2026,02/08/2026,3,20/07/2026,Booking.com,295.88,887.64,133.15
HI-11559,Confirmed,Harbour View King,103,10/05/2026,13/05/2026,3,28/04/2026,Booking.com,150.72,452.16,67.82
HI-10674,Confirmed,Garden Queen,104,15/06/2025,19/06/2025,4,09/05/2025,Direct,167.76,671.04,0.0
HI-11750,Confirmed,Harbour View King,103,03/07/2026,04/07/2026,1,12/06/2026,BOOKING.COM,284.93,284.93,42.74
HI-11224,Confirmed,Loft Suite,201,03/12/2025,05/12/2025,2,27/09/2025,Airbnb,124.55,249.1,7.47
HI-11036,Confirmed,Garden Queen,104,22/09/2025,23/09/2025,1,16/06/2025,Booking.com,122.58,122.58,18.39
HI-10510,Confirmed,Garden Queen,105,02/05/2025,03/05/2025,1,30/04/2025,Booking.com,161.2,161.2,24.18
HI-11944,Confirmed,Harbour View King,103,24/08/2026,26/08/2026,2,06/08/2026,DIRECT,232.05,464.1,0.0
HI-10836,Confirmed,Harbour View King,103,30/07/2025,01/08/2025,2,26/06/2025,Airbnb,194.26,388.52,11.66
HI-11885,Confirmed,Loft Suite,202,07/08/2026,10/08/2026,3,01/08/2026,expedia,324.92,974.75,213.97
HI-10860,Confirmed,Garden Queen,104,04/08/2025,06/08/2025,2,25/07/2025,Airbnb,143.06,286.12,8.58
HI-10006,Confirmed,Garden Queen,104,03/10/2024,06/10/2024,3,01/10/2024,Airbnb,138.8,416.4,12.49
HI-10766,Confirmed,Garden Queen,104,11/07/2025,12/07/2025,1,29/06/2025,Airbnb,278.56,278.56,8.36
HI-10678,Confirmed,Harbour View King,101,17/06/2025,20/06/2025,3,31/03/2025,direct,230.37,691.11,0.0
HI-11198,Confirmed,Garden Queen,106,20/11/2025,23/11/2025,3,18/06/2025,Booking.com,118.33,354.99,53.25
HI-11770,Confirmed,Harbour View King,103,09/07/2026,14/07/2026,5,16/05/2026,Airbnb,240.72,1203.6,36.11
HI-12067,Confirmed,Loft Suite,202,03/10/2026,05/10/2026,2,16/09/2026,Airbnb,294.75,589.5,17.68
HI-11001,Confirmed,Garden Queen,106,12/09/2025,15/09/2025,3,10/09/2025,expedia,217.92,653.76,117.68
HI-10617,Confirmed,Harbour View King,102,03/06/2025,04/06/2025,1,30/05/2025,Booking.com,187.36,187.36,28.1
HI-10282,Confirmed,Harbour View King,101,29/01/2025,01/02/2025,3,20/01/2025,Booking.com,95.05,285.15,42.77
HI-10379,Confirmed,Harbour View King,102,15/03/2025,20/03/2025,5,02/03/2025,booking.com,145.49,727.45,109.12
HI-11333,Confirmed,Loft Suite,201,23/01/2026,26/01/2026,3,13/11/2025,booking.com,210.31,630.93,94.64
HI-11235,Confirmed,Harbour View King,101,09/12/2025,11/12/2025,2,20/11/2025,Direct,100.12,200.24,0.0
HI-11978,Confirmed,Garden Queen,104,02/09/2026,04/09/2026,2,23/08/2026,Booking.com,128.04,256.08,38.41
HI-11475,Confirmed,Harbour View King,103,11/04/2026,14/04/2026,3,27/03/2026,expedia,174.46,523.37,114.88
HI-11498,Confirmed,Harbour View King,101,18/04/2026,21/04/2026,3,09/12/2025,Booking.com,207.56,622.68,93.4
HI-11257,Confirmed,Loft Suite,201,18/12/2025,21/12/2025,3,14/12/2025,Direct,112.89,338.67,0.0
HI-10807,Confirmed,Garden Queen,104,21/07/2025,24/07/2025,3,10/07/2025,Direct,156.63,469.89,0.0
HI-11463,Confirmed,Harbour View King,103,07/04/2026,09/04/2026,2,08/03/2026,booking.com,138.44,276.88,41.53
HI-11120,Confirmed,Harbour View King,102,19/10/2025,22/10/2025,3,03/10/2025,Direct,155.58,466.74,0.0
HI-10854,Confirmed,Harbour View King,101,03/08/2025,07/08/2025,4,12/07/2025,booking.com,212.26,849.04,127.36
HI-10373,Confirmed,Harbour View King,101,11/03/2025,13/03/2025,2,20/10/2024,Airbnb,98.13,196.26,5.89
HI-10095,Confirmed,Loft Suite,202,31/10/2024,02/11/2024,2,25/10/2024,Expedia,207.02,414.04,74.53
HI-10626,Confirmed,Harbour View King,101,05/06/2025,07/06/2025,2,11/05/2025,Direct,216.44,432.88,0.0
HI-10091,Confirmed,Harbour View King,102,29/10/2024,01/11/2024,3,24/10/2024,Airbnb,136.51,409.53,12.29
HI-11348,Confirmed,Loft Suite,201,31/01/2026,03/02/2026,3,30/01/2026,Airbnb,173.21,519.63,15.59
HI-10910,Confirmed,Garden Queen,105,17/08/2025,20/08/2025,3,15/08/2025,Airbnb,178.3,534.9,16.05
HI-10946,Confirmed,Garden Queen,105,26/08/2025,27/08/2025,1,30/07/2025,EXPEDIA,167.12,167.12,30.08
HI-11217,Confirmed,Garden Queen,106,28/11/2025,01/12/2025,3,23/11/2025,Booking.com,134.14,402.42,60.36
HI-11185,Confirmed,Harbour View King,103,14/11/2025,17/11/2025,3,09/11/2025,Airbnb,182.57,547.71,16.43
HI-11015,Confirmed,Harbour View King,101,16/09/2025,19/09/2025,3,14/09/2025,Direct,147.53,442.59,0.0
HI-12051,Confirmed,Harbour View King,103,29/09/2026,01/10/2026,2,18/09/2026,Booking.com,144.08,288.16,43.22
HI-11601,Confirmed,Harbour View King,102,23/05/2026,25/05/2026,2,16/05/2026,Direct,192.43,384.86,0.0
HI-11191,Confirmed,Garden Queen,106,16/11/2025,19/11/2025,3,28/10/2025,Airbnb,99.62,298.86,8.97
HI-10644,Confirmed,Garden Queen,105,09/06/2025,10/06/2025,1,21/05/2025,airbnb,150.31,150.31,4.51
HI-10891,Confirmed,Loft Suite,201,13/08/2025,15/08/2025,2,29/07/2025,direct,246.66,493.32,0.0
HI-10416,Confirmed,Loft Suite,201,02/04/2025,06/04/2025,4,08/10/2024,Expedia,161.91,647.64,116.58
HI-10477,Confirmed,Loft Suite,201,22/04/2025,25/04/2025,3,11/04/2025,Expedia,177.08,531.24,95.62
HI-11824,Confirmed,Harbour View King,103,23/07/2026,25/07/2026,2,19/05/2026,direct,230.42,460.84,0.0
HI-10030,Cancelled,Garden Queen,105,09/10/2024,10/10/2024,1,23/09/2024,Booking.com,103.23,103.23,15.48
HI-10428,Confirmed,Harbour View King,103,07/04/2025,09/04/2025,2,13/12/2024,Direct,140.79,281.58,0.0
HI-10060,Confirmed,Garden Queen,106,20/10/2024,23/10/2024,3,18/09/2024,booking.com,118.44,355.32,53.3
HI-11051,Confirmed,Loft Suite,202,26/09/2025,28/09/2025,2,03/09/2025,Booking.com,306.06,612.12,91.82
HI-10051,Confirmed,Loft Suite,202,17/10/2024,19/10/2024,2,09/10/2024,Booking.com,214.01,428.02,64.2
HI-10062,Confirmed,Garden Queen,104,21/10/2024,23/10/2024,2,03/10/2024,Airbnb,118.07,236.14,7.08
HI-12119,Confirmed,Garden Queen,105,06/11/2026,09/11/2026,3,11/06/2026,Booking.com,129.66,388.98,58.35
HI-11658,Confirmed,Loft Suite,201,08/06/2026,11/06/2026,3,29/05/2026,AIRBNB,209.63,628.89,18.87
HI-11585,Confirmed,Harbour View King,102,18/05/2026,21/05/2026,3,05/05/2026,Booking.com,110.99,332.97,49.95
HI-11321,Confirmed,Loft Suite,202,14/01/2026,15/01/2026,1,14/11/2025,Direct,121.08,121.08,0.0
HI-10075,Confirmed,Garden Queen,104,25/10/2024,27/10/2024,2,14/10/2024,Booking.com,187.95,375.9,56.38
HI-11826,Cancelled,Loft Suite,201,23/07/2026,25/07/2026,2,23/06/2026,Expedia,309.31,618.62,111.35
HI-11922,Confirmed,Garden Queen,106,17/08/2026,20/08/2026,3,13/06/2026,Booking.com,190.4,571.2,85.68
HI-11847,Confirmed,Garden Queen,106,29/07/2026,01/08/2026,3,26/06/2026,airbnb,184.81,554.43,16.63
HI-10682,Confirmed,Loft Suite,202,17/06/2025,18/06/2025,1,02/06/2025,Direct,199.98,199.98,0.0
HI-10983,Confirmed,Loft Suite,201,05/09/2025,10/09/2025,5,12/08/2025,Booking.com,254.79,1273.95,191.09
HI-11183,Confirmed,Garden Queen,106,13/11/2025,14/11/2025,1,08/11/2025,Booking.com,110.12,110.12,16.52
HI-10571,Confirmed,Loft Suite,201,22/05/2025,26/05/2025,4,08/05/2025,Expedia,242.72,970.88,174.76
HI-10082,Confirmed,Harbour View King,101,27/10/2024,29/10/2024,2,23/10/2024,Booking.com,115.4,230.8,34.62
HI-11115,Confirmed,Loft Suite,201,17/10/2025,20/10/2025,3,15/10/2025,booking.com,272.82,818.46,122.77
HI-11880,Confirmed,Loft Suite,201,06/08/2026,11/08/2026,5,21/07/2026,Booking.com,315.62,1578.1,236.71
HI-10410,Cancelled,Garden Queen,105,30/03/2025,02/04/2025,3,19/01/2025,Direct,95.79,287.37,0.0
HI-10418,Confirmed,Loft Suite,202,03/04/2025,04/04/2025,1,30/11/2024,Airbnb,238.43,238.43,7.15
HI-10157,Confirmed,Loft Suite,201,29/11/2024,01/12/2024,2,27/11/2024,Airbnb,157.59,315.18,9.46
HI-10846,Confirmed,Harbour View King,101,01/08/2025,03/08/2025,2,15/07/2025,Expedia,367.84,735.68,132.42
HI-10866,Confirmed,Loft Suite,202,05/08/2025,06/08/2025,1,31/07/2025,booking.com,243.44,243.44,36.52
HI-11625,Confirmed,Harbour View King,103,30/05/2026,02/06/2026,3,13/02/2026,Direct,226.69,680.07,0.0
HI-11631,Confirmed,Harbour View King,102,01/06/2026,03/06/2026,2,13/05/2026,Booking.com,169.8,339.6,50.94
HI-12118,Confirmed,Harbour View King,103,03/11/2026,06/11/2026,3,12/09/2026,Booking.com,89.14,267.42,40.11
HI-10234,Confirmed,Garden Queen,104,04/01/2025,05/01/2025,1,26/12/2024,airbnb,132.76,132.76,3.98
HI-11038,Confirmed,Harbour View King,101,23/09/2025,27/09/2025,4,07/04/2025,Direct,141.27,565.08,0.0
HI-11352,Confirmed,Garden Queen,105,04/02/2026,09/02/2026,5,03/02/2026,Direct,81.24,406.2,0.0
HI-10296,Confirmed,Harbour View King,102,03/02/2025,06/02/2025,3,13/01/2025,Direct,95.8,287.4,0.0
HI-11088,Confirmed,Garden Queen,106,09/10/2025,12/10/2025,3,03/10/2025,Direct,158.18,474.54,0.0
HI-11965,Confirmed,Harbour View King,101,30/08/2026,04/09/2026,5,01/07/2026,Direct,222.26,1111.3,0.0
HI-10782,Confirmed,Loft Suite,202,14/07/2025,16/07/2025,2,14/06/2025,Airbnb,236.13,472.26,14.17
HI-10360,Confirmed,Harbour View King,102,03/03/2025,07/03/2025,4,20/02/2025,Airbnb,116.6,466.4,13.99
HI-11452,Confirmed,Harbour View King,102,02/04/2026,05/04/2026,3,01/03/2026,Direct,221.6,664.8,0.0
HI-12063,Confirmed,Loft Suite,201,02/10/2026,04/10/2026,2,27/09/2026,Booking.com,335.17,670.34,100.55
HI-10313,Confirmed,Loft Suite,202,09/02/2025,12/02/2025,3,02/02/2025,Expedia,133.57,400.71,72.13
HI-10415,Confirmed,Garden Queen,105,02/04/2025,03/04/2025,1,01/04/2025,Direct,118.65,118.65,0.0
HI-10881,Confirmed,Harbour View King,102,10/08/2025,12/08/2025,2,23/06/2025,DIRECT,214.54,429.08,0.0
HI-10063,Confirmed,Harbour View King,101,22/10/2024,24/10/2024,2,17/10/2024,Expedia,132.61,265.22,47.74
HI-10535,Confirmed,Loft Suite,202,11/05/2025,13/05/2025,2,24/04/2025,Booking.com,183.51,367.02,55.05
HI-11564,Confirmed,Harbour View King,101,13/05/2026,15/05/2026,2,30/11/2025,direct,147.39,294.78,0.0
HI-11844,Confirmed,Harbour View King,101,29/07/2026,31/07/2026,2,12/07/2026,Booking.com,195.58,391.16,58.67
HI-11247,Confirmed,Loft Suite,201,14/12/2025,17/12/2025,3,26/08/2025,Airbnb,128.34,385.02,11.55
HI-10252,Confirmed,Garden Queen,104,14/01/2025,16/01/2025,2,04/01/2025,Direct,92.78,185.56,0.0
HI-11192,Confirmed,Loft Suite,202,16/11/2025,17/11/2025,1,12/11/2025,Expedia,119.52,119.52,21.51
HI-10116,Confirmed,Loft Suite,202,12/11/2024,15/11/2024,3,07/09/2024,Airbnb,120.09,360.27,10.81
HI-11803,Confirmed,Garden Queen,106,17/07/2026,18/07/2026,1,28/01/2026,Booking.com,272.24,272.24,40.84
HI-11628,Confirmed,Loft Suite,202,30/05/2026,02/06/2026,3,13/02/2026,expedia,248.8,746.41,163.85
HI-11643,Cancelled,Harbour View King,103,04/06/2026,05/06/2026,1,20/04/2026,Expedia,227.86,227.86,41.01
HI-11042,Confirmed,Garden Queen,105,24/09/2025,27/09/2025,3,24/05/2025,Expedia,118.06,354.18,63.75
HI-11654,Confirmed,Loft Suite,202,07/06/2026,09/06/2026,2,26/03/2026,booking.com,247.49,494.98,74.25
HI-10115,Confirmed,Garden Queen,104,12/11/2024,14/11/2024,2,08/11/2024,Booking.com,66.0,132.0,19.8
HI-10001,Confirmed,Garden Queen,105,01/10/2024,06/10/2024,5,22/09/2024,Airbnb,121.08,605.4,18.16
HI-10187,Confirmed,Harbour View King,101,14/12/2024,16/12/2024,2,02/12/2024,Airbnb,152.34,304.68,9.14
HI-11277,Confirmed,Garden Queen,104,26/12/2025,27/12/2025,1,16/12/2025,booking.com,119.26,119.26,17.89
HI-10723,Confirmed,Garden Queen,104,30/06/2025,05/07/2025,5,08/04/2025,Direct,148.24,741.2,0.0
HI-11500,Confirmed,Loft Suite,201,18/04/2026,21/04/2026,3,19/02/2026,BOOKING.COM,274.3,822.9,123.43
HI-10519,Confirmed,Garden Queen,104,05/05/2025,06/05/2025,1,15/04/2025,Booking.com,121.77,121.77,18.27
HI-11950,Confirmed,Garden Queen,105,26/08/2026,28/08/2026,2,14/08/2026,Airbnb,157.13,314.26,9.43
HI-10992,Confirmed,Garden Queen,104,10/09/2025,11/09/2025,1,21/08/2025,booking.com,115.34,115.34,17.3
HI-10691,Confirmed,Loft Suite,201,19/06/2025,24/06/2025,5,31/05/2025,Airbnb,233.96,1169.8,35.09
HI-11962,Confirmed,Garden Queen,104,29/08/2026,01/09/2026,3,23/07/2026,Booking.com,251.64,754.92,113.24
HI-11554,Confirmed,Harbour View King,101,09/05/2026,13/05/2026,4,01/05/2026,AIRBNB,220.2,880.8,26.42
HI-12009,Confirmed,Harbour View King,103,14/09/2026,17/09/2026,3,05/08/2026,Booking.com,155.32,465.96,69.89
HI-11800,Confirmed,Loft Suite,202,16/07/2026,19/07/2026,3,13/07/2026,Airbnb,320.42,961.26,28.84
HI-11635,Confirmed,Garden Queen,104,02/06/2026,06/06/2026,4,25/05/2026,BOOKING.COM,183.96,735.84,110.38
HI-11186,Confirmed,Garden Queen,105,14/11/2025,16/11/2025,2,11/11/2025,Direct,100.3,200.6,0.0
HI-11632,Confirmed,Garden Queen,105,01/06/2026,04/06/2026,3,19/01/2026,Direct,178.93,536.79,0.0
HI-11999,Confirmed,Harbour View King,102,10/09/2026,13/09/2026,3,07/09/2026,BOOKING.COM,205.92,617.76,92.66
HI-11142,Confirmed,Loft Suite,202,27/10/2025,30/10/2025,3,05/10/2025,Airbnb,167.45,502.35,15.07
HI-11641,Confirmed,Loft Suite,201,03/06/2026,06/06/2026,3,08/05/2026,booking.com,236.4,709.2,106.38
HI-11551,Confirmed,Harbour View King,102,08/05/2026,10/05/2026,2,28/04/2026,Direct,230.38,460.76,0.0
HI-11438,Confirmed,Harbour View King,102,18/03/2026,23/03/2026,5,14/03/2026,BOOKING.COM,76.58,382.9,57.43
HI-10253,Confirmed,Loft Suite,201,14/01/2025,15/01/2025,1,01/01/2025,airbnb,120.12,120.12,3.6
HI-12057,Confirmed,Loft Suite,202,30/09/2026,02/10/2026,2,22/09/2026,Booking.com,174.24,348.48,52.27
HI-11714,Confirmed,Harbour View King,103,23/06/2026,24/06/2026,1,02/06/2026,Direct,165.43,165.43,0.0
HI-11675,Confirmed,Harbour View King,103,13/06/2026,16/06/2026,3,22/05/2026,DIRECT,314.16,942.48,0.0
HI-11026,Confirmed,Harbour View King,101,20/09/2025,23/09/2025,3,28/08/2025,Direct,198.71,596.13,0.0
HI-11207,Confirmed,Harbour View King,103,24/11/2025,27/11/2025,3,19/11/2025,Airbnb,87.48,262.44,7.87
HI-11659,Confirmed,Harbour View King,102,09/06/2026,11/06/2026,2,04/02/2026,Booking.com,168.91,337.82,50.67
HI-11398,Confirmed,Garden Queen,105,25/02/2026,27/02/2026,2,10/02/2026,direct,79.33,158.66,0.0
HI-11016,Confirmed,Garden Queen,104,16/09/2025,21/09/2025,5,31/08/2025,BOOKING.COM,124.83,624.15,93.62
HI-11693,Confirmed,Harbour View King,101,18/06/2026,21/06/2026,3,23/05/2026,Direct,248.39,745.17,0.0
HI-11037,Cancelled,Loft Suite,201,22/09/2025,24/09/2025,2,12/06/2025,booking.com,177.17,354.34,53.15
HI-10825,Confirmed,Loft Suite,202,25/07/2025,28/07/2025,3,09/07/2025,Airbnb,349.39,1048.17,31.45
HI-10314,Confirmed,Harbour View King,101,10/02/2025,11/02/2025,1,23/08/2024,Direct,100.94,100.94,0.0
HI-10627,Confirmed,Harbour View King,102,05/06/2025,06/06/2025,1,12/05/2025,Booking.com,286.18,286.18,42.93
HI-11945,Confirmed,Harbour View King,102,25/08/2026,29/08/2026,4,16/08/2026,Airbnb,189.31,757.24,22.72
HI-12054,Confirmed,Garden Queen,104,30/09/2026,01/10/2026,1,13/05/2026,Direct,117.77,117.77,0.0
HI-10595,Confirmed,Garden Queen,105,28/05/2025,31/05/2025,3,09/02/2025,BOOKING.COM,107.09,321.27,48.19
HI-10138,Confirmed,Loft Suite,201,22/11/2024,25/11/2024,3,12/11/2024,Direct,198.8,596.4,0.0
HI-10100,Confirmed,Harbour View King,102,02/11/2024,04/11/2024,2,04/09/2024,Airbnb,143.89,287.78,8.63
HI-10189,Confirmed,Garden Queen,105,14/12/2024,16/12/2024,2,03/12/2024,direct,129.51,259.02,0.0
HI-10403,Confirmed,Loft Suite,202,28/03/2025,01/04/2025,4,31/10/2024,Airbnb,191.05,764.2,22.93
HI-10250,Confirmed,Harbour View King,103,13/01/2025,17/01/2025,4,05/01/2025,Booking.com,97.39,389.56,58.43
HI-10107,Confirmed,Garden Queen,106,04/11/2024,08/11/2024,4,29/10/2024,Expedia,81.71,326.84,58.83
HI-11236,Confirmed,Harbour View King,103,09/12/2025,11/12/2025,2,09/09/2025,BOOKING.COM,90.73,181.46,27.22
HI-11813,Confirmed,Harbour View King,101,20/07/2026,22/07/2026,2,16/07/2026,airbnb,196.05,392.1,11.76
HI-11430,Confirmed,Harbour View King,102,13/03/2026,16/03/2026,3,03/03/2026,Direct,169.02,507.06,0.0
HI-10761,Confirmed,Harbour View King,102,10/07/2025,12/07/2025,2,30/06/2025,Expedia,253.22,506.44,91.16
HI-10068,Confirmed,Harbour View King,101,24/10/2024,26/10/2024,2,07/10/2024,Booking.com,146.97,293.94,44.09
HI-11719,Confirmed,Garden Queen,106,24/06/2026,26/06/2026,2,10/03/2026,booking.com,164.27,328.54,49.28
HI-10035,Confirmed,Harbour View King,103,11/10/2024,13/10/2024,2,06/09/2024,BOOKING.COM,216.16,432.32,64.85
HI-12010,Confirmed,Harbour View King,101,15/09/2026,17/09/2026,2,02/04/2026,Direct,143.83,287.66,0.0
HI-12000,Confirmed,Garden Queen,104,10/09/2026,11/09/2026,1,02/09/2026,Booking.com,131.91,131.91,19.79
HI-11423,Confirmed,Harbour View King,102,10/03/2026,12/03/2026,2,05/03/2026,Booking.com,101.47,202.94,30.44
HI-11875,Confirmed,Harbour View King,102,06/08/2026,07/08/2026,1,27/03/2026,Direct,275.22,275.22,0.0
HI-11246,Confirmed,Harbour View King,102,14/12/2025,17/12/2025,3,06/12/2025,expedia,93.13,279.39,50.29
HI-10871,Confirmed,Harbour View King,103,07/08/2025,09/08/2025,2,10/07/2025,Direct,238.03,476.06,0.0
HI-11876,Confirmed,Harbour View King,103,06/08/2026,07/08/2026,1,30/05/2026,direct,245.34,245.34,0.0
HI-11049,Confirmed,Garden Queen,104,26/09/2025,29/09/2025,3,19/05/2025,Direct,161.47,484.41,0.0
HI-10283,Confirmed,Garden Queen,104,29/01/2025,30/01/2025,1,03/11/2024,BOOKING.COM,92.18,92.18,13.83
HI-12098,Confirmed,Garden Queen,106,16/10/2026,17/10/2026,1,26/09/2026,Direct,199.81,199.81,0.0
HI-10568,Confirmed,Loft Suite,201,21/05/2025,22/05/2025,1,08/05/2025,Expedia,148.87,148.87,26.8
HI-11695,Confirmed,Harbour View King,103,18/06/2026,20/06/2026,2,27/04/2026,Expedia,163.4,326.8,71.74
HI-11489,Confirmed,Loft Suite,201,14/04/2026,17/04/2026,3,25/03/2026,Direct,162.66,487.98,0.0
HI-11819,Confirmed,Harbour View King,101,22/07/2026,24/07/2026,2,20/07/2026,Direct,198.55,397.1,0.0
HI-10409,Confirmed,Harbour View King,103,30/03/2025,31/03/2025,1,19/03/2025,booking.com,116.31,116.31,17.45
HI-11900,Confirmed,Harbour View King,102,12/08/2026,13/08/2026,1,13/04/2026,Booking.com,162.82,162.82,24.42
HI-10108,Confirmed,Loft Suite,202,04/11/2024,05/11/2024,1,27/10/2024,booking.com,111.47,111.47,16.72
HI-10137,Confirmed,Harbour View King,102,22/11/2024,24/11/2024,2,22/11/2024,Airbnb,129.84,259.68,7.79
HI-11703,Confirmed,Garden Queen,105,20/06/2026,22/06/2026,2,04/06/2026,Booking.com,256.38,512.76,76.91
HI-10146,Confirmed,Garden Queen,105,25/11/2024,26/11/2024,1,22/11/2024,Direct,65.24,65.24,0.0
HI-11318,Confirmed,Harbour View King,101,14/01/2026,17/01/2026,3,02/01/2026,Booking.com,105.65,316.95,47.54
HI-11454,Confirmed,Garden Queen,105,02/04/2026,06/04/2026,4,16/03/2026,AIRBNB,135.08,540.32,16.21
HI-11330,Confirmed,Harbour View King,102,22/01/2026,24/01/2026,2,12/08/2025,Direct,138.37,276.74,0.0
HI-10959,Confirmed,Garden Queen,105,30/08/2025,01/09/2025,2,12/07/2025,Booking.com,252.5,505.0,75.75
HI-10475,Confirmed,Harbour View King,103,22/04/2025,25/04/2025,3,26/02/2025,booking.com,99.38,298.14,44.72
HI-10323,Confirmed,Garden Queen,105,12/02/2025,15/02/2025,3,28/12/2024,Booking.com,74.71,224.13,33.62
HI-12066,Confirmed,Garden Queen,106,03/10/2026,05/10/2026,2,17/09/2026,booking.com,186.48,372.96,55.94
HI-10440,Confirmed,Loft Suite,202,10/04/2025,12/04/2025,2,10/03/2025,Booking.com,206.17,412.34,61.85
HI-10903,Confirmed,Harbour View King,103,16/08/2025,21/08/2025,5,09/08/2025,airbnb,302.93,1514.65,45.44
HI-11161,Confirmed,Loft Suite,201,04/11/2025,06/11/2025,2,30/10/2025,Direct,132.18,264.36,0.0
HI-11964,Confirmed,Loft Suite,201,29/08/2026,31/08/2026,2,21/08/2026,Booking.com,338.14,676.28,101.44
HI-11909,Confirmed,Loft Suite,201,14/08/2026,17/08/2026,3,11/08/2026,Booking.com,454.07,1362.21,204.33
HI-11783,Confirmed,Garden Queen,105,12/07/2026,14/07/2026,2,04/07/2026,Direct,144.75,289.5,0.0
HI-10783,Confirmed,Harbour View King,103,15/07/2025,17/07/2025,2,13/07/2025,Direct,187.99,375.98,0.0
HI-10558,Confirmed,Loft Suite,201,18/05/2025,21/05/2025,3,11/05/2025,BOOKING.COM,194.69,584.07,87.61
HI-11238,Confirmed,Garden Queen,104,10/12/2025,11/12/2025,1,12/09/2025,Booking.com,89.06,89.06,13.36
HI-11378,Confirmed,Garden Queen,104,17/02/2026,21/02/2026,4,14/10/2025,Booking.com,85.61,342.44,51.37
HI-10387,Confirmed,Garden Queen,106,19/03/2025,20/03/2025,1,16/03/2025,Airbnb,67.64,67.64,2.03
HI-10922,Confirmed,Harbour View King,101,21/08/2025,25/08/2025,4,13/05/2025,Airbnb,229.06,916.24,27.49
HI-12095,Confirmed,Loft Suite,201,15/10/2026,17/10/2026,2,04/09/2026,booking.com,179.05,358.1,53.72
HI-11087,Cancelled,Loft Suite,202,08/10/2025,09/10/2025,1,03/10/2025,Direct,146.44,146.44,0.0
HI-10198,Confirmed,Garden Queen,105,17/12/2024,20/12/2024,3,28/06/2024,Direct,67.49,202.47,0.0
HI-10275,Confirmed,Harbour View King,102,26/01/2025,28/01/2025,2,29/11/2024,Booking.com,115.29,230.58,34.59
HI-11356,Confirmed,Loft Suite,201,06/02/2026,09/02/2026,3,21/01/2026,Booking.com,247.76,743.28,111.49
HI-10333,Confirmed,Harbour View King,101,18/02/2025,20/02/2025,2,14/02/2025,Booking.com,78.29,156.58,23.49
HI-10593,Confirmed,Harbour View King,102,28/05/2025,31/05/2025,3,17/05/2025,Expedia,126.21,378.63,68.15
HI-10486,Confirmed,Garden Queen,106,25/04/2025,28/04/2025,3,06/02/2025,expedia,179.36,538.08,96.85
HI-10856,Confirmed,Garden Queen,104,03/08/2025,04/08/2025,1,22/06/2025,Booking.com,185.7,185.7,27.85
HI-11417,Confirmed,Garden Queen,104,06/03/2026,07/03/2026,1,05/03/2026,airbnb,102.44,102.44,3.07
HI-10215,Confirmed,Harbour View King,102,27/12/2024,29/12/2024,2,17/12/2024,Booking.com,169.14,338.28,50.74
HI-10880,Confirmed,Garden Queen,106,09/08/2025,13/08/2025,4,18/07/2025,Expedia,258.58,1034.32,186.18
HI-12124,Confirmed,Garden Queen,104,25/11/2026,26/11/2026,1,30/05/2026,Booking.com,94.21,94.21,14.13
HI-12056,Confirmed,Loft Suite,201,30/09/2026,02/10/2026,2,04/08/2026,Expedia,167.55,335.1,73.56
HI-10648,Confirmed,Harbour View King,103,10/06/2025,13/06/2025,3,18/05/2025,Airbnb,200.68,602.04,18.06
HI-12132,Confirmed,Loft Suite,201,14/12/2026,17/12/2026,3,28/06/2026,airbnb,105.6,316.8,9.5
HI-11070,Confirmed,Loft Suite,202,02/10/2025,04/10/2025,2,23/09/2025,Booking.com,200.79,401.58,60.24
HI-11879,Confirmed,Garden Queen,106,06/08/2026,09/08/2026,3,12/07/2026,booking.com,229.57,688.71,103.31
HI-10630,Confirmed,Loft Suite,202,05/06/2025,08/06/2025,3,24/05/2025,Expedia,306.62,919.86,165.57
HI-11337,Confirmed,Garden Queen,104,25/01/2026,27/01/2026,2,16/01/2026,Booking.com,93.13,186.26,27.94
HI-11961,Confirmed,Harbour View King,103,29/08/2026,30/08/2026,1,24/07/2026,Booking.com,256.89,256.89,38.53
HI-11892,Confirmed,Harbour View King,103,09/08/2026,10/08/2026,1,23/06/2026,Booking.com,216.07,216.07,32.41
HI-11304,Confirmed,Garden Queen,106,04/01/2026,06/01/2026,2,03/01/2026,Expedia,72.0,144.0,25.92
HI-11377,Confirmed,Garden Queen,106,16/02/2026,17/02/2026,1,15/02/2026,Airbnb,66.28,66.28,1.99
HI-11219,Confirmed,Garden Queen,105,29/11/2025,01/12/2025,2,25/11/2025,Expedia,99.59,199.18,35.85
HI-10640,Confirmed,Garden Queen,106,07/06/2025,09/06/2025,2,18/05/2025,DIRECT,254.98,509.96,0.0
HI-10233,Confirmed,Harbour View King,103,04/01/2025,07/01/2025,3,19/12/2024,Direct,145.47,436.41,0.0
HI-12026,Confirmed,Loft Suite,202,21/09/2026,24/09/2026,3,18/09/2026,Expedia,135.96,407.87,89.53
HI-11920,Confirmed,Harbour View King,102,17/08/2026,19/08/2026,2,10/08/2026,Expedia,142.4,284.8,62.52
HI-10929,Confirmed,Harbour View King,102,22/08/2025,24/08/2025,2,19/04/2025,Booking.com,272.68,545.36,81.8
HI-10998,Confirmed,Harbour View King,103,12/09/2025,14/09/2025,2,07/09/2025,Expedia,203.84,407.68,73.38
HI-10258,Confirmed,Loft Suite,202,16/01/2025,19/01/2025,3,07/01/2025,Expedia,181.35,544.05,97.93
HI-11989,Confirmed,Garden Queen,106,05/09/2026,07/09/2026,2,28/08/2026,booking.com,172.52,345.04,51.76
HI-12060,Confirmed,Garden Queen,105,01/10/2026,03/10/2026,2,24/09/2026,Airbnb,150.13,300.26,9.01
HI-11032,Confirmed,Harbour View King,102,21/09/2025,22/09/2025,1,19/05/2025,Expedia,166.04,166.04,29.89
HI-10227,Confirmed,Loft Suite,202,31/12/2024,02/01/2025,2,03/12/2024,Airbnb,108.36,216.72,6.5
HI-11231,Confirmed,Loft Suite,202,06/12/2025,07/12/2025,1,20/07/2025,Booking.com,184.55,184.55,27.68
HI-10203,Confirmed,Garden Queen,106,20/12/2024,21/12/2024,1,10/12/2024,Direct,138.08,138.08,0.0
HI-10709,Confirmed,Harbour View King,103,25/06/2025,27/06/2025,2,20/06/2025,Airbnb,193.72,387.44,11.62
HI-10532,Confirmed,Garden Queen,106,10/05/2025,13/05/2025,3,16/04/2025,expedia,178.54,535.62,96.41
HI-10383,Confirmed,Garden Queen,105,18/03/2025,19/03/2025,1,07/01/2025,Booking.com,71.66,71.66,10.75
HI-10331,Confirmed,Loft Suite,201,15/02/2025,17/02/2025,2,11/02/2025,booking.com,159.34,318.68,47.8
HI-10714,Confirmed,Harbour View King,103,27/06/2025,29/06/2025,2,09/06/2025,Direct,340.1,680.2,0.0
HI-11253,Confirmed,Harbour View King,102,17/12/2025,22/12/2025,5,09/09/2025,Booking.com,77.5,387.5,58.12
HI-12094,Confirmed,Garden Queen,105,15/10/2026,16/10/2026,1,31/05/2026,Direct,129.55,129.55,0.0
HI-12093,Confirmed,Harbour View King,102,15/10/2026,18/10/2026,3,06/05/2026,EXPEDIA,146.57,439.7,96.52
HI-11043,Confirmed,Garden Queen,106,24/09/2025,26/09/2025,2,29/08/2025,Airbnb,124.39,248.78,7.46
HI-11286,Confirmed,Loft Suite,201,28/12/2025,30/12/2025,2,14/12/2025,Airbnb,140.02,280.04,8.4
HI-11970,Confirmed,Garden Queen,105,31/08/2026,03/09/2026,3,26/06/2026,Airbnb,146.01,438.03,13.14
HI-10552,Confirmed,Garden Queen,106,16/05/2025,19/05/2025,3,27/04/2025,Direct,191.02,573.06,0.0
HI-11092,Confirmed,Harbour View King,103,11/10/2025,14/10/2025,3,28/09/2025,Direct,234.19,702.57,0.0
HI-11379,Confirmed,Garden Queen,105,17/02/2026,20/02/2026,3,14/12/2025,BOOKING.COM,89.06,267.18,40.08
HI-12062,Confirmed,Harbour View King,103,02/10/2026,05/10/2026,3,22/09/2026,Booking.com,253.92,761.76,114.26
HI-11997,Confirmed,Loft Suite,202,09/09/2026,12/09/2026,3,05/04/2026,Airbnb,196.25,588.75,17.66
HI-12091,Confirmed,Garden Queen,104,13/10/2026,15/10/2026,2,17/09/2026,booking.com,80.87,161.74,24.26
HI-10083,Confirmed,Harbour View King,103,27/10/2024,29/10/2024,2,23/10/2024,Direct,145.96,291.92,0.0
HI-10243,Confirmed,Harbour View King,101,10/01/2025,12/01/2025,2,10/01/2025,Booking.com,151.68,303.36,45.5
HI-10133,Confirmed,Garden Queen,,20/11/2024,21/11/2024,1,12/11/2024,Airbnb,85.3,85.3,2.56
HI-11419,Confirmed,Harbour View King,101,07/03/2026,08/03/2026,1,03/03/2026,Airbnb,102.68,102.68,3.08
HI-10485,Confirmed,Harbour View King,103,25/04/2025,28/04/2025,3,17/04/2025,Direct,226.25,678.75,0.0
HI-10245,Confirmed,Garden Queen,105,11/01/2025,13/01/2025,2,03/01/2025,Direct,120.87,241.74,0.0
HI-10367,Confirmed,Loft Suite,202,07/03/2025,10/03/2025,3,28/02/2025,Booking.com,208.24,624.72,93.71
HI-11048,Confirmed,Harbour View King,103,26/09/2025,28/09/2025,2,19/09/2025,Direct,259.12,518.24,0.0
HI-11771,Confirmed,Garden Queen,104,09/07/2026,11/07/2026,2,05/02/2026,Booking.com,181.93,363.86,54.58
HI-11160,Confirmed,Garden Queen,106,02/11/2025,05/11/2025,3,14/10/2025,Booking.com,97.29,291.87,43.78
HI-10196,Confirmed,Loft Suite,201,16/12/2024,19/12/2024,3,01/12/2024,Booking.com,129.85,389.55,58.43
HI-11608,Confirmed,Harbour View King,101,25/05/2026,27/05/2026,2,21/05/2026,Booking.com,138.13,276.26,41.44
HI-10522,Confirmed,Harbour View King,101,08/05/2025,11/05/2025,3,02/05/2025,Booking.com,450.51,450.51,67.58
HI-11007,Confirmed,Loft Suite,202,13/09/2025,15/09/2025,2,31/08/2025,Booking.com,251.79,503.58,75.54
HI-11315,Confirmed,Garden Queen,106,10/01/2026,11/01/2026,1,30/12/2025,Airbnb,155.61,155.61,4.67
HI-10582,Confirmed,Garden Queen,104,25/05/2025,28/05/2025,3,19/05/2025,AIRBNB,136.13,408.39,12.25
HI-12025,Confirmed,Garden Queen,106,20/09/2026,21/09/2026,1,28/08/2026,Direct,122.79,122.79,0.0
HI-10945,Confirmed,Harbour View King,101,26/08/2025,29/08/2025,3,14/08/2025,Expedia,192.8,578.4,104.11
HI-11481,Confirmed,Garden Queen,104,12/04/2026,14/04/2026,2,01/03/2026,Booking.com,127.3,254.6,38.19
HI-11230,Confirmed,Harbour View King,103,06/12/2025,07/12/2025,1,23/11/2025,Direct,154.36,154.36,0.0
HI-11465,Confirmed,Harbour View King,102,09/04/2026,12/04/2026,3,19/03/2026,Direct,171.29,513.87,0.0
HI-11442,Confirmed,Loft Suite,201,23/03/2026,28/03/2026,5,18/03/2026,Booking.com,135.34,676.7,101.51
HI-11432,Confirmed,Harbour View King,103,14/03/2026,16/03/2026,2,14/03/2026,Booking.com,126.03,252.06,37.81
HI-11275,Confirmed,Loft Suite,202,25/12/2025,27/12/2025,2,24/12/2025,Direct,131.44,262.88,0.0
HI-10770,Confirmed,Harbour View King,101,12/07/2025,14/07/2025,2,18/06/2025,Expedia,300.32,600.64,108.12
HI-11763,Confirmed,Garden Queen,105,07/07/2026,11/07/2026,4,30/06/2026,Airbnb,156.06,624.24,18.73
HI-10143,Confirmed,Loft Suite,202,23/11/2024,26/11/2024,3,04/07/2024,expedia,187.8,563.4,101.41
HI-10551,Confirmed,Garden Queen,105,16/05/2025,21/05/2025,5,28/04/2025,Booking.com,168.71,843.55,126.53
HI-11062,Confirmed,Garden Queen,105,30/09/2025,05/10/2025,5,05/04/2025,Booking.com,125.1,625.5,93.82
HI-10338,Confirmed,Harbour View King,101,20/02/2025,23/02/2025,3,19/02/2025,Airbnb,104.97,314.91,9.45
HI-10483,Confirmed,Garden Queen,105,24/04/2025,27/04/2025,3,14/04/2025,booking.com,151.9,455.7,68.35
HI-10409,Confirmed,Harbour View King,103,30/03/2025,31/03/2025,1,19/03/2025,Booking.com,116.31,116.31,17.45
HI-10708,Confirmed,Garden Queen,104,24/06/2025,25/06/2025,1,27/05/2025,Expedia,180.82,180.82,32.55
HI-11627,Confirmed,Garden Queen,106,30/05/2026,01/06/2026,2,26/05/2026,EXPEDIA,141.78,283.56,62.24
HI-10740,Confirmed,Harbour View King,101,05/07/2025,08/07/2025,3,11/02/2025,booking.com,312.97,938.91,140.84
HI-11584,Confirmed,Harbour View King,101,18/05/2026,22/05/2026,4,08/05/2026,Booking.com,143.31,573.24,85.99
HI-10938,Confirmed,Loft Suite,201,23/08/2025,25/08/2025,2,28/07/2025,Direct,312.4,624.8,0.0
HI-10875,Confirmed,Loft Suite,201,08/08/2025,11/08/2025,3,31/07/2025,Expedia,349.71,1049.13,188.84
HI-10877,Confirmed,Harbour View King,101,09/08/2025,14/08/2025,5,19/07/2025,Expedia,305.67,1528.35,275.1
HI-11311,Confirmed,Harbour View King,103,08/01/2026,10/01/2026,2,21/12/2025,direct,129.8,259.6,0.0
HI-11450,Confirmed,Garden Queen,106,01/04/2026,03/04/2026,2,20/12/2025,Direct,120.49,240.98,0.0
HI-11737,Confirmed,Loft Suite,201,29/06/2026,30/06/2026,1,09/04/2026,Direct,247.45,247.45,0.0
HI-11743,Cancelled,Harbour View King,103,01/07/2026,05/07/2026,4,20/06/2026,Direct,185.42,741.68,0.0
HI-10754,Confirmed,Harbour View King,101,08/07/2025,12/07/2025,4,13/06/2025,booking.com,194.98,779.92,116.99
HI-11578,Confirmed,Loft Suite,201,15/05/2026,17/05/2026,2,05/05/2026,Booking.com,258.71,517.42,77.61
HI-10077,Confirmed,Loft Suite,201,25/10/2024,27/10/2024,2,15/10/2024,Airbnb,309.8,619.6,18.59
HI-11583,Confirmed,Loft Suite,202,17/05/2026,18/05/2026,1,17/05/2026,Booking.com,198.04,198.04,29.71
HI-11211,Confirmed,Harbour View King,102,26/11/2025,29/11/2025,3,24/11/2025,Airbnb,93.29,279.87,8.4
HI-10240,Confirmed,Garden Queen,104,07/01/2025,09/01/2025,2,04/01/2025,Booking.com,65.48,130.96,19.64
HI-10442,Confirmed,Harbour View King,103,11/04/2025,14/04/2025,3,17/03/2025,Direct,208.8,626.4,0.0
HI-10178,Confirmed,Garden Queen,105,10/12/2024,13/12/2024,3,03/12/2024,Expedia,81.37,244.11,43.94
HI-10679,Confirmed,Harbour View King,103,17/06/2025,20/06/2025,3,24/04/2025,Airbnb,190.59,571.77,17.15
HI-10810,Confirmed,Harbour View King,102,22/07/2025,25/07/2025,3,17/05/2025,Direct,191.55,574.65,0.0
HI-10369,Confirmed,Garden Queen,106,08/03/2025,11/03/2025,3,04/03/2025,direct,104.35,313.05,0.0
HI-11815,Confirmed,Garden Queen,104,20/07/2026,22/07/2026,2,22/02/2026,booking.com,157.95,315.9,47.38
HI-10853,Confirmed,Loft Suite,202,02/08/2025,03/08/2025,1,29/07/2025,Direct,342.46,342.46,0.0
HI-11053,Confirmed,Harbour View King,102,27/09/2025,28/09/2025,1,23/09/2025,Booking.com,179.17,179.17,26.88
HI-10624,Confirmed,Garden Queen,104,04/06/2025,07/06/2025,3,20/04/2025,airbnb,193.62,580.86,17.43
HI-11446,Confirmed,Loft Suite,202,28/03/2026,30/03/2026,2,26/03/2026,Booking.com,175.41,350.82,52.62
HI-11418,Confirmed,Garden Queen,106,06/03/2026,09/03/2026,3,07/11/2025,Booking.com,149.0,447.0,67.05
HI-11664,Confirmed,Loft Suite,202,10/06/2026,11/06/2026,1,05/05/2026,booking.com,237.45,237.45,35.62
HI-12123,Confirmed,Harbour View King,101,18/11/2026,19/11/2026,1,16/08/2026,Booking.com,101.82,101.82,15.27
HI-10912,Confirmed,Loft Suite,201,17/08/2025,19/08/2025,2,24/07/2025,Booking.com,239.88,479.76,71.96
HI-10704,Confirmed,Harbour View King,102,23/06/2025,25/06/2025,2,04/06/2025,Booking.com,178.67,357.34,53.6
HI-10177,Confirmed,Garden Queen,104,10/12/2024,11/12/2024,1,01/10/2024,Booking.com,95.72,95.72,14.36
HI-10730,Confirmed,Loft Suite,202,01/07/2025,04/07/2025,3,13/03/2025,Direct,225.44,676.32,0.0
HI-10491,Confirmed,Loft Suite,202,26/04/2025,28/04/2025,2,07/02/2025,Booking.com,270.21,540.42,81.06
HI-10272,Confirmed,Garden Queen,106,24/01/2025,27/01/2025,3,12/01/2025,Booking.com,135.95,407.85,61.18
HI-11525,Confirmed,Harbour View King,103,28/04/2026,30/04/2026,2,09/11/2025,Booking.com,141.86,283.72,42.56
HI-11846,Confirmed,Garden Queen,105,29/07/2026,01/08/2026,3,12/07/2026,Direct,171.54,514.62,0.0
HI-10545,Confirmed,Loft Suite,201,14/05/2025,16/05/2025,2,06/05/2025,BOOKING.COM,164.67,329.34,49.4
HI-11197,Confirmed,Loft Suite,202,19/11/2025,20/11/2025,1,28/09/2025,Airbnb,130.5,130.5,3.92
HI-11530,Confirmed,Garden Queen,104,29/04/2026,02/05/2026,3,26/02/2026,Direct,112.95,338.85,0.0
HI-11268,Confirmed,Harbour View King,103,22/12/2025,24/12/2025,2,24/10/2025,Direct,107.54,215.08,0.0
HI-11061,Confirmed,Garden Queen,104,30/09/2025,02/10/2025,2,24/09/2025,Direct,93.13,186.26,0.0
HI-10207,Confirmed,Loft Suite,201,21/12/2024,22/12/2024,1,13/12/2024,Booking.com,205.21,205.21,30.78
HI-11910,Confirmed,Loft Suite,202,14/08/2026,16/08/2026,2,21/06/2026,booking.com,717.66,717.66,107.65
HI-10955,Confirmed,Harbour View King,102,29/08/2025,03/09/2025,5,25/08/2025,Airbnb,355.91,1779.55,53.39
HI-11282,Confirmed,Garden Queen,104,27/12/2025,30/12/2025,3,22/12/2025,Airbnb,131.06,393.18,11.8
HI-11387,Confirmed,Loft Suite,201,20/02/2026,23/02/2026,3,18/02/2026,Direct,168.56,505.68,0.0
HI-11445,Confirmed,Garden Queen,105,28/03/2026,02/04/2026,5,24/03/2026,Booking.com,115.39,576.95,86.54
HI-11502,Confirmed,Loft Suite,202,19/04/2026,21/04/2026,2,02/04/2026,Direct,177.02,354.04,0.0
HI-11642,Confirmed,Loft Suite,202,03/06/2026,06/06/2026,3,28/02/2026,Direct,225.05,675.15,0.0
HI-10780,Confirmed,Harbour View King,103,14/07/2025,15/07/2025,1,28/06/2025,Booking.com,189.94,189.94,28.49
HI-10327,Confirmed,Harbour View King,103,14/02/2025,18/02/2025,4,07/02/2025,Direct,170.98,683.92,0.0
HI-10893,Confirmed,Harbour View King,103,14/08/2025,16/08/2025,2,20/04/2025,BOOKING.COM,239.41,478.82,71.82
HI-12103,Confirmed,Harbour View King,102,21/10/2026,23/10/2026,2,17/09/2026,Direct,136.28,272.56,0.0
HI-12078,Confirmed,Loft Suite,201,07/10/2026,11/10/2026,4,27/09/2026,Direct,154.58,618.32,0.0
HI-11113,Confirmed,Garden Queen,104,17/10/2025,19/10/2025,2,03/08/2025,Airbnb,187.93,375.86,11.28
HI-11349,Confirmed,Loft Suite,201,03/02/2026,06/02/2026,3,28/01/2026,Expedia,110.72,332.16,59.79
HI-11705,Confirmed,Harbour View King,101,21/06/2026,24/06/2026,3,08/06/2026,Airbnb,225.03,675.09,20.25
HI-11871,Confirmed,Garden Queen,106,04/08/2026,06/08/2026,2,21/06/2026,Expedia,132.3,264.61,58.09
HI-10838,Confirmed,Loft Suite,201,30/07/2025,01/08/2025,2,30/03/2025,Booking.com,258.8,517.6,77.64
HI-11921,Confirmed,Garden Queen,104,17/08/2026,19/08/2026,2,09/07/2026,Direct,184.29,368.58,0.0
HI-10311,Confirmed,Harbour View King,102,09/02/2025,13/02/2025,4,07/02/2025,Booking.com,94.15,376.6,56.49
HI-10563,Confirmed,Harbour View King,102,20/05/2025,22/05/2025,2,15/05/2025,Booking.com,115.25,230.5,34.57
HI-11672,Confirmed,Garden Queen,106,12/06/2026,14/06/2026,2,26/12/2025,Expedia,222.08,444.16,97.5
HI-11359,Confirmed,Garden Queen,105,09/02/2026,11/02/2026,2,05/02/2026,Booking.com,58.95,117.9,17.68
HI-11821,Confirmed,Garden Queen,104,22/07/2026,25/07/2026,3,18/07/2026,Booking.com,154.18,462.54,69.38
HI-10033,Confirmed,Harbour View King,102,10/10/2024,12/10/2024,2,06/10/2024,Booking.com,180.74,361.48,54.22
HI-10447,Confirmed,Garden Queen,105,12/04/2025,14/04/2025,2,26/03/2025,booking.com,222.14,444.28,66.64
HI-10012,Confirmed,Harbour View King,102,04/10/2024,09/10/2024,5,29/09/2024,Expedia,215.61,1078.05,194.05
HI-11982,Confirmed,Garden Queen,105,03/09/2026,08/09/2026,5,17/08/2026,Airbnb,149.4,747.0,22.41
HI-10195,Confirmed,Garden Queen,106,16/12/2024,18/12/2024,2,16/12/2024,Booking.com,59.01,118.02,17.7
HI-10229,Confirmed,Garden Queen,106,01/01/2025,04/01/2025,3,14/07/2024,Booking.com,94.67,284.01,42.6
HI-10898,Confirmed,Garden Queen,104,15/08/2025,18/08/2025,3,19/07/2025,Expedia,269.45,808.35,145.5
HI-11896,Confirmed,Harbour View King,102,11/08/2026,12/08/2026,1,09/05/2026,Airbnb,201.75,201.75,6.05
HI-10147,Confirmed,Garden Queen,106,25/11/2024,30/11/2024,5,19/11/2024,Expedia,92.54,462.7,83.29
HI-11692,Confirmed,Loft Suite,202,17/06/2026,19/06/2026,2,20/12/2025,Airbnb,248.73,497.46,14.92
HI-10162,Confirmed,Harbour View King,101,02/12/2024,03/12/2024,1,22/09/2024,expedia,95.16,95.16,17.13
HI-11594,Confirmed,Harbour View King,,21/05/2026,23/05/2026,2,07/05/2026,booking.com,175.89,351.78,52.77
HI-10953,Confirmed,Loft Suite,201,28/08/2025,30/08/2025,2,31/07/2025,Airbnb,286.97,573.94,17.22
HI-10169,Confirmed,Garden Queen,104,06/12/2024,09/12/2024,3,05/12/2024,Direct,110.84,332.52,0.0
HI-11252,Confirmed,Loft Suite,202,16/12/2025,19/12/2025,3,01/07/2025,Direct,99.3,297.9,0.0
HI-11600,Confirmed,Garden Queen,106,22/05/2026,24/05/2026,2,15/05/2026,Booking.com,200.88,401.76,60.26
HI-11029,Cancelled,Garden Queen,105,20/09/2025,21/09/2025,1,22/07/2025,Booking.com,150.05,150.05,22.51
HI-10638,Confirmed,Garden Queen,104,07/06/2025,09/06/2025,2,09/05/2025,Booking.com,252.62,505.24,75.79
HI-10917,Confirmed,Loft Suite,202,18/08/2025,20/08/2025,2,19/06/2025,Expedia,236.42,472.84,85.11
HI-11510,Cancelled,Harbour View King,102,23/04/2026,26/04/2026,3,09/04/2026,Direct,164.85,494.55,0.0
HI-10848,Confirmed,Garden Queen,105,01/08/2025,03/08/2025,2,21/07/2025,AIRBNB,238.54,477.08,14.31
HI-11165,Confirmed,Loft Suite,201,06/11/2025,09/11/2025,3,20/06/2025,Booking.com,154.17,462.51,69.38
HI-10701,Confirmed,Garden Queen,104,22/06/2025,23/06/2025,1,16/06/2025,Airbnb,155.21,155.21,4.66
HI-12024,Confirmed,Loft Suite,202,19/09/2026,20/09/2026,1,03/09/2026,Booking.com,247.19,247.19,37.08
HI-10614,Cancelled,Loft Suite,201,02/06/2025,06/06/2025,4,11/05/2025,Booking.com,263.43,1053.72,158.06
HI-10307,Confirmed,Garden Queen,105,08/02/2025,09/02/2025,1,01/02/2025,Expedia,127.33,127.33,22.92
HI-11810,Confirmed,Garden Queen,106,19/07/2026,23/07/2026,4,01/06/2026,Booking.com,187.82,751.28,112.69
HI-11259,Confirmed,Garden Queen,105,19/12/2025,22/12/2025,3,08/12/2025,Airbnb,141.76,425.28,12.76
HI-10666,Confirmed,Harbour View King,103,14/06/2025,16/06/2025,2,08/06/2025,airbnb,328.16,656.32,19.69
HI-11376,Confirmed,Harbour View King,101,16/02/2026,21/02/2026,5,31/01/2026,Expedia,90.35,451.75,81.32
HI-11488,Confirmed,Garden Queen,106,14/04/2026,16/04/2026,2,07/04/2026,Booking.com,112.35,224.7,33.7
HI-10454,Confirmed,Loft Suite,201,14/04/2025,16/04/2025,2,08/04/2025,Direct,173.54,347.08,0.0
HI-10420,Confirmed,Garden Queen,105,04/04/2025,07/04/2025,3,21/01/2025,Booking.com,196.47,589.41,88.41
HI-11689,Cancelled,Harbour View King,102,17/06/2026,21/06/2026,4,17/06/2026,Direct,208.79,835.16,0.0
HI-10724,Confirmed,Garden Queen,105,30/06/2025,03/07/2025,3,09/04/2025,Booking.com,170.19,510.57,76.59
HI-10027,Confirmed,Harbour View King,101,08/10/2024,09/10/2024,1,17/08/2024,Expedia,128.59,128.59,23.15
HI-10434,Confirmed,Harbour View King,102,09/04/2025,12/04/2025,3,25/03/2025,Airbnb,124.28,372.84,11.19
HI-10089,Confirmed,Loft Suite,201,28/10/2024,29/10/2024,1,07/10/2024,Expedia,169.8,169.8,30.56
HI-11568,Confirmed,Loft Suite,202,13/05/2026,16/05/2026,3,23/04/2026,DIRECT,189.55,568.65,0.0
HI-10870,Confirmed,Harbour View King,101,07/08/2025,09/08/2025,2,27/06/2025,booking.com,211.9,423.8,63.57
HI-10845,Confirmed,Loft Suite,202,31/07/2025,02/08/2025,2,04/06/2025,Booking.com,291.14,582.28,87.34
HI-11696,Confirmed,Garden Queen,104,18/06/2026,20/06/2026,2,16/06/2026,Airbnb,212.8,425.6,12.77
HI-10973,Confirmed,Loft Suite,201,02/09/2025,05/09/2025,3,17/08/2025,Direct,154.08,462.24,0.0
HI-12044,Confirmed,Harbour View King,102,27/09/2026,30/09/2026,3,29/05/2026,Airbnb,158.98,476.94,14.31
HI-12035,Confirmed,Harbour View King,101,24/09/2026,25/09/2026,1,22/09/2026,Booking.com,140.05,140.05,21.01
HI-11647,Confirmed,Garden Queen,106,05/06/2026,06/06/2026,1,22/05/2026,direct,290.29,290.29,0.0
HI-11928,Confirmed,Loft Suite,202,19/08/2026,22/08/2026,3,26/07/2026,booking.com,217.04,651.12,97.67
HI-10081,Cancelled,Garden Queen,106,26/10/2024,28/10/2024,2,08/10/2024,booking.com,165.34,330.68,49.6
HI-10103,Confirmed,Garden Queen,104,03/11/2024,07/11/2024,4,30/10/2024,airbnb,72.48,289.92,8.7
HI-10767,Confirmed,Garden Queen,105,11/07/2025,13/07/2025,2,07/07/2025,Direct,249.91,499.82,0.0
HI-11903,Confirmed,Garden Queen,106,13/08/2026,14/08/2026,1,02/08/2026,AIRBNB,192.98,192.98,5.79
HI-12120,Confirmed,Garden Queen,106,06/11/2026,09/11/2026,3,03/08/2026,booking.com,124.05,372.15,55.82
HI-11898,Confirmed,Loft Suite,201,11/08/2026,13/08/2026,2,27/07/2026,Booking.com,214.03,428.06,64.21
HI-11784,Confirmed,Loft Suite,201,12/07/2026,15/07/2026,3,24/02/2026,Airbnb,242.45,727.35,21.82
HI-10699,Confirmed,Harbour View King,101,22/06/2025,24/06/2025,2,16/02/2025,Airbnb,212.38,424.76,12.74
HI-10231,Confirmed,Garden Queen,104,03/01/2025,04/01/2025,1,20/12/2024,Expedia,121.86,121.86,21.93
HI-11526,Confirmed,Garden Queen,105,28/04/2026,29/04/2026,1,26/04/2026,Booking.com,91.26,91.26,13.69
HI-10055,Confirmed,Loft Suite,201,19/10/2024,22/10/2024,3,01/10/2024,direct,276.97,830.91,0.0
HI-10372,Confirmed,Garden Queen,105,10/03/2025,11/03/2025,1,26/02/2025,Booking.com,85.75,85.75,12.86
HI-10294,Confirmed,Loft Suite,201,01/02/2025,02/02/2025,1,09/01/2025,BOOKING.COM,182.33,182.33,27.35
HI-11374,Confirmed,Harbour View King,102,15/02/2026,17/02/2026,2,30/01/2026,Direct,112.18,224.36,0.0
HI-10886,Confirmed,Loft Suite,201,11/08/2025,13/08/2025,2,31/07/2025,Booking.com,184.1,368.2,55.23
HI-11285,Confirmed,Harbour View King,102,28/12/2025,30/12/2025,2,26/12/2025,BOOKING.COM,92.39,184.78,27.72
HI-11775,Cancelled,Garden Queen,104,10/07/2026,13/07/2026,3,23/04/2026,Airbnb,213.52,640.56,19.22
HI-11342,Confirmed,Garden Queen,104,27/01/2026,31/01/2026,4,06/01/2026,Direct,79.0,316.0,0.0
HI-10686,Confirmed,Garden Queen,105,18/06/2025,21/06/2025,3,21/05/2025,DIRECT,172.96,518.88,0.0
HI-10382,Confirmed,Harbour View King,101,18/03/2025,22/03/2025,4,17/03/2025,Booking.com,91.83,367.32,55.1
HI-11828,Cancelled,Harbour View King,102,24/07/2026,25/07/2026,1,10/07/2026,AIRBNB,335.88,335.88,10.08
HI-10773,Confirmed,Loft Suite,202,12/07/2025,14/07/2025,2,21/05/2025,Airbnb,420.43,840.86,25.23
HI-11681,Confirmed,Garden Queen,104,14/06/2026,18/06/2026,4,01/06/2026,booking.com,162.42,649.68,97.45
HI-10613,Confirmed,Garden Queen,106,02/06/2025,07/06/2025,5,15/05/2025,direct,148.79,743.95,0.0
HI-10528,Confirmed,Harbour View King,102,09/05/2025,11/05/2025,2,07/05/2025,Booking.com,195.97,391.94,58.79
HI-11451,Confirmed,Loft Suite,201,01/04/2026,03/04/2026,2,24/03/2026,Direct,179.35,358.7,0.0
HI-10380,Confirmed,Garden Queen,106,15/03/2025,17/03/2025,2,17/11/2024,booking.com,128.96,257.92,38.69
HI-10273,Confirmed,Loft Suite,201,24/01/2025,25/01/2025,1,26/08/2024,Direct,226.01,226.01,0.0
HI-11873,Confirmed,Garden Queen,104,05/08/2026,08/08/2026,3,13/07/2026,Expedia,151.77,455.32,99.95
HI-11274,Confirmed,Loft Suite,201,25/12/2025,28/12/2025,3,26/10/2025,Direct,167.22,501.66,0.0
HI-11980,Confirmed,Loft Suite,201,02/09/2026,04/09/2026,2,30/08/2026,Booking.com,191.03,382.06,57.31
HI-11385,Confirmed,Harbour View King,103,20/02/2026,22/02/2026,2,23/09/2025,direct,171.94,343.88,0.0
HI-11293,Confirmed,Loft Suite,201,31/12/2025,02/01/2026,2,24/12/2025,AIRBNB,126.36,252.72,7.58
HI-11973,Confirmed,Harbour View King,103,01/09/2026,04/09/2026,3,23/08/2026,Direct,134.47,403.41,0.0
HI-10592,Confirmed,Harbour View King,101,28/05/2025,30/05/2025,2,26/03/2025,Direct,145.29,290.58,0.0
HI-11291,Confirmed,Harbour View King,102,31/12/2025,02/01/2026,2,26/12/2025,Booking.com,98.69,197.38,29.61
HI-10468,Confirmed,Garden Queen,105,19/04/2025,21/04/2025,2,14/04/2025,Direct,174.97,349.94,0.0
HI-11096,Confirmed,Harbour View King,102,12/10/2025,13/10/2025,1,02/10/2025,Airbnb,129.73,129.73,3.89
HI-10256,Confirmed,Loft Suite,201,15/01/2025,17/01/2025,2,14/01/2025,Expedia,107.79,215.58,38.8
HI-10334,Confirmed,Harbour View King,102,18/02/2025,22/02/2025,4,04/02/2025,Direct,100.46,401.84,0.0
HI-11709,Confirmed,Garden Queen,105,22/06/2026,24/06/2026,2,25/05/2026,Direct,173.01,346.02,0.0
HI-10751,Confirmed,Garden Queen,106,07/07/2025,08/07/2025,1,10/06/2025,booking.com,147.18,147.18,22.08
HI-10497,Confirmed,Loft Suite,201,29/04/2025,01/05/2025,2,27/04/2025,Direct,169.8,339.6,0.0
HI-12125,Confirmed,Garden Queen,105,25/11/2026,26/11/2026,1,09/07/2026,Booking.com,84.27,84.27,12.64
HI-10070,Confirmed,Harbour View King,103,24/10/2024,27/10/2024,3,13/10/2024,direct,180.6,541.8,0.0
HI-11309,Confirmed,Harbour View King,102,07/01/2026,09/01/2026,2,31/12/2025,Booking.com,117.93,235.86,35.38
HI-10114,Confirmed,Harbour View King,103,12/11/2024,15/11/2024,3,21/08/2024,Airbnb,82.24,246.72,7.4
HI-12004,Confirmed,Garden Queen,104,11/09/2026,14/09/2026,3,02/06/2026,Direct,219.72,659.16,0.0
HI-11820,Confirmed,Harbour View King,102,22/07/2026,26/07/2026,4,18/05/2026,airbnb,179.52,718.08,21.54
HI-10045,Confirmed,Harbour View King,102,16/10/2024,20/10/2024,4,30/07/2024,Booking.com,141.05,564.2,84.63
HI-10503,Confirmed,Harbour View King,102,01/05/2025,03/05/2025,2,23/04/2025,Direct,182.01,364.02,0.0
HI-11691,Confirmed,Loft Suite,201,17/06/2026,20/06/2026,3,30/05/2026,Booking.com,218.44,655.32,98.3
HI-11394,Confirmed,Garden Queen,104,24/02/2026,26/02/2026,2,01/01/2026,Airbnb,94.75,189.5,5.68
HI-11215,Confirmed,Harbour View King,103,28/11/2025,30/11/2025,2,16/11/2025,direct,162.57,325.14,0.0
HI-12099,Confirmed,Harbour View King,103,17/10/2026,19/10/2026,2,09/05/2026,BOOKING.COM,239.43,478.86,71.83
HI-11350,Confirmed,Harbour View King,101,04/02/2026,05/02/2026,1,17/08/2025,Booking.com,90.56,90.56,13.58
HI-11380,Confirmed,Loft Suite,201,17/02/2026,18/02/2026,1,25/12/2025,Expedia,125.13,125.13,22.52
HI-10986,Confirmed,Garden Queen,104,07/09/2025,08/09/2025,1,12/08/2025,Booking.com,104.9,104.9,15.74
HI-11508,Confirmed,Loft Suite,201,21/04/2026,23/04/2026,2,01/04/2026,Airbnb,154.59,309.18,9.28
HI-10895,Confirmed,Loft Suite,202,14/08/2025,16/08/2025,2,08/03/2025,Booking.com,270.8,541.6,81.24
HI-10036,Confirmed,Garden Queen,105,11/10/2024,15/10/2024,4,06/09/2024,Airbnb,219.05,876.2,26.29
HI-10732,Confirmed,Harbour View King,103,03/07/2025,04/07/2025,1,26/06/2025,Direct,257.59,257.59,0.0
HI-10506,Confirmed,Loft Suite,201,01/05/2025,03/05/2025,2,22/04/2025,Airbnb,224.91,449.82,13.49
HI-11388,Confirmed,Harbour View King,101,21/02/2026,25/02/2026,4,03/11/2025,Direct,134.74,538.96,0.0
HI-10318,Confirmed,Loft Suite,201,10/02/2025,13/02/2025,3,04/02/2025,BOOKING.COM,127.12,381.36,57.2
HI-11837,Confirmed,Loft Suite,201,26/07/2026,29/07/2026,3,24/07/2026,Airbnb,257.33,771.99,23.16
HI-11178,Confirmed,Garden Queen,106,10/11/2025,11/11/2025,1,20/07/2025,expedia,84.01,84.01,15.12
HI-12070,Confirmed,Garden Queen,105,04/10/2026,06/10/2026,2,13/06/2026,Airbnb,127.8,255.6,7.67
HI-11548,Confirmed,Harbour View King,103,07/05/2026,09/05/2026,2,20/04/2026,airbnb,169.41,338.82,10.16
HI-10393,Confirmed,Harbour View King,102,22/03/2025,24/03/2025,2,05/03/2025,Direct,128.34,256.68,0.0
HI-11996,Confirmed,Garden Queen,106,09/09/2026,12/09/2026,3,08/09/2026,Booking.com,131.09,393.27,58.99
HI-10452,Confirmed,Garden Queen,104,14/04/2025,15/04/2025,1,08/04/2025,Booking.com,123.38,123.38,18.51
HI-11085,Confirmed,Garden Queen,105,08/10/2025,10/10/2025,2,29/09/2025,AIRBNB,111.82,223.64,6.71
HI-10541,Confirmed,Harbour View King,101,14/05/2025,18/05/2025,4,29/04/2025,Booking.com,159.65,638.6,95.79
HI-10739,Confirmed,Loft Suite,202,04/07/2025,07/07/2025,3,12/06/2025,Booking.com,458.63,1375.89,206.38
HI-11258,Confirmed,Harbour View King,103,19/12/2025,20/12/2025,1,15/12/2025,booking.com,139.17,139.17,20.88
HI-11305,Confirmed,Loft Suite,202,04/01/2026,07/01/2026,3,31/10/2025,Expedia,122.64,367.92,66.23
HI-10763,Confirmed,Garden Queen,105,10/07/2025,11/07/2025,1,10/02/2025,Booking.com,213.04,213.04,31.96
HI-11785,Confirmed,Harbour View King,101,13/07/2026,14/07/2026,1,28/06/2026,Booking.com,180.07,180.07,27.01
HI-10320,Confirmed,Garden Queen,104,11/02/2025,12/02/2025,1,29/10/2024,Booking.com,86.57,86.57,12.99
HI-10814,Confirmed,Loft Suite,201,22/07/2025,23/07/2025,1,21/03/2025,Booking.com,217.04,217.04,32.56
HI-10672,Confirmed,Harbour View King,102,15/06/2025,16/06/2025,1,28/05/2025,Booking.com,231.94,231.94,34.79
HI-10110,Confirmed,Garden Queen,105,07/11/2024,08/11/2024,1,02/11/2024,booking.com,95.2,95.2,14.28
HI-10565,Confirmed,Loft Suite,202,20/05/2025,22/05/2025,2,05/05/2025,Airbnb,164.03,328.06,9.84
HI-11862,Confirmed,Harbour View King,103,02/08/2026,04/08/2026,2,06/06/2026,booking.com,206.31,412.62,61.89
HI-10461,Confirmed,Garden Queen,105,17/04/2025,19/04/2025,2,10/11/2024,Booking.com,150.44,300.88,45.13
HI-11787,Confirmed,Garden Queen,106,13/07/2026,16/07/2026,3,16/06/2026,Airbnb,173.11,519.33,15.58
HI-10649,Confirmed,Garden Queen,104,10/06/2025,12/06/2025,2,21/05/2025,Booking.com,148.47,296.94,44.54
HI-11716,Confirmed,Harbour View King,101,24/06/2026,25/06/2026,1,11/04/2026,Booking.com,188.42,188.42,28.26
HI-11151,Confirmed,Harbour View King,102,31/10/2025,04/11/2025,4,04/10/2025,Airbnb,253.17,1012.68,30.38
HI-10005,Confirmed,Harbour View King,103,03/10/2024,06/10/2024,3,21/09/2024,Direct,176.74,530.22,0.0
HI-11302,Confirmed,Garden Queen,104,03/01/2026,04/01/2026,1,20/12/2025,Booking.com,139.68,139.68,20.95
HI-11656,Confirmed,Garden Queen,105,08/06/2026,13/06/2026,5,15/05/2026,Expedia,153.91,769.57,168.93
HI-11244,Confirmed,Garden Queen,105,13/12/2025,18/12/2025,5,05/12/2025,EXPEDIA,122.76,613.8,110.48
HI-10382,Confirmed,Harbour View King,101,18/03/2025,22/03/2025,4,17/03/2025,Booking.com,91.83,367.32,55.1
HI-10236,Confirmed,Loft Suite,201,04/01/2025,06/01/2025,2,29/12/2024,Booking.com,215.01,430.02,64.5
HI-11553,Confirmed,Loft Suite,201,08/05/2026,10/05/2026,2,04/05/2026,expedia,232.6,465.19,102.11
HI-11566,Confirmed,Garden Queen,105,13/05/2026,17/05/2026,4,07/04/2026,BOOKING.COM,97.57,390.28,58.54
HI-10601,Confirmed,Harbour View King,103,30/05/2025,01/06/2025,2,04/05/2025,Airbnb,232.43,464.86,13.95
HI-10488,Confirmed,Garden Queen,104,26/04/2025,29/04/2025,3,22/12/2024,BOOKING.COM,165.87,497.61,74.64
HI-11760,Confirmed,Harbour View King,101,07/07/2026,12/07/2026,5,10/01/2026,Direct,178.02,890.1,0.0
HI-12988,Confirmed,Loft Suite,202,31/12/2025,02/01/2026,2,15/09/2025,Direct,890.0,1780.0,0.0
HI-11496,Confirmed,Harbour View King,102,17/04/2026,20/04/2026,3,08/01/2026,Booking.com,226.4,679.2,101.88
HI-10366,Confirmed,Loft Suite,201,07/03/2025,10/03/2025,3,22/02/2025,Booking.com,208.84,626.52,93.98
HI-10956,Confirmed,Harbour View King,101,30/08/2025,02/09/2025,3,13/08/2025,Booking.com,293.2,879.6,131.94
HI-11511,Confirmed,Harbour View King,103,23/04/2026,24/04/2026,1,29/03/2026,direct,185.09,185.09,0.0
HI-10214,Confirmed,Loft Suite,201,26/12/2024,31/12/2024,5,25/12/2024,Booking.com,125.9,629.5,94.42
HI-12097,Confirmed,Garden Queen,105,16/10/2026,17/10/2026,1,02/07/2026,Direct,183.85,183.85,0.0
HI-11124,Confirmed,Loft Suite,201,20/10/2025,22/10/2025,2,14/10/2025,Direct,154.52,309.04,0.0
HI-10093,Confirmed,Harbour View King,101,30/10/2024,04/11/2024,5,21/08/2024,BOOKING.COM,124.1,620.5,93.08
HI-10936,Confirmed,Garden Queen,105,23/08/2025,24/08/2025,1,14/06/2025,Direct,248.41,248.41,0.0
HI-10348,Confirmed,Harbour View King,101,26/02/2025,28/02/2025,2,04/11/2024,BOOKING.COM,98.73,197.46,29.62
HI-10349,Confirmed,Harbour View King,103,26/02/2025,28/02/2025,2,16/02/2025,Booking.com,83.6,167.2,25.08
HI-10141,Confirmed,Garden Queen,104,23/11/2024,26/11/2024,3,17/11/2024,Airbnb,137.84,413.52,12.41
HI-10748,Confirmed,Loft Suite,201,06/07/2025,08/07/2025,2,27/04/2025,BOOKING.COM,218.98,437.96,65.69
HI-11206,Cancelled,Loft Suite,202,22/11/2025,23/11/2025,1,30/05/2025,direct,180.24,180.24,0.0
HI-10480,Confirmed,Garden Queen,104,23/04/2025,26/04/2025,3,21/02/2025,Airbnb,130.59,391.77,11.75
HI-11402,Confirmed,Garden Queen,106,26/02/2026,28/02/2026,2,23/10/2025,booking.com,91.44,182.88,27.43
HI-11069,Confirmed,Garden Queen,106,02/10/2025,04/10/2025,2,20/09/2025,Expedia,143.81,287.62,51.77
HI-11052,Confirmed,Harbour View King,101,27/09/2025,28/09/2025,1,12/09/2025,Direct,237.33,237.33,0.0
HI-10753,Confirmed,Loft Suite,202,07/07/2025,11/07/2025,4,01/06/2025,Expedia,238.66,954.64,171.84
HI-10322,Confirmed,Garden Queen,104,12/02/2025,15/02/2025,3,23/08/2024,Booking.com,90.04,270.12,40.52
HI-11522,Cancelled,Harbour View King,101,27/04/2026,29/04/2026,2,24/11/2025,Booking.com,157.34,314.68,47.2
HI-11992,Confirmed,Harbour View King,103,07/09/2026,08/09/2026,1,25/08/2026,Booking.com,120.18,120.18,18.03
HI-11233,Confirmed,Garden Queen,106,07/12/2025,10/12/2025,3,22/11/2025,Booking.com,85.83,257.49,38.62
HI-11805,Cancelled,Loft Suite,202,17/07/2026,18/07/2026,1,22/03/2026,booking.com,403.91,403.91,60.59
HI-11458,Confirmed,Harbour View King,102,05/04/2026,07/04/2026,2,13/03/2026,expedia,117.88,235.77,51.75
HI-10041,Confirmed,Loft Suite,202,13/10/2024,17/10/2024,4,29/09/2024,Booking.com,179.01,716.04,107.41
HI-11951,Confirmed,Loft Suite,201,26/08/2026,29/08/2026,3,02/08/2026,Direct,246.79,740.37,0.0
HI-10743,Confirmed,Garden Queen,104,05/07/2025,10/07/2025,5,08/06/2025,direct,245.78,1228.9,0.0
HI-11966,Confirmed,Harbour View King,103,30/08/2026,01/09/2026,2,27/08/2026,Booking.com,208.47,416.94,62.54
HI-11521,Confirmed,Garden Queen,106,26/04/2026,29/04/2026,3,29/03/2026,booking.com,114.18,342.54,51.38
HI-11428,Confirmed,Loft Suite,202,12/03/2026,14/03/2026,2,06/03/2026,Booking.com,142.52,285.04,42.76
HI-10500,Confirmed,Garden Queen,105,30/04/2025,02/05/2025,2,09/04/2025,Airbnb,116.99,233.98,7.02
HI-12021,Confirmed,Loft Suite,201,18/09/2026,23/09/2026,5,01/08/2026,Booking.com,248.57,1242.85,186.43
HI-11710,Confirmed,Loft Suite,201,22/06/2026,24/06/2026,2,09/06/2026,Booking.com,218.65,437.3,65.6
HI-11984,Confirmed,Harbour View King,101,04/09/2026,05/09/2026,1,15/08/2026,booking.com,227.04,227.04,34.06
HI-10156,Confirmed,Garden Queen,105,29/11/2024,01/12/2024,2,20/11/2024,Booking.com,137.42,274.84,41.23
HI-10622,Confirmed,Harbour View King,102,04/06/2025,05/06/2025,1,20/05/2025,Booking.com,206.37,206.37,30.96
HI-11799,Confirmed,Garden Queen,106,16/07/2026,17/07/2026,1,28/06/2026,Direct,226.2,226.2,0.0
HI-10604,Confirmed,Loft Suite,202,31/05/2025,02/06/2025,2,09/04/2025,Booking.com,296.77,593.54,89.03
HI-11661,Confirmed,Harbour View King,101,10/06/2026,12/06/2026,2,14/02/2026,Expedia,133.65,267.29,58.67
HI-11063,Confirmed,Harbour View King,101,01/10/2025,03/10/2025,2,30/09/2025,Booking.com,127.41,254.82,38.22
HI-11256,Confirmed,Garden Queen,104,18/12/2025,21/12/2025,3,10/12/2025,direct,106.24,318.72,0.0
HI-11362,Confirmed,Harbour View King,102,10/02/2026,15/02/2026,5,24/09/2025,Booking.com,104.58,522.9,78.43
HI-11091,Confirmed,Harbour View King,101,11/10/2025,13/10/2025,2,27/06/2025,Direct,218.26,436.52,0.0
HI-10869,Confirmed,Loft Suite,202,06/08/2025,10/08/2025,4,20/02/2025,Booking.com,229.01,916.04,137.41
HI-12040,Confirmed,Garden Queen,105,25/09/2026,28/09/2026,3,21/09/2026,Direct,166.65,499.95,0.0
HI-11546,Confirmed,Loft Suite,201,05/05/2026,08/05/2026,3,06/12/2025,AIRBNB,158.33,474.99,14.25
HI-11278,Confirmed,Garden Queen,106,26/12/2025,28/12/2025,2,24/12/2025,Airbnb,104.87,209.74,6.29
HI-10605,Confirmed,Harbour View King,102,01/06/2025,03/06/2025,2,05/05/2025,Direct,199.45,398.9,0.0
HI-10268,Confirmed,Harbour View King,102,22/01/2025,25/01/2025,3,14/01/2025,Expedia,100.62,301.86,54.33
HI-10872,Confirmed,Garden Queen,106,07/08/2025,09/08/2025,2,09/05/2025,Expedia,237.75,475.5,85.59
HI-11232,Confirmed,Garden Queen,105,07/12/2025,10/12/2025,3,26/11/2025,Direct,89.68,269.04,0.0
HI-10508,Confirmed,Harbour View King,103,02/05/2025,03/05/2025,1,25/04/2025,Airbnb,207.18,207.18,6.22
HI-12122,Confirmed,Loft Suite,201,12/11/2026,17/11/2026,5,19/07/2026,Airbnb,152.53,762.65,22.88
HI-10408,Confirmed,Harbour View King,102,30/03/2025,31/03/2025,1,18/03/2025,Direct,119.56,119.56,0.0
HI-10070,Confirmed,Harbour View King,103,24/10/2024,27/10/2024,3,13/10/2024,direct,180.6,541.8,0.0
HI-10002,Confirmed,Harbour View King,101,02/10/2024,04/10/2024,2,25/04/2024,Direct,136.29,272.58,0.0
HI-10201,Confirmed,Harbour View King,103,20/12/2024,24/12/2024,4,14/12/2024,Direct,169.07,676.28,0.0
HI-12087,Confirmed,Garden Queen,106,10/10/2026,14/10/2026,4,19/09/2026,Expedia,115.77,463.07,101.65
HI-10990,Confirmed,Harbour View King,101,10/09/2025,12/09/2025,2,07/09/2025,direct,133.36,266.72,0.0
HI-11842,Cancelled,Harbour View King,101,28/07/2026,31/07/2026,3,14/07/2026,Expedia,197.97,593.91,106.9
HI-11341,Confirmed,Harbour View King,101,27/01/2026,31/01/2026,4,25/01/2026,booking.com,79.42,317.68,47.65
HI-11138,Confirmed,Garden Queen,104,26/10/2025,29/10/2025,3,16/10/2025,Expedia,130.87,392.61,70.67
HI-10247,Confirmed,Loft Suite,201,11/01/2025,14/01/2025,3,29/12/2024,Booking.com,204.5,613.5,92.02
HI-11549,Confirmed,Garden Queen,,07/05/2026,09/05/2026,2,24/11/2025,booking.com,147.3,294.6,44.19
HI-10612,Confirmed,Garden Queen,104,02/06/2025,03/06/2025,1,17/05/2025,Airbnb,171.57,171.57,5.15
HI-11788,Confirmed,Loft Suite,202,13/07/2026,16/07/2026,3,17/04/2026,Direct,228.47,685.41,0.0
HI-10246,Confirmed,Garden Queen,106,11/01/2025,15/01/2025,4,31/12/2024,Booking.com,142.38,569.52,85.43
HI-10608,Confirmed,Garden Queen,105,01/06/2025,03/06/2025,2,26/05/2025,Booking.com,170.44,340.88,51.13
HI-10787,Confirmed,Harbour View King,102,16/07/2025,17/07/2025,1,02/07/2025,direct,191.3,191.3,0.0
HI-10607,Confirmed,Garden Queen,104,01/06/2025,02/06/2025,1,07/05/2025,Direct,179.04,179.04,0.0
HI-10865,Confirmed,Garden Queen,105,05/08/2025,06/08/2025,1,24/07/2025,Direct,134.96,134.96,0.0
HI-10499,Confirmed,Harbour View King,102,30/04/2025,01/05/2025,1,17/11/2024,Booking.com,135.3,135.3,20.3
HI-11533,Confirmed,Harbour View King,101,01/05/2026,03/05/2026,2,19/04/2026,Booking.com,216.58,433.16,64.97
HI-10504,Confirmed,Garden Queen,104,01/05/2025,02/05/2025,1,24/03/2025,Booking.com,152.43,152.43,22.86
HI-11000,Confirmed,Garden Queen,105,12/09/2025,15/09/2025,3,24/08/2025,Expedia,179.6,538.8,96.98
HI-11081,Confirmed,Garden Queen,105,06/10/2025,07/10/2025,1,02/08/2025,Airbnb,120.22,120.22,3.61
HI-10361,Confirmed,Garden Queen,106,04/03/2025,07/03/2025,3,07/09/2024,airbnb,91.85,275.55,8.27
HI-10244,Confirmed,Garden Queen,104,11/01/2025,12/01/2025,1,06/11/2024,Expedia,132.4,132.4,23.83
HI-11727,Confirmed,Harbour View King,102,27/06/2026,29/06/2026,2,24/06/2026,Expedia,244.64,489.29,107.41
HI-11229,Confirmed,Loft Suite,201,05/12/2025,08/12/2025,3,02/12/2025,Expedia,149.49,448.47,80.72
HI-11177,Confirmed,Harbour View King,102,10/11/2025,11/11/2025,1,26/09/2025,Direct,81.24,81.24,0.0
HI-11939,Confirmed,Harbour View King,102,23/08/2026,25/08/2026,2,12/08/2026,Booking.com,200.59,401.18,60.18
HI-12017,Confirmed,Harbour View King,101,17/09/2026,19/09/2026,2,10/09/2026,booking.com,175.48,350.96,52.64
HI-11040,Cancelled,Garden Queen,104,23/09/2025,25/09/2025,2,02/09/2025,airbnb,111.8,223.6,6.71
HI-10837,Confirmed,Garden Queen,106,30/07/2025,01/08/2025,2,20/03/2025,Booking.com,157.13,314.26,47.14
HI-10149,Confirmed,Harbour View King,101,26/11/2024,29/11/2024,3,25/11/2024,Booking.com,72.68,218.04,32.71
HI-10019,Confirmed,Loft Suite,201,05/10/2024,08/10/2024,3,21/09/2024,Direct,291.84,875.52,0.0
HI-11865,Confirmed,Harbour View King,101,03/08/2026,06/08/2026,3,18/06/2026,Expedia,141.73,425.19,93.33
HI-10653,Confirmed,Harbour View King,101,11/06/2025,14/06/2025,3,02/06/2025,Airbnb,195.0,585.0,17.55
HI-11581,Confirmed,Garden Queen,104,17/05/2026,19/05/2026,2,14/05/2026,Booking.com,133.73,267.46,40.12
HI-11202,Cancelled,Garden Queen,104,21/11/2025,24/11/2025,3,18/06/2025,Booking.com,130.75,392.25,58.84
HI-10330,Confirmed,Garden Queen,105,15/02/2025,19/02/2025,4,06/02/2025,booking.com,122.14,488.56,73.28
HI-10495,Confirmed,Harbour View King,103,29/04/2025,01/05/2025,2,02/02/2025,BOOKING.COM,122.79,245.58,36.84
HI-11164,Confirmed,Harbour View King,102,06/11/2025,09/11/2025,3,19/10/2025,Airbnb,113.66,340.98,10.23
HI-11607,Confirmed,Garden Queen,106,24/05/2026,26/05/2026,2,19/04/2026,Booking.com,114.01,228.02,34.2
HI-10225,Confirmed,Loft Suite,202,29/12/2024,31/12/2024,2,23/12/2024,Airbnb,129.9,259.8,7.79
HI-11562,Confirmed,Harbour View King,102,12/05/2026,13/05/2026,1,09/05/2026,Direct,125.0,125.0,0.0
HI-10560,Confirmed,Harbour View King,103,19/05/2025,21/05/2025,2,13/05/2025,Booking.com,122.02,244.04,36.61
HI-11057,Cancelled,Garden Queen,106,28/09/2025,30/09/2025,2,11/09/2025,Direct,123.29,246.58,0.0
HI-10906,Confirmed,Harbour View King,101,17/08/2025,20/08/2025,3,01/07/2025,booking.com,190.21,570.63,85.59
HI-11501,Confirmed,Garden Queen,106,19/04/2026,21/04/2026,2,14/04/2026,Booking.com,119.83,239.66,35.95
HI-10039,Confirmed,Garden Queen,106,12/10/2024,14/10/2024,2,21/04/2024,Direct,171.62,343.24,0.0
HI-10972,Confirmed,Garden Queen,105,02/09/2025,04/09/2025,2,23/08/2025,Expedia,116.43,232.86,41.91
HI-12080,Confirmed,Garden Queen,104,08/10/2026,09/10/2026,1,22/09/2026,Booking.com,154.85,154.85,23.23
HI-11555,Confirmed,Garden Queen,105,09/05/2026,10/05/2026,1,02/05/2026,Direct,182.43,182.43,0.0
HI-10736,Confirmed,Harbour View King,102,04/07/2025,06/07/2025,2,13/05/2025,Expedia,313.14,626.28,112.73
HI-11768,Cancelled,Loft Suite,202,08/07/2026,09/07/2026,1,28/06/2026,Direct,236.87,236.87,0.0
HI-12127,Confirmed,Garden Queen,106,07/12/2026,08/12/2026,1,04/07/2026,Expedia,59.91,59.91,13.15
HI-11547,Confirmed,Harbour View King,101,06/05/2026,08/05/2026,2,22/04/2026,Booking.com,136.03,272.06,40.81
HI-10266,Confirmed,Loft Suite,201,21/01/2025,22/01/2025,1,21/12/2024,Booking.com,121.76,121.76,18.26
HI-11226,Confirmed,Garden Queen,105,04/12/2025,06/12/2025,2,17/11/2025,Booking.com,120.72,241.44,36.22
HI-11792,Confirmed,Garden Queen,104,15/07/2026,18/07/2026,3,05/05/2026,Booking.com,177.29,531.87,79.78
HI-11314,Confirmed,Garden Queen,105,10/01/2026,11/01/2026,1,03/01/2026,Booking.com,146.9,146.9,22.04
HI-10473,Confirmed,Garden Queen,106,21/04/2025,23/04/2025,2,01/04/2025,Direct,117.78,235.56,0.0
HI-11363,Confirmed,Harbour View King,103,11/02/2026,12/02/2026,1,30/01/2026,Booking.com,100.35,100.35,15.05
HI-10224,Confirmed,Garden Queen,106,29/12/2024,31/12/2024,2,18/12/2024,Booking.com,81.69,163.38,24.51
HI-10591,Confirmed,Garden Queen,105,27/05/2025,28/05/2025,1,05/04/2025,Booking.com,113.92,113.92,17.09
HI-11479,Confirmed,Harbour View King,101,12/04/2026,13/04/2026,1,01/04/2026,Expedia,136.62,136.62,29.99
HI-11650,Confirmed,Harbour View King,102,06/06/2026,07/06/2026,1,25/05/2026,Airbnb,334.02,334.02,10.02
HI-10362,Confirmed,Harbour View King,103,05/03/2025,07/03/2025,2,23/11/2024,Airbnb,100.45,200.9,6.03
HI-10386,Confirmed,Garden Queen,104,19/03/2025,21/03/2025,2,08/01/2025,Booking.com,75.64,151.28,22.69
HI-10384,Confirmed,Loft Suite,201,18/03/2025,19/03/2025,1,13/03/2025,Expedia,127.71,127.71,22.99
HI-10066,Confirmed,Harbour View King,102,23/10/2024,26/10/2024,3,18/10/2024,expedia,123.35,370.05,66.61
HI-11986,Cancelled,Loft Suite,202,04/09/2026,05/09/2026,1,18/08/2026,Airbnb,263.7,263.7,7.91
HI-11809,Confirmed,Garden Queen,105,19/07/2026,22/07/2026,3,18/05/2026,Booking.com,152.28,456.84,68.53
HI-10180,Confirmed,Garden Queen,104,11/12/2024,14/12/2024,3,28/11/2024,Expedia,80.62,241.86,43.53
HI-11210,Confirmed,Harbour View King,101,25/11/2025,27/11/2025,2,20/11/2025,Direct,90.15,180.3,0.0
HI-10790,Confirmed,Loft Suite,202,16/07/2025,18/07/2025,2,20/01/2025,Booking.com,244.74,489.48,73.42
HI-10944,Confirmed,Loft Suite,202,25/08/2025,27/08/2025,2,08/08/2025,Expedia,271.06,542.12,97.58
HI-11747,Confirmed,Garden Queen,104,02/07/2026,05/07/2026,3,15/06/2026,direct,198.34,595.02,0.0
HI-11499,Confirmed,Garden Queen,105,18/04/2026,21/04/2026,3,06/04/2026,Expedia,170.16,510.47,112.06
HI-10284,Confirmed,Garden Queen,105,29/01/2025,02/02/2025,4,02/10/2024,Booking.com,84.78,339.12,50.87
HI-11195,Confirmed,Garden Queen,105,18/11/2025,21/11/2025,3,04/09/2025,Booking.com,76.0,228.0,34.2
HI-11616,Confirmed,Garden Queen,105,27/05/2026,01/06/2026,5,14/12/2025,Airbnb,114.93,574.65,17.24
HI-10422,Confirmed,Harbour View King,102,05/04/2025,06/04/2025,1,18/03/2025,Booking.com,192.86,192.86,28.93
HI-11076,Confirmed,Loft Suite,202,04/10/2025,05/10/2025,1,23/09/2025,BOOKING.COM,263.71,263.71,39.56
HI-11439,Confirmed,Harbour View King,101,21/03/2026,22/03/2026,1,19/03/2026,Expedia,141.79,141.79,25.52
HI-10263,Confirmed,Harbour View King,103,19/01/2025,21/01/2025,2,06/01/2025,Airbnb,87.95,175.9,5.28
HI-10259,Confirmed,Garden Queen,105,17/01/2025,19/01/2025,2,15/09/2024,Expedia,136.79,273.58,49.24
HI-10803,Confirmed,Garden Queen,105,20/07/2025,23/07/2025,3,09/06/2025,Booking.com,433.14,433.14,64.97
HI-11615,Confirmed,Garden Queen,104,27/05/2026,30/05/2026,3,28/01/2026,Booking.com,107.62,322.86,48.43
HI-11730,Confirmed,Loft Suite,202,27/06/2026,28/06/2026,1,11/05/2026,Direct,308.53,308.53,0.0
HI-11572,Confirmed,Garden Queen,106,14/05/2026,15/05/2026,1,08/05/2026,Airbnb,129.87,129.87,3.9
HI-10553,Confirmed,Loft Suite,201,16/05/2025,17/05/2025,1,25/11/2024,Expedia,303.97,303.97,54.71
HI-11298,Confirmed,Harbour View King,102,02/01/2026,05/01/2026,3,23/08/2025,Expedia,177.24,531.72,95.71
HI-10888,Confirmed,Harbour View King,102,12/08/2025,13/08/2025,1,06/08/2025,Booking.com,211.04,211.04,31.66
HI-11897,Confirmed,Harbour View King,103,11/08/2026,13/08/2026,2,14/07/2026,Booking.com,209.32,418.64,62.8
HI-10251,Confirmed,Harbour View King,102,14/01/2025,16/01/2025,2,30/12/2024,direct,77.06,154.12,0.0
HI-11652,Confirmed,Garden Queen,105,06/06/2026,08/06/2026,2,01/06/2026,Direct,223.56,447.12,0.0
HI-11901,Confirmed,Garden Queen,105,12/08/2026,14/08/2026,2,04/08/2026,Booking.com,167.82,335.64,50.35
HI-11196,Confirmed,Garden Queen,104,19/11/2025,24/11/2025,5,14/11/2025,Booking.com,98.76,493.8,74.07
HI-10719,Confirmed,Garden Queen,105,29/06/2025,30/06/2025,1,25/06/2025,Airbnb,189.98,189.98,5.7
HI-11707,Confirmed,Harbour View King,102,22/06/2026,25/06/2026,3,23/02/2026,booking.com,226.89,680.67,102.1
HI-11949,Confirmed,Harbour View King,103,26/08/2026,27/08/2026,1,24/07/2026,Booking.com,192.57,192.57,28.89
HI-11140,Confirmed,Loft Suite,201,26/10/2025,29/10/2025,3,25/09/2025,Direct,167.73,503.19,0.0
HI-10443,Confirmed,Garden Queen,106,11/04/2025,14/04/2025,3,31/03/2025,Direct,195.78,587.34,0.0
HI-11200,Confirmed,Harbour View King,102,21/11/2025,24/11/2025,3,02/11/2025,Booking.com,149.28,447.84,67.18
HI-11401,Confirmed,Garden Queen,104,26/02/2026,01/03/2026,3,23/02/2026,AIRBNB,75.58,226.74,6.8
HI-10835,Confirmed,Harbour View King,101,30/07/2025,01/08/2025,2,19/06/2025,Booking.com,183.41,366.82,55.02
HI-10356,Confirmed,Garden Queen,104,01/03/2025,03/03/2025,2,15/02/2025,AIRBNB,122.88,245.76,7.37
HI-11222,Confirmed,Harbour View King,101,02/12/2025,03/12/2025,1,17/11/2025,Booking.com,99.04,99.04,14.86
HI-10914,Confirmed,Garden Queen,104,18/08/2025,20/08/2025,2,25/07/2025,booking.com,179.9,359.8,53.97
HI-11812,Confirmed,Loft Suite,202,19/07/2026,23/07/2026,4,25/06/2026,Booking.com,246.08,984.32,147.65
HI-11324,Confirmed,Garden Queen,106,17/01/2026,22/01/2026,5,02/10/2025,Booking.com,154.2,771.0,115.65
HI-10693,Confirmed,Harbour View King,103,20/06/2025,22/06/2025,2,10/06/2025,Airbnb,303.49,606.98,18.21
HI-11125,Confirmed,Garden Queen,106,21/10/2025,23/10/2025,2,15/10/2025,Direct,112.01,224.02,0.0
HI-11077,Confirmed,Harbour View King,101,05/10/2025,08/10/2025,3,12/07/2025,Booking.com,141.47,424.41,63.66
HI-10040,Confirmed,Loft Suite,201,13/10/2024,14/10/2024,1,25/06/2024,airbnb,172.17,172.17,5.17
HI-12071,Confirmed,Loft Suite,201,04/10/2026,07/10/2026,3,26/09/2026,Booking.com,204.02,612.06,91.81
HI-11802,Confirmed,Garden Queen,105,17/07/2026,19/07/2026,2,10/05/2026,Booking.com,260.47,520.94,78.14
HI-11189,Confirmed,Harbour View King,101,16/11/2025,18/11/2025,2,12/11/2025,Expedia,94.91,189.82,34.17
HI-10542,Confirmed,Harbour View King,102,14/05/2025,15/05/2025,1,30/04/2025,Direct,141.1,141.1,0.0
HI-11678,Confirmed,Loft Suite,201,13/06/2026,14/06/2026,1,13/05/2026,Direct,370.76,370.76,0.0
HI-10104,Confirmed,Garden Queen,106,03/11/2024,04/11/2024,1,18/10/2024,Booking.com,94.52,94.52,14.18
HI-10050,Confirmed,Garden Queen,106,17/10/2024,18/10/2024,1,11/10/2024,Direct,151.62,151.62,0.0
HI-10738,Confirmed,Loft Suite,201,04/07/2025,05/07/2025,1,13/06/2025,Direct,345.75,345.75,0.0
HI-10054,Confirmed,Harbour View King,101,19/10/2024,22/10/2024,3,15/10/2024,Booking.com,218.81,656.43,98.46
HI-10470,Confirmed,Loft Suite,202,19/04/2025,24/04/2025,5,23/03/2025,Direct,249.13,1245.65,0.0
HI-10429,Confirmed,Garden Queen,106,07/04/2025,09/04/2025,2,01/04/2025,Booking.com,115.01,230.02,34.5
HI-10176,Confirmed,Harbour View King,101,10/12/2024,14/12/2024,4,10/12/2024,Booking.com,71.55,286.2,42.93
HI-11403,Confirmed,Harbour View King,101,27/02/2026,28/02/2026,1,07/02/2026,Direct,155.99,155.99,0.0
HI-11046,Confirmed,Garden Queen,104,25/09/2025,26/09/2025,1,24/09/2025,Airbnb,147.95,147.95,4.44
HI-11535,Confirmed,Loft Suite,201,01/05/2026,03/05/2026,2,17/12/2025,Direct,323.06,646.12,0.0
HI-10984,Confirmed,Harbour View King,102,06/09/2025,09/09/2025,3,21/08/2025,Expedia,246.92,740.76,133.34
HI-10623,Confirmed,Harbour View King,103,04/06/2025,07/06/2025,3,01/05/2025,BOOKING.COM,183.92,551.76,82.76
HI-10662,Confirmed,Garden Queen,105,13/06/2025,14/06/2025,1,15/04/2025,Booking.com,302.19,302.19,45.33
HI-10949,Confirmed,Loft Suite,202,27/08/2025,30/08/2025,3,30/07/2025,direct,283.53,850.59,0.0
HI-11130,Confirmed,Loft Suite,202,23/10/2025,26/10/2025,3,13/10/2025,direct,226.34,679.02,0.0
HI-12042,Confirmed,Harbour View King,101,26/09/2026,29/09/2026,3,16/09/2026,Direct,197.68,593.04,0.0
HI-12077,Confirmed,Harbour View King,101,07/10/2026,08/10/2026,1,26/09/2026,Booking.com,126.29,126.29,18.94
HI-10271,Confirmed,Harbour View King,103,24/01/2025,26/01/2025,2,18/10/2024,Expedia,165.07,330.14,59.43
HI-11343,Confirmed,Garden Queen,105,27/01/2026,28/01/2026,1,05/01/2026,Booking.com,91.4,91.4,13.71
HI-11609,Confirmed,Harbour View King,103,25/05/2026,28/05/2026,3,14/01/2026,Airbnb,126.4,379.2,11.38
HI-10937,Confirmed,Garden Queen,106,23/08/2025,26/08/2025,3,25/07/2025,Airbnb,219.23,657.69,19.73
HI-12135,Confirmed,Harbour View King,102,20/12/2026,23/12/2026,3,16/09/2026,Direct,110.79,332.37,0.0
HI-10536,Confirmed,Harbour View King,103,12/05/2025,13/05/2025,1,21/04/2025,Direct,123.79,123.79,0.0
HI-10896,Confirmed,Harbour View King,101,15/08/2025,17/08/2025,2,24/07/2025,booking.com,331.29,662.58,99.39
HI-11013,Confirmed,Garden Queen,106,15/09/2025,18/09/2025,3,09/09/2025,Booking.com,101.57,304.71,45.71
HI-11899,Confirmed,Loft Suite,202,11/08/2026,14/08/2026,3,28/07/2026,Booking.com,207.21,621.63,93.24
HI-10377,Confirmed,Garden Queen,104,14/03/2025,17/03/2025,3,13/03/2025,Booking.com,131.46,394.38,59.16
HI-10167,Confirmed,Loft Suite,202,05/12/2024,09/12/2024,4,26/11/2024,Booking.com,158.16,632.64,94.9
HI-12102,Confirmed,Loft Suite,202,20/10/2026,23/10/2026,3,21/05/2026,Expedia,132.83,398.5,87.47
HI-10540,Confirmed,Loft Suite,202,13/05/2025,16/05/2025,3,07/05/2025,booking.com,189.17,567.51,85.13
HI-11543,Confirmed,Garden Queen,106,04/05/2026,06/05/2026,2,26/04/2026,Booking.com,120.32,240.64,36.1
HI-11935,Confirmed,Garden Queen,106,21/08/2026,23/08/2026,2,12/04/2026,EXPEDIA,215.24,430.47,94.49
HI-12055,Confirmed,Garden Queen,106,30/09/2026,02/10/2026,2,02/09/2026,Airbnb,108.57,217.14,6.51
HI-10211,Confirmed,Loft Suite,201,24/12/2024,26/12/2024,2,18/12/2024,Booking.com,125.73,251.46,37.72
HI-11375,Confirmed,Loft Suite,201,15/02/2026,17/02/2026,2,05/02/2026,BOOKING.COM,143.43,286.86,43.03
HI-10015,Confirmed,Loft Suite,202,04/10/2024,06/10/2024,2,27/04/2024,airbnb,299.36,598.72,17.96
HI-10347,Confirmed,Garden Queen,106,25/02/2025,26/02/2025,1,11/02/2025,Booking.com,69.99,69.99,10.5
HI-12028,Confirmed,Harbour View King,103,22/09/2026,25/09/2026,3,08/09/2026,Direct,136.89,410.67,0.0
HI-11110,Confirmed,Garden Queen,105,16/10/2025,20/10/2025,4,10/06/2025,DIRECT,138.59,554.36,0.0
HI-11354,Confirmed,Garden Queen,104,06/02/2026,09/02/2026,3,01/02/2026,Direct,141.81,425.43,0.0
HI-11612,Confirmed,Loft Suite,202,25/05/2026,27/05/2026,2,17/04/2026,Booking.com,186.75,373.5,56.02
HI-10928,Confirmed,Loft Suite,202,21/08/2025,23/08/2025,2,18/07/2025,Airbnb,342.84,685.68,20.57
HI-10660,Confirmed,Harbour View King,103,13/06/2025,14/06/2025,1,18/05/2025,direct,294.3,294.3,0.0
HI-11299,Confirmed,Harbour View King,103,02/01/2026,03/01/2026,1,29/12/2025,Direct,127.04,127.04,0.0
HI-11550,Confirmed,Loft Suite,202,07/05/2026,09/05/2026,2,20/04/2026,Booking.com,233.34,466.68,70.0
HI-10688,Confirmed,Loft Suite,202,18/06/2025,19/06/2025,1,21/05/2025,Direct,245.02,245.02,0.0
HI-10786,Confirmed,Harbour View King,101,16/07/2025,19/07/2025,3,12/06/2025,Direct,211.96,635.88,0.0
HI-10618,Confirmed,Garden Queen,105,03/06/2025,07/06/2025,4,05/05/2025,Booking.com,153.75,615.0,92.25
HI-10764,Confirmed,Loft Suite,201,10/07/2025,15/07/2025,5,15/04/2025,Expedia,275.55,1377.75,248.0
HI-10106,Confirmed,Harbour View King,101,04/11/2024,09/11/2024,5,25/10/2024,Booking.com,92.09,460.45,69.07
HI-11649,Confirmed,Harbour View King,101,06/06/2026,08/06/2026,2,11/12/2025,direct,283.84,567.68,0.0
HI-11907,Confirmed,Garden Queen,105,14/08/2026,16/08/2026,2,30/07/2026,direct,287.34,574.68,0.0
HI-10819,Confirmed,Garden Queen,104,24/07/2025,29/07/2025,5,30/01/2025,Airbnb,167.1,835.5,25.06
HI-12007,Confirmed,Harbour View King,101,13/09/2026,15/09/2026,2,03/09/2026,direct,142.17,284.34,0.0
HI-10808,Confirmed,Garden Queen,106,21/07/2025,22/07/2025,1,12/07/2025,Airbnb,135.97,135.97,4.08
HI-10700,Confirmed,Harbour View King,103,22/06/2025,25/06/2025,3,06/06/2025,Booking.com,182.61,547.83,82.17
HI-11618,Confirmed,Harbour View King,103,28/05/2026,30/05/2026,2,25/05/2026,Expedia,145.55,291.1,63.9
HI-12008,Confirmed,Loft Suite,202,13/09/2026,15/09/2026,2,03/08/2026,Airbnb,195.1,390.2,11.71
HI-10960,Confirmed,Garden Queen,106,30/08/2025,03/09/2025,4,29/08/2025,Airbnb,280.51,1122.04,33.66
HI-11589,Confirmed,Loft Suite,201,19/05/2026,23/05/2026,4,09/05/2026,Expedia,137.06,548.22,120.34
HI-11360,Confirmed,Loft Suite,201,09/02/2026,12/02/2026,3,08/02/2026,booking.com,105.87,317.61,47.64
HI-11621,Confirmed,Harbour View King,101,29/05/2026,03/06/2026,5,09/04/2026,airbnb,217.69,1088.45,32.65
HI-12126,Confirmed,Garden Queen,104,03/12/2026,05/12/2026,2,13/09/2026,Booking.com,106.33,212.66,31.9
HI-11595,Confirmed,Harbour View King,103,21/05/2026,24/05/2026,3,11/05/2026,Booking.com,195.05,585.15,87.77
HI-10827,Confirmed,Garden Queen,105,26/07/2025,28/07/2025,2,13/07/2025,DIRECT,244.84,489.68,0.0
HI-10543,Confirmed,Harbour View King,103,14/05/2025,17/05/2025,3,08/01/2025,booking.com,144.89,434.67,65.2
HI-10439,Cancelled,Garden Queen,104,10/04/2025,12/04/2025,2,06/04/2025,Direct,150.58,301.16,0.0
HI-11239,Confirmed,Garden Queen,106,10/12/2025,12/12/2025,2,07/12/2025,Expedia,74.97,149.94,26.99
HI-11789,Confirmed,Harbour View King,101,14/07/2026,17/07/2026,3,16/06/2026,Expedia,147.21,441.64,96.95
HI-11833,Confirmed,Harbour View King,103,25/07/2026,27/07/2026,2,13/07/2026,Booking.com,307.82,615.64,92.35
HI-11991,Confirmed,Loft Suite,201,06/09/2026,07/09/2026,1,07/05/2026,DIRECT,180.26,180.26,0.0
HI-10935,Confirmed,Harbour View King,103,23/08/2025,24/08/2025,1,22/07/2025,Booking.com,307.57,307.57,46.14
HI-10097,Confirmed,Garden Queen,104,01/11/2024,02/11/2024,1,28/10/2024,Booking.com,102.67,102.67,15.4
HI-10755,Confirmed,Harbour View King,102,08/07/2025,10/07/2025,2,20/06/2025,BOOKING.COM,209.57,419.14,62.87
HI-10609,Confirmed,Garden Queen,106,01/06/2025,02/06/2025,1,04/04/2025,AIRBNB,171.73,171.73,5.15
HI-10768,Cancelled,Loft Suite,201,11/07/2025,13/07/2025,2,08/03/2025,Expedia,431.76,863.52,155.43
HI-10993,Cancelled,Garden Queen,106,10/09/2025,11/09/2025,1,23/08/2025,Direct,104.44,104.44,0.0
HI-12045,Cancelled,Harbour View King,103,27/09/2026,28/09/2026,1,22/09/2026,Booking.com,138.14,138.14,20.72
HI-10191,Confirmed,Harbour View King,102,15/12/2024,18/12/2024,3,03/12/2024,Airbnb,104.0,312.0,9.36
HI-11830,Confirmed,Garden Queen,105,24/07/2026,26/07/2026,2,27/02/2026,direct,282.97,565.94,0.0
HI-10086,Confirmed,Loft Suite,202,27/10/2024,31/10/2024,4,02/10/2024,Booking.com,191.95,767.8,115.17
HI-10011,Confirmed,Harbour View King,101,04/10/2024,07/10/2024,3,24/09/2024,DIRECT,188.92,566.76,0.0
HI-10913,Confirmed,Harbour View King,102,18/08/2025,21/08/2025,3,02/08/2025,Direct,175.52,526.56,0.0
HI-10855,Confirmed,Harbour View King,102,03/08/2025,04/08/2025,1,29/07/2025,Booking.com,193.76,193.76,29.06
HI-11878,Confirmed,Garden Queen,105,06/08/2026,08/08/2026,2,23/07/2026,Airbnb,201.7,403.4,12.1
HI-10464,Confirmed,Harbour View King,102,18/04/2025,20/04/2025,2,12/04/2025,booking.com,166.37,332.74,49.91
HI-11941,Confirmed,Loft Suite,202,23/08/2026,27/08/2026,4,28/06/2026,booking.com,293.27,1173.08,175.96
HI-10124,Confirmed,Loft Suite,201,15/11/2024,18/11/2024,3,14/11/2024,Airbnb,202.77,608.31,18.25
HI-11868,Confirmed,Loft Suite,202,03/08/2026,05/08/2026,2,15/07/2026,Airbnb,420.84,420.84,12.63
HI-11338,Confirmed,Garden Queen,105,25/01/2026,26/01/2026,1,05/01/2026,DIRECT,96.85,96.85,0.0
HI-11619,Confirmed,Garden Queen,106,28/05/2026,29/05/2026,1,05/04/2026,Direct,147.6,147.6,0.0
HI-11405,Confirmed,Garden Queen,105,27/02/2026,01/03/2026,2,19/02/2026,Booking.com,144.9,289.8,43.47
HI-10267,Confirmed,Loft Suite,202,21/01/2025,23/01/2025,2,12/01/2025,Airbnb,124.86,249.72,7.49
HI-10192,Cancelled,Harbour View King,103,15/12/2024,17/12/2024,2,13/12/2024,Direct,88.85,177.7,0.0
HI-10578,Confirmed,Loft Suite,202,24/05/2025,26/05/2025,2,10/05/2025,direct,280.74,561.48,0.0
HI-10471,Confirmed,Harbour View King,101,20/04/2025,23/04/2025,3,07/04/2025,Expedia,150.19,450.57,81.1
HI-11839,Confirmed,Harbour View King,101,27/07/2026,29/07/2026,2,15/07/2026,Airbnb,184.71,369.42,11.08
HI-10759,Confirmed,Garden Queen,106,09/07/2025,10/07/2025,1,28/06/2025,Booking.com,147.55,147.55,22.13
HI-11850,Confirmed,Garden Queen,104,30/07/2026,02/08/2026,3,28/06/2026,Airbnb,192.79,578.37,17.35
HI-10657,Confirmed,Garden Queen,104,12/06/2025,15/06/2025,3,26/12/2024,expedia,203.03,609.09,109.64
HI-11120,Confirmed,Harbour View King,102,19/10/2025,22/10/2025,3,03/10/2025,Direct,155.58,466.74,0.0
HI-11561,Confirmed,Garden Queen,106,11/05/2026,14/05/2026,3,02/05/2026,Booking.com,108.83,326.49,48.97
HI-11740,Confirmed,Loft Suite,202,30/06/2026,02/07/2026,2,23/06/2026,Airbnb,244.55,489.1,14.67
HI-10084,Confirmed,Garden Queen,104,27/10/2024,31/10/2024,4,10/05/2024,Booking.com,105.43,421.72,63.26
HI-11213,Confirmed,Garden Queen,105,27/11/2025,29/11/2025,2,17/11/2025,Airbnb,108.8,217.6,6.53
HI-11841,Confirmed,Garden Queen,105,27/07/2026,29/07/2026,2,18/07/2026,Booking.com,157.53,315.06,47.26
HI-11586,Confirmed,Loft Suite,201,18/05/2026,19/05/2026,1,15/05/2026,Booking.com,175.19,175.19,26.28
HI-10498,Confirmed,Loft Suite,202,29/04/2025,01/05/2025,2,25/03/2025,Booking.com,155.08,310.16,46.52
HI-12117,Confirmed,Garden Queen,105,30/10/2026,01/11/2026,2,18/08/2026,Direct,195.1,390.2,0.0
HI-12052,Confirmed,Garden Queen,106,29/09/2026,30/09/2026,1,05/08/2026,expedia,109.84,109.84,24.11
HI-11079,Confirmed,Loft Suite,201,05/10/2025,08/10/2025,3,26/09/2025,Booking.com,172.58,517.74,77.66
HI-10636,Confirmed,Harbour View King,102,07/06/2025,12/06/2025,5,27/05/2025,booking.com,293.5,1467.5,220.12
HI-11172,Confirmed,Harbour View King,103,08/11/2025,12/11/2025,4,05/11/2025,booking.com,118.71,474.84,71.23
HI-11002,Confirmed,Harbour View King,101,13/09/2025,16/09/2025,3,31/08/2025,Expedia,177.13,531.39,95.65
HI-11035,Confirmed,Harbour View King,103,22/09/2025,24/09/2025,2,09/09/2025,Booking.com,134.11,268.22,40.23
HI-10399,Confirmed,Harbour View King,102,26/03/2025,29/03/2025,3,18/03/2025,Booking.com,109.58,328.74,49.31
HI-10255,Confirmed,Garden Queen,105,15/01/2025,17/01/2025,2,11/01/2025,Airbnb,71.8,143.6,4.31
HI-11573,Confirmed,Harbour View King,102,15/05/2026,16/05/2026,1,16/02/2026,Booking.com,216.42,216.42,32.46
HI-10492,Confirmed,Harbour View King,102,27/04/2025,28/04/2025,1,14/04/2025,Airbnb,131.59,131.59,3.95
HI-10216,Confirmed,Garden Queen,104,27/12/2024,31/12/2024,4,16/12/2024,Airbnb,138.54,554.16,16.62
HI-11158,Confirmed,Harbour View King,103,01/11/2025,04/11/2025,3,30/10/2025,Direct,124.03,372.09,0.0
HI-11931,Cancelled,Loft Suite,201,20/08/2026,23/08/2026,3,17/07/2026,Booking.com,298.82,896.46,134.47
HI-10317,Confirmed,Garden Queen,104,10/02/2025,11/02/2025,1,20/09/2024,Booking.com,93.17,93.17,13.98
HI-10457,Confirmed,Harbour View King,103,15/04/2025,17/04/2025,2,21/01/2025,Expedia,153.16,306.32,55.14
HI-12050,Confirmed,Harbour View King,101,29/09/2026,01/10/2026,2,20/09/2026,Booking.com,138.02,276.04,41.41
HI-10728,Confirmed,Garden Queen,106,01/07/2025,04/07/2025,3,09/06/2025,Direct,167.09,501.27,0.0
HI-10890,Confirmed,Garden Queen,106,13/08/2025,16/08/2025,3,03/08/2025,Booking.com,131.94,395.82,59.37
HI-10615,Confirmed,Loft Suite,202,02/06/2025,04/06/2025,2,28/05/2025,Booking.com,231.37,462.74,69.41
HI-10507,Confirmed,Harbour View King,101,02/05/2025,06/05/2025,4,18/04/2025,Booking.com,194.45,777.8,116.67
HI-11025,Confirmed,Loft Suite,202,19/09/2025,21/09/2025,2,01/09/2025,Booking.com,259.26,518.52,77.78
HI-11223,Confirmed,Garden Queen,106,02/12/2025,04/12/2025,2,21/11/2025,Direct,71.65,143.3,0.0
HI-11723,Confirmed,Harbour View King,103,26/06/2026,28/06/2026,2,19/06/2026,Direct,300.69,601.38,0.0
HI-11630,Confirmed,Loft Suite,201,31/05/2026,03/06/2026,3,17/05/2026,Direct,178.67,536.01,0.0
HI-11262,Confirmed,Harbour View King,103,20/12/2025,21/12/2025,1,13/12/2025,Booking.com,160.54,160.54,24.08
HI-11367,Confirmed,Harbour View King,103,12/02/2026,14/02/2026,2,05/02/2026,Direct,127.3,254.6,0.0
HI-11245,Confirmed,Harbour View King,101,14/12/2025,16/12/2025,2,12/12/2025,direct,81.7,163.4,0.0
HI-10722,Confirmed,Harbour View King,103,30/06/2025,03/07/2025,3,21/06/2025,Airbnb,168.17,504.51,15.14
HI-10925,Confirmed,Garden Queen,104,21/08/2025,22/08/2025,1,31/03/2025,Airbnb,200.31,200.31,6.01
HI-11290,Confirmed,Garden Queen,106,30/12/2025,01/01/2026,2,30/12/2025,Airbnb,71.63,143.26,4.3
HI-11834,Confirmed,Garden Queen,104,25/07/2026,26/07/2026,1,27/06/2026,direct,261.0,261.0,0.0
HI-12134,Confirmed,Harbour View King,101,18/12/2026,20/12/2026,2,09/09/2026,Airbnb,160.16,320.32,9.61
HI-11056,Cancelled,Harbour View King,102,28/09/2025,03/10/2025,5,13/09/2025,Airbnb,156.89,784.45,23.53
HI-10321,Confirmed,Harbour View King,101,12/02/2025,14/02/2025,2,29/01/2025,Airbnb,84.82,169.64,5.09
HI-11927,Confirmed,Harbour View King,101,19/08/2026,21/08/2026,2,19/06/2026,airbnb,172.69,345.38,10.36
HI-10911,Confirmed,Garden Queen,106,17/08/2025,18/08/2025,1,24/06/2025,Booking.com,210.37,210.37,31.56
HI-11006,Confirmed,Loft Suite,201,13/09/2025,14/09/2025,1,11/09/2025,Direct,251.67,251.67,0.0
HI-11162,Confirmed,Harbour View King,101,05/11/2025,07/11/2025,2,03/11/2025,Booking.com,77.02,154.04,23.11
HI-10094,Cancelled,Harbour View King,102,31/10/2024,04/11/2024,4,26/10/2024,Booking.com,201.9,807.6,121.14
HI-11351,Confirmed,Harbour View King,103,04/02/2026,06/02/2026,2,18/08/2025,Booking.com,95.52,191.04,28.66
HI-10931,Confirmed,Garden Queen,104,22/08/2025,24/08/2025,2,27/06/2025,Expedia,253.28,506.56,91.18
HI-10717,Confirmed,Garden Queen,106,28/06/2025,30/06/2025,2,15/04/2025,Airbnb,297.32,594.64,17.84
HI-10463,Confirmed,Harbour View King,101,18/04/2025,20/04/2025,2,05/04/2025,Booking.com,199.89,399.78,59.97
HI-11602,Confirmed,Garden Queen,104,23/05/2026,27/05/2026,4,17/05/2026,Direct,204.69,818.76,0.0
HI-12075,Confirmed,Harbour View King,102,06/10/2026,09/10/2026,3,16/09/2026,Airbnb,146.41,439.23,13.18
HI-11221,Confirmed,Garden Queen,104,30/11/2025,02/12/2025,2,25/11/2025,expedia,84.85,169.7,30.55
HI-12092,Confirmed,Harbour View King,103,14/10/2026,17/10/2026,3,24/09/2026,Direct,139.33,417.99,0.0
HI-11150,Confirmed,Garden Queen,105,30/10/2025,01/11/2025,2,08/10/2025,Airbnb,173.59,347.18,10.42
HI-10924,Confirmed,Harbour View King,103,21/08/2025,23/08/2025,2,11/08/2025,airbnb,228.81,457.62,13.73
HI-10430,Cancelled,Loft Suite,201,07/04/2025,08/04/2025,1,24/03/2025,Direct,174.76,174.76,0.0
HI-10414,Confirmed,Harbour View King,101,01/04/2025,02/04/2025,1,29/03/2025,Expedia,129.32,129.32,23.28
HI-10637,Confirmed,Harbour View King,103,07/06/2025,10/06/2025,3,11/03/2025,Expedia,306.71,920.13,165.62
HI-10524,Confirmed,Garden Queen,106,08/05/2025,10/05/2025,2,15/12/2024,DIRECT,138.44,276.88,0.0
HI-11427,Confirmed,Loft Suite,201,12/03/2026,14/03/2026,2,28/12/2025,Direct,145.47,290.94,0.0
HI-10996,Confirmed,Garden Queen,106,11/09/2025,12/09/2025,1,13/06/2025,Booking.com,154.25,154.25,23.14
HI-10878,Confirmed,Harbour View King,103,09/08/2025,12/08/2025,3,13/07/2025,Booking.com,272.12,816.36,122.45
HI-10799,Confirmed,Harbour View King,102,19/07/2025,21/07/2025,2,05/07/2025,airbnb,261.51,523.02,15.69
HI-10359,Confirmed,Harbour View King,101,03/03/2025,05/03/2025,2,19/02/2025,Booking.com,97.76,195.52,29.33
HI-10879,Confirmed,Garden Queen,105,09/08/2025,11/08/2025,2,02/08/2025,Booking.com,238.84,477.68,71.65
HI-11353,Confirmed,Harbour View King,102,05/02/2026,06/02/2026,1,30/01/2026,Booking.com,105.37,105.37,15.81
HI-11022,Confirmed,Harbour View King,102,18/09/2025,20/09/2025,2,12/08/2025,Direct,168.81,337.62,0.0
HI-10771,Confirmed,Garden Queen,104,12/07/2025,15/07/2025,3,23/06/2025,Booking.com,212.64,637.92,95.69
HI-10988,Confirmed,Garden Queen,104,09/09/2025,10/09/2025,1,15/08/2025,Direct,111.74,111.74,0.0
HI-10561,Confirmed,Garden Queen,104,19/05/2025,22/05/2025,3,11/03/2025,Airbnb,119.41,358.23,10.75
HI-11089,Confirmed,Garden Queen,105,10/10/2025,13/10/2025,3,15/05/2025,Direct,200.98,602.94,0.0
HI-10159,Confirmed,Harbour View King,103,30/11/2024,02/12/2024,2,22/11/2024,Airbnb,151.57,303.14,9.09
HI-11261,Confirmed,Harbour View King,101,20/12/2025,22/12/2025,2,13/12/2025,Direct,151.84,303.68,0.0
HI-11806,Confirmed,Harbour View King,102,18/07/2026,20/07/2026,2,13/07/2026,airbnb,319.0,638.0,19.14
HI-11651,Confirmed,Harbour View King,103,06/06/2026,09/06/2026,3,23/05/2026,Booking.com,295.13,885.39,132.81
HI-10365,Confirmed,Garden Queen,105,07/03/2025,10/03/2025,3,03/03/2025,Airbnb,127.38,382.14,11.46
HI-10484,Confirmed,Harbour View King,101,25/04/2025,26/04/2025,1,14/04/2025,Booking.com,196.12,196.12,29.42
HI-10144,Confirmed,Harbour View King,102,24/11/2024,29/11/2024,5,19/11/2024,Expedia,118.23,591.15,106.41
HI-10237,Confirmed,Harbour View King,101,05/01/2025,08/01/2025,3,28/12/2024,Direct,90.84,272.52,0.0
HI-10220,Confirmed,Harbour View King,103,28/12/2024,31/12/2024,3,21/09/2024,Expedia,164.44,493.32,88.8
HI-12121,Confirmed,Garden Queen,106,10/11/2026,11/11/2026,1,09/06/2026,Direct,72.06,72.06,0.0
HI-10426,Confirmed,Loft Suite,201,06/04/2025,10/04/2025,4,14/10/2024,Booking.com,165.84,663.36,99.5
HI-10747,Confirmed,Garden Queen,106,06/07/2025,07/07/2025,1,09/04/2025,expedia,177.38,177.38,31.93
HI-11995,Confirmed,Garden Queen,104,09/09/2026,10/09/2026,1,13/08/2026,Booking.com,109.78,109.78,16.47
HI-10072,Confirmed,Loft Suite,202,24/10/2024,25/10/2024,1,22/10/2024,Expedia,219.91,219.91,39.58
HI-10374,Confirmed,Loft Suite,201,11/03/2025,14/03/2025,3,06/03/2025,expedia,101.55,304.65,54.84
HI-10351,Confirmed,Harbour View King,101,28/02/2025,02/03/2025,2,23/02/2025,Direct,161.39,322.78,0.0
HI-10402,Confirmed,Garden Queen,105,28/03/2025,29/03/2025,1,17/03/2025,Booking.com,132.9,132.9,19.93
HI-12020,Confirmed,Garden Queen,105,18/09/2026,19/09/2026,1,11/09/2026,Booking.com,173.3,173.3,26.0
HI-11364,Confirmed,Garden Queen,106,11/02/2026,16/02/2026,5,21/10/2025,Direct,88.79,443.95,0.0
HI-11550,Confirmed,Loft Suite,202,07/05/2026,09/05/2026,2,20/04/2026,Booking.com,233.34,466.68,70.0
HI-11462,Confirmed,Loft Suite,201,06/04/2026,07/04/2026,1,07/01/2026,Direct,188.12,188.12,0.0
HI-10130,Confirmed,Garden Queen,104,17/11/2024,18/11/2024,1,15/11/2024,Direct,82.15,82.15,0.0
HI-11225,Confirmed,Harbour View King,103,04/12/2025,05/12/2025,1,21/11/2025,Booking.com,103.37,103.37,15.51
HI-12111,Confirmed,Garden Queen,105,24/10/2026,27/10/2026,3,16/09/2026,Direct,194.47,583.41,0.0
HI-11866,Confirmed,Harbour View King,102,03/08/2026,06/08/2026,3,14/07/2026,Direct,218.21,654.63,0.0
HI-11514,Confirmed,Loft Suite,201,23/04/2026,27/04/2026,4,27/02/2026,Booking.com,194.47,777.88,116.68
HI-10067,Confirmed,Garden Queen,105,23/10/2024,24/10/2024,1,02/07/2024,airbnb,126.43,126.43,3.79
HI-11084,Confirmed,Harbour View King,101,08/10/2025,11/10/2025,3,16/05/2025,Booking.com,116.76,350.28,52.54
HI-10677,Confirmed,Loft Suite,201,16/06/2025,18/06/2025,2,07/05/2025,Booking.com,234.83,469.66,70.45
HI-11279,Cancelled,Loft Suite,202,26/12/2025,27/12/2025,1,18/12/2025,Expedia,222.45,222.45,40.04
HI-10431,Confirmed,Loft Suite,202,07/04/2025,09/04/2025,2,31/03/2025,Booking.com,158.23,316.46,47.47
HI-10573,Confirmed,Garden Queen,105,23/05/2025,25/05/2025,2,12/05/2025,Direct,192.57,385.14,0.0
HI-12033,Confirmed,Garden Queen,104,23/09/2026,25/09/2026,2,12/09/2026,booking.com,117.46,234.92,35.24
HI-11045,Confirmed,Harbour View King,102,25/09/2025,27/09/2025,2,16/09/2025,Expedia,147.01,294.02,52.92
HI-10135,Confirmed,Garden Queen,105,21/11/2024,24/11/2024,3,21/11/2024,booking.com,89.8,269.4,40.41
HI-10345,Confirmed,Garden Queen,104,24/02/2025,27/02/2025,3,21/02/2025,Direct,70.94,212.82,0.0
HI-12064,Confirmed,Loft Suite,202,02/10/2026,03/10/2026,1,03/09/2026,Booking.com,289.54,289.54,43.43
HI-10821,Confirmed,Loft Suite,202,24/07/2025,25/07/2025,1,05/07/2025,Booking.com,317.3,317.3,47.6
HI-11112,Confirmed,Loft Suite,202,16/10/2025,19/10/2025,3,13/10/2025,airbnb,201.85,605.55,18.17
HI-10200,Confirmed,Harbour View King,103,19/12/2024,20/12/2024,1,16/12/2024,AIRBNB,103.84,103.84,3.12
HI-10775,Confirmed,Harbour View King,102,13/07/2025,15/07/2025,2,30/06/2025,Booking.com,214.55,429.1,64.36
HI-10123,Confirmed,Garden Queen,106,15/11/2024,18/11/2024,3,07/11/2024,Expedia,107.33,321.99,57.96
HI-12006,Confirmed,Garden Queen,106,12/09/2026,14/09/2026,2,14/08/2026,Booking.com,183.26,366.52,54.98
HI-11193,Confirmed,Loft Suite,201,17/11/2025,20/11/2025,3,04/11/2025,airbnb,122.65,367.95,11.04
HI-10525,Confirmed,Loft Suite,201,08/05/2025,11/05/2025,3,23/04/2025,Booking.com,228.58,685.74,102.86
HI-11345,Confirmed,Harbour View King,103,30/01/2026,01/02/2026,2,27/01/2026,Booking.com,150.74,301.48,45.22
HI-10241,Confirmed,Garden Queen,105,07/01/2025,11/01/2025,4,28/12/2024,Direct,80.96,323.84,0.0
HI-11953,Confirmed,Harbour View King,103,27/08/2026,29/08/2026,2,24/08/2026,Direct,242.21,484.42,0.0
HI-10120,Confirmed,Harbour View King,102,15/11/2024,18/11/2024,3,09/11/2024,Booking.com,159.6,478.8,71.82
HI-11393,Confirmed,Harbour View King,102,24/02/2026,28/02/2026,4,18/11/2025,Airbnb,96.74,386.96,11.61
HI-11144,Confirmed,Harbour View King,102,28/10/2025,31/10/2025,3,04/10/2025,Booking.com,151.42,454.26,68.14
HI-11133,Confirmed,Loft Suite,201,24/10/2025,26/10/2025,2,06/10/2025,Booking.com,280.95,561.9,84.28
HI-10132,Confirmed,Garden Queen,105,18/11/2024,20/11/2024,2,11/09/2024,Booking.com,93.25,186.5,27.98
HI-10269,Confirmed,Loft Suite,201,22/01/2025,24/01/2025,2,12/01/2025,Direct,139.98,279.96,0.0
HI-10210,Confirmed,Garden Queen,106,24/12/2024,27/12/2024,3,23/12/2024,Direct,58.2,174.6,0.0
HI-12072,Confirmed,Harbour View King,101,05/10/2026,07/10/2026,2,12/09/2026,Booking.com,149.28,298.56,44.78
HI-10687,Cancelled,Loft Suite,201,18/06/2025,20/06/2025,2,03/05/2025,Booking.com,231.54,463.08,69.46
HI-10526,Confirmed,Loft Suite,202,08/05/2025,11/05/2025,3,26/04/2025,expedia,227.68,683.04,122.95
HI-11640,Confirmed,Garden Queen,106,03/06/2026,05/06/2026,2,23/03/2026,Airbnb,185.96,371.92,11.16
HI-11228,Confirmed,Garden Queen,106,05/12/2025,07/12/2025,2,29/11/2025,Booking.com,139.22,278.44,41.77
HI-10697,Confirmed,Harbour View King,102,21/06/2025,22/06/2025,1,07/06/2025,Direct,250.28,250.28,0.0
HI-10831,Confirmed,Garden Queen,105,28/07/2025,01/08/2025,4,17/05/2025,airbnb,168.28,673.12,20.19
HI-12041,Confirmed,Garden Queen,106,25/09/2026,26/09/2026,1,03/09/2026,EXPEDIA,158.25,158.25,34.74
HI-10071,Confirmed,Garden Queen,106,24/10/2024,27/10/2024,3,01/09/2024,airbnb,143.15,429.45,12.88
HI-10121,Confirmed,Harbour View King,103,15/11/2024,18/11/2024,3,08/11/2024,Booking.com,132.82,398.46,59.77
HI-11848,Confirmed,Loft Suite,202,29/07/2026,31/07/2026,2,12/06/2026,Booking.com,232.3,464.6,69.69
HI-11963,Confirmed,Garden Queen,106,29/08/2026,31/08/2026,2,21/08/2026,Airbnb,251.11,502.22,15.07
HI-10862,Confirmed,Loft Suite,201,04/08/2025,05/08/2025,1,24/07/2025,Booking.com,235.41,235.41,35.31
HI-11754,Confirmed,Garden Queen,105,04/07/2026,06/07/2026,2,08/03/2026,Booking.com,260.21,520.42,78.06
HI-11886,Confirmed,Garden Queen,104,08/08/2026,10/08/2026,2,13/07/2026,direct,252.86,505.72,0.0
HI-11987,Confirmed,Harbour View King,103,05/09/2026,07/09/2026,2,23/08/2026,Airbnb,170.65,341.3,10.24
HI-11969,Confirmed,Harbour View King,102,31/08/2026,02/09/2026,2,17/08/2026,Airbnb,188.4,376.8,11.3
HI-11756,Confirmed,Harbour View King,102,06/07/2026,09/07/2026,3,28/06/2026,Expedia,155.09,465.26,102.13
HI-11757,Confirmed,Harbour View King,103,06/07/2026,09/07/2026,3,07/05/2026,Direct,195.39,586.17,0.0
HI-11449,Confirmed,Loft Suite,202,31/03/2026,02/04/2026,2,21/03/2026,booking.com,118.78,237.56,35.63
HI-11102,Confirmed,Loft Suite,201,13/10/2025,15/10/2025,2,08/10/2025,Expedia,177.19,354.38,63.79
HI-10804,Confirmed,Loft Suite,202,20/07/2025,21/07/2025,1,12/07/2025,DIRECT,243.43,243.43,0.0
HI-11934,Confirmed,Garden Queen,105,21/08/2026,26/08/2026,5,03/08/2026,Direct,223.18,1115.9,0.0
HI-10232,Confirmed,Harbour View King,102,04/01/2025,06/01/2025,2,23/12/2024,Airbnb,133.81,267.62,8.03
HI-11416,Confirmed,Harbour View King,103,06/03/2026,08/03/2026,2,05/03/2026,Airbnb,129.98,259.96,7.8
HI-11798,Confirmed,Harbour View King,103,16/07/2026,18/07/2026,2,25/06/2026,Booking.com,262.0,524.0,78.6
HI-11199,Confirmed,Loft Suite,201,20/11/2025,21/11/2025,1,13/11/2025,Direct,149.46,149.46,0.0
HI-11998,Confirmed,Harbour View King,101,10/09/2026,12/09/2026,2,26/07/2026,Direct,164.96,329.92,0.0
